image_id,x,y,w,h,vehicle_id,camera_id
e35f8a1e83ee4da3923d28a54c728868,904,264,516,439,1477,89
b90c82fcf7e24b46a7d230e7779ec854,909,243,516,445,1477,89
9fc851336c4142e588956b5414d01f9a,175,311,642,495,1477,90
38d86d7aa16f4021b8ae859e49c2782d,948,245,474,443,1477,89
782b3cfabdfb4249b585ab7119c63c36,1037,452,882,487,1477,43
9c611d9a9fd24f0c9ab0343acb2b1d0c,176,300,661,497,1477,90
8e478fe28d3a40c8ad637bf8bd0be86a,402,52,1264,740,1477,43
335cfe3f89f24d638a9f8e5509cc01ef,380,354,548,365,160,89
03b1f6e648224b08b33dea63ac114e7f,793,0,496,665,160,9
be92c80fca1f470e997ee31ab4c8f845,578,437,755,445,160,90
99de2063b1784ae5b3829c7c982824fa,579,433,752,447,160,90
08dbb417f1fb44c18b8de2a01b9a2bf0,379,357,549,362,160,89
a2c97335f33f4154a0b2bff59aed029b,380,345,548,374,160,89
59c09511837047c88783cdf04199ef2a,102,124,1251,730,397,74
64a7b342e5654ac38e16ab1cc2d58037,630,454,550,474,397,33
e7d814eac03f47d595efa11234aae5cb,629,452,518,469,397,33
623fc4c29e1149768b83ba2c4d014b4d,628,454,521,472,397,33
9ac20822390244c19b4f44fae8fbd85c,932,89,243,210,106,42
f1d561f8d5cd421f9f2e6d0ffc605e1f,932,88,240,210,106,42
bef6ba2b3cb0436da5a17766bc9eb762,535,413,719,398,106,46
e9ca3d5ba5b24e519ebd363210422acc,535,414,720,394,106,46
46c988eefbac489a80cbe8975086e6c3,142,441,629,403,928,89
b8a30a520bed491bb3147208519ae8f6,1111,498,648,352,928,90
4234d7c91f814372a8da8633f9ed7ba7,143,441,627,388,928,89
ada9e89560ca4022b90625ce1239a5b5,141,439,628,388,928,89
7b2c760b1e2a426593189955e3974176,1119,427,640,469,928,90
05d9ddb9799143b49b6650a4a0b66cdb,748,334,449,470,928,90
fb2ef7a6ce5c4616b1753994854259d8,165,217,1019,521,238,43
9743703b56e0442786d2edcc2afc9063,974,414,945,513,238,90
6171986b4aa24f24a83bfc046a952033,1344,350,575,563,238,43
fbaef4353dc44881b42d894235ee09d2,967,419,951,517,238,90
d12c1e28e5314902a4d12ec257a077d2,531,338,921,540,238,43
38ce9d8e362d4121bc78d00494e41bfb,530,150,742,823,222,28
31b0727365f04e49b6bfee402c9a33a9,531,151,739,823,222,28
1744019fae3a4faa840563bd3083d811,555,313,587,678,222,92
db237ca40c474ea085a323669a5cf73a,527,157,745,814,222,28
9ab5b9e5ad5649bdb92628ca6c26a89e,554,313,596,675,222,92
013f861dfb8f4628b21d890d044f4f72,551,314,593,675,222,92
9742a76122c94a9d98aec1607e00ffbd,904,277,559,559,1299,89
ea172bf600d8492bbac629bf51b87d61,230,292,793,514,1299,90
4614780623b14dc5ae947b2c225d8219,906,290,557,543,1299,89
473a187ff44443f8a3492c3f36601959,235,230,793,514,1299,90
065b1e1ae9894aa98df9ec0f2803621a,233,230,792,515,1299,90
213f1b82b15a4675966f9d9e28643284,905,276,557,558,1299,89
958f72c61a5a449c90107e9cf643d67d,12,208,768,485,294,10
dc1b0d05d03d4430a9cb0a02a3614553,717,345,588,400,294,54
0e865cc057074d14b13a92416727e020,716,344,589,402,294,54
6a3858f6e495430c8c70c7bee34a2454,13,199,766,493,294,10
63f0ca70f7364582bbc9838e30188512,11,205,768,485,294,10
b4afca198d5742ff936f88ca6dbf6066,757,529,864,497,488,81
d9c53691e52b48d89c8a084a2b2b8d1d,758,538,862,488,488,81
5a3b53cdc8044133ba86c6febc372440,529,424,661,521,488,91
65610b9ce7524f44b28f3205e73e6fc5,759,537,861,488,488,81
a20d7ebd03784407be6c31012611177d,528,424,665,523,488,91
189dc7cb80634563b726c34043306480,108,282,1242,666,488,54
45045370af73405dbeabd5b55f70be65,101,284,1243,612,488,54
021b1f5e4f3d4ed4ad4e6aeb993977ed,508,422,685,522,488,91
5b50a508e6484e1e9cad2fd2231ba7ed,396,323,556,394,94,89
6c0fa2da477842b3851e0f616da4b741,444,320,508,390,94,89
97a69fd3d3fc480d84241dd3a8075225,651,297,724,571,94,90
c0a35bfb48c544bbac3d0adaf8e43264,651,292,711,574,94,90
5e9af4c38ed04ee98e566eb0c6f2abfd,465,303,509,390,94,89
85f4e22892ad4f068e6aa259992b1907,652,294,713,572,94,90
92b631822cd740ce90ce92525787a804,178,28,623,569,1334,92
b95aa020fd3f436ebca91083114331b3,177,28,638,566,1334,92
6202ed87e0fa4948917a86f62fd9c8ac,307,338,682,581,1334,90
2d8cdce187a241a78d3bf1a9e8bbb4e5,308,336,682,584,1334,90
8f19f019ff3b4df090129a0249639a2d,308,337,682,582,1334,90
c0c13d146e1b4b35a415096409ba35ed,175,34,632,562,1334,92
05db6b22be344ad09199447a87af3895,0,140,875,590,568,43
3081ace1e9784f56afb67bde0f590cae,752,429,656,393,568,61
005653d5450545bda6a7958ad2ce5a79,1149,395,508,323,568,12
4988b52510644d3ebbe1e0d7ac756261,56,291,1236,527,568,43
6ee0d1473f314651a6c43118d16fb3de,1150,400,510,319,568,12
a92f0696ff424b69a999092560a04345,669,408,768,448,568,27
71849c779f5f4e0c81fc0a200dadcde4,757,421,664,401,568,61
218606f3544f4957a91405de82374eb5,672,400,767,450,568,27
ce4fb3da02594d349ec4120552364221,680,365,620,470,780,89
3a3e487903ba4c34aa9fdbe3c2d2a97c,611,476,619,403,780,90
0945b8562f8c455893be447613e746ea,681,367,620,467,780,89
d2c830c5bb1444d5a05518f5b238305d,619,478,613,400,780,90
a919d4f8d85d48bfb9cace7099dcae45,678,357,623,476,780,89
6885af571a9842b19f1a6b4e9432a4ee,611,473,616,424,780,90
63847fc2f24a4e51a42090f928132439,652,288,837,502,470,90
ab2ff23a2775424ab6d6da282956e28b,614,395,741,409,470,89
f0d9af5f8e3e4a56871198b4d3879c3a,651,430,703,378,470,89
b0e73b3c0f7442178c16808f5a653584,657,287,832,504,470,90
2d77125a046b4c6facd797edce174521,653,287,834,502,470,90
311372c865bd4fd5a24cd903cf998885,755,272,829,498,544,90
dd645815090341c28ecdbe00a429d52e,463,187,772,656,544,89
695aad53bea64072aa79f938f6d6a986,978,194,808,636,544,90
ea0e0ce66ad24e83b230beebc7735a0e,346,197,889,658,544,89
5bbc53fa341f4cd6a09587314dd1058e,458,183,775,660,544,89
adedfc30041246bcb824aa722889bfdf,978,191,822,639,544,90
8acd3a6a4a9d445da2c1c052a0584783,335,0,716,728,68,79
590a155d640a4e9eb39021dd3b3483eb,306,171,817,909,68,71
075691e3211b45548c5c3e2be5b9d0f9,278,177,844,903,68,71
772784a0a35d47d8a856adb077e862ab,140,301,787,779,68,2
6164de44fe634f41930c5944f25798fc,312,191,875,889,68,71
4642555bd2ed4153ba4011a60df21ada,481,0,727,573,68,48
1d1dea3878cb44c4b32acf01c650b9e3,141,298,778,782,68,2
140c8b2091544f7f94b2c22666a08f17,484,0,724,577,68,48
f0fb7abab5ee4c979b0596d394fa3169,492,361,706,356,953,43
8ded18787e674f9e9b27dffa935829dd,795,481,845,312,953,90
f3066b470a2c4d27a1d14648782be993,492,334,705,356,953,43
5147bedc824d487eb70ba45cbe4c07b2,493,334,705,355,953,43
db9851a42e4e413385cf947bd6077f54,654,208,529,663,778,89
22f208f4299a49599da4167acadd3a69,99,239,757,469,778,94
2a183575a1b9472fbe12171ce8147c86,933,48,747,852,778,33
632e769740dc41a7bf87d5bfd88afd4d,144,441,961,528,778,11
ae0ebbc788724468b9501a7fca3febaf,581,332,659,748,778,13
607647c47e674e9a966d3099af6cf9ab,144,441,961,528,778,11
10e35c932cb94867aeef9877c0497586,735,0,448,319,778,36
2fb579a8894b4989aa7846aa5e9dc76c,145,439,960,531,778,11
30a1053f24be473eb2a86b7125689855,82,549,578,381,78,90
db71e7d6d5e84df88d947eb8e157c70f,1384,364,534,464,78,43
cfcbf7df946d44069d1c1ef6ec4f0d6b,1386,365,533,461,78,43
66ad8a219bee4571a3568dba8ec91f93,1,541,660,384,78,90
2cfcef5918fb4a84a92290bcbcfd19cf,1388,362,531,464,78,43
752bd92f408e4a5d9a07429dfb267c59,0,547,658,381,78,90
1892d5e41fdf4443a9a39cb06238906e,1,330,513,376,113,89
c65434f1b2074a5caf649a13792d8c74,0,332,515,374,113,89
e3cf16f7d01f4f70baef3970bba4a3a5,1161,356,585,571,113,90
2b62b2e1a5eb4845b0d65ca021da1989,0,330,514,376,113,89
c52d922508f1417b94aca863e37fedbf,1160,353,586,573,113,90
c30b7b373fa5407cafbec7218d2dab0a,1160,356,585,574,113,90
2c532fd800dc4fcf96651c0ce0cc07ed,0,588,595,380,431,90
00a6d0a912e544518caa247a461a2391,1496,445,423,386,431,43
4b1e609c95964182924784a23cd3df2a,1491,441,428,378,431,43
0b18f806cde7476eb5930175aaa23579,1492,481,427,380,431,43
a8ce12a245384477a45b5f55c23e877f,611,413,813,443,431,92
73c6608e69084b629f6284cfeedc1683,0,592,594,379,431,90
b3cff8e5ba8043d48153c3d3aaa1e5d9,612,411,812,445,431,92
6f631152109349c58f2f3bfadb69a87c,611,411,809,443,431,92
b663d04cbba1459e91f485521d7b9582,368,105,452,449,1527,40
542fa4f51dda476bad6b0f77cdf03be3,132,459,908,516,1527,11
3d37812f45754ac8ba8bd0683fb87f91,366,103,453,452,1527,40
3b54aa0d64dc4176be41316a7a81db57,132,459,909,518,1527,11
16cd485fc18a4ea2a1055b34b03f4d52,368,105,448,450,1527,40
d7a43b23e3144a2abf6d6ad8ed983156,133,461,907,513,1527,11
be90a51995544e90b638446b291e02a7,357,151,1027,818,236,6
7176b54434e3468e83fe8ee8dcdb431b,183,191,660,464,236,19
886003c54ddd42faa85791ffc5a112e8,408,141,1010,802,236,6
3d5aadd6f7ca4f6a9914682427f7eb12,357,152,1026,817,236,6
a1657c2ed9d44b978f0ac468b00c3227,184,195,659,458,236,19
d61dfcde39b749dba39f0ea20b1f103c,91,166,612,430,236,19
2909e3e5153647619aa6ff34fc00ce6d,556,175,778,687,718,31
8a60f070cc8f4b748f4c838c3580dc38,619,237,715,752,718,71
7d613b375b8b4c40a606cd0ef77a9202,755,302,541,496,718,72
c8988894b8f3410895564ef7d0f0108b,480,466,508,614,718,3
7ffbedbf85974d808dde6ff9db04d81f,598,324,370,427,718,17
a577c9f45f6e4a9d96a96952c8435c86,517,454,424,496,718,17
d4b7efd1373f4495b2b769c39fef83b4,479,466,510,614,718,3
438e7392b70b4b6984dc3840a2924223,557,174,775,689,718,31
3b84434e154d4f419caf7fadbe6ef65b,537,399,691,493,829,22
b7bc9810bbc749e09dc8b415808c4faa,174,171,497,359,829,38
7c78587b621245138965fd2978f466c8,537,403,692,495,829,22
5dae571a1076425cbeda98af09c7ec05,173,174,499,356,829,38
5d9012ebc38244f7b86b3d23203e2fb4,536,409,693,490,829,22
3affabc6789e45cea3562369f04d12bc,636,162,886,577,430,37
44c450baef8e47299b1a231adb29d14f,321,0,617,419,430,86
da338caa1b1449909316610716066659,321,0,617,420,430,86
e19a03e1434f45ce9dcdc6e683253e3e,634,165,886,574,430,37
ae5aa2f120584a66b06f300c9da242c3,638,164,885,574,430,37
9b81ed3fa8d7439489fc52dd46beee74,340,394,825,567,1101,93
16f8a03513bf4494949341a3904866e0,340,395,826,567,1101,93
31f5fbdedf49492dbaa97f048ff911ec,765,378,456,421,1101,51
1d83e65f848149ffbf2596536bd041dd,778,379,456,419,1101,51
525f99f36a414fd1af5c3209577c8aea,341,396,827,566,1101,93
9bc3be73861e4ed3915f0f3e16226332,1,373,713,419,1294,7
b64f22beda0c4785ab30d227b3790794,1,362,655,414,1294,7
697d7f3c8f0f4677929e67f0a807a61c,63,373,886,526,1294,87
feb1a25607784aa582f65f04cb2710ea,1,373,702,415,1294,7
11eddc1c3c3741688332c6c9a65bb4e1,150,371,801,528,1294,87
14f2def48c79488cb3530d8b0034bd90,965,0,485,338,792,56
4964513c6c5946858e2c844b5b4a9c8b,966,0,483,329,792,56
c0594a25370747b4b26357854ae1baa2,479,313,1018,564,792,12
00dc933848c24d9f83daf1659bd42ede,479,316,1018,560,792,12
e26dc343130e4e7a8b87a3aee549e0d7,479,314,1018,563,792,12
735865fda883408cbf1b2803060b4ee8,490,388,628,401,792,69
c0d8965199b0401391207273a2e08f24,723,75,580,552,792,56
b01ef3464b514e85ab58769ee79164ac,488,384,589,403,792,69
1fb95e8deddf4cedad8e8df721034dc8,310,72,678,620,216,92
b10cb0a81ece4af2a9a13b2bfd6a0662,552,4,618,490,216,92
a712b1bcd03d42d3aff5f80877722c50,465,298,747,521,216,35
26b802d04eea4cb5b81a144089326ea2,547,4,622,596,216,92
c5a336ce259b4f95b6dd7c18aedae6a4,464,296,750,522,216,35
3d66e0345e2b4984bd36b1c1e0a17237,464,296,748,525,216,35
7df445c25ca44768abd0e950f86dc842,530,393,569,451,668,12
d31656b2ea6b4906a1cc391252a3ec85,603,22,727,688,668,45
fc61d1a4838149adb54e7f080476678d,777,558,462,415,668,95
6470c8188bb04bdfb445035926b9bef0,779,569,465,401,668,95
3ca01c651364467a81f2d731e53c3f44,781,565,461,398,668,95
3f4d54efdf78447a96aad9eebc7d3a48,603,18,728,700,668,45
f6c230b8b68a40b4adf2dd94bcc8a65d,350,412,815,550,668,12
297937288c4a49c8a80380a1cb412282,1142,344,643,668,117,86
78957b465c3c47e1a38297a115109a71,1156,346,630,664,117,86
fb132dc3d17e4ab2a10bd6517059232c,402,265,804,682,117,3
9d9e7cde7a29431aad5d375cb7a6a88c,1157,342,627,669,117,86
8ddfa1d93ae547818fc124673cb17c83,401,265,804,680,117,3
d8e33c27fabb430f8f5bb6956f446c61,224,239,411,389,117,3
f0f5bfc8bed2436cb84085f5be9741c1,1134,264,553,417,644,85
50c1e256a5e441cd9165d61398e4cd01,1136,265,555,415,644,85
ccfca0c44ba54925b5c3c74368ac1fea,0,105,629,443,644,82
1fb0165105094775ac45c1a4ce177ea2,0,104,629,444,644,82
5f8db1728da8415f90a51f619930f395,1136,264,553,417,644,85
adf6f6bff3444b96ab5d7091b4ef68d0,0,106,629,442,644,82
bab70f68c1554038b6a6ca052d3d5575,600,377,816,536,1225,85
43d5e4d34fae4465b43146e131d5db7a,278,229,583,506,1225,82
69228619e55b47e899932e81e78b9367,277,232,584,502,1225,82
bde39b5ee9774acd97459c9398ab7dcd,276,218,583,514,1225,82
6844afc55397436b8182d420b5507a2a,600,374,817,540,1225,85
24ad3b2262b846b69faa2ed0a762a814,600,374,817,539,1225,85
403913c193e14db2bcf102dc287cb539,197,394,711,409,1276,90
7913c6fdf8ca4a18a3348023e3b0178b,198,395,712,408,1276,90
77863d3ed3c64448b8c1b8e589db0d28,860,326,480,364,1276,89
546194c82d564643af6089759e21568b,859,318,481,372,1276,89
4bb39bfbc4d64337b7379f87452589c2,632,0,596,466,59,77
716bd30313f344f49485e0492388d5b6,630,0,598,461,59,77
94f1fc922d714e7d9518ec0c6dc69adb,146,73,813,741,59,68
7ea7ce40fa6c433fa9eeaee4aeac91ca,630,0,598,464,59,77
490d899969a542f993ea13c798fb7bdd,137,55,816,758,59,68
e0a1f3be0713443ca338e82015ff3c7a,926,554,993,525,241,86
3332084582ef4b5ba5da257bf476661e,563,413,795,613,241,30
d0f498e321f04791bda056261ff58ad3,917,547,1002,532,241,86
679d0b1d23034073ac51357fed08bcf1,548,395,673,591,241,30
6b9d418444fc4db088e06c19b78d73cb,686,134,485,353,109,71
29d12512a9704e889625d5b5e348679d,546,428,563,478,109,71
9bd955ac93dd4313bbc31ede698554d4,697,134,472,351,109,71
0253fd40f9864630b7815af8601e7ec7,530,241,876,704,109,67
a899a311333c48de8bad891dd4be1c06,604,344,677,594,716,77
5a6fa180f5b2416f9910a013bdacc70d,590,315,564,580,716,68
044c4c3f4b5e44949ec8aa74f3d56e70,605,338,676,596,716,77
0033f099095846a4a614bab9d263f164,601,315,566,580,716,68
afdfa63089eb495db14af90f27749d11,597,310,568,584,716,68
c0ce584bdc8e44c29ce8e24e23db5195,603,345,679,592,716,77
11d6e7776c344819a90654746daf9623,583,309,691,390,475,90
5f36c703054c4a78b60c2d387da0b661,303,303,623,573,475,89
e4fa76ba98604fe99ed44195049f2437,312,294,651,570,475,89
13b666192b804a36b93c95b78c57204a,346,304,613,573,475,89
5ddf78fe914244f5a7e1c38391dba505,586,304,761,397,475,90
c743998f1d9744939f284ae04ceb8ab8,587,307,748,393,475,90
f658d66435164d1f880c508165bf7ad6,589,199,680,638,270,41
e7d5d4e34d7449888ea47d040ab5e590,680,422,470,428,270,29
bdae1f58fa0843c1acd692b356f06d6b,591,142,658,686,270,39
29591c652f5d4a4fb5b371d3155f7ea3,588,149,661,679,270,39
806f482c346c449cab5ab4e8cb68514b,696,324,404,395,270,29
f581c1ab46c14f1693bb0dd1047314cd,589,199,680,640,270,41
100b0002537e40e7a4d9fcb5f82ddf33,587,462,478,455,270,29
0f61d68783fe47429eab77de2730013b,689,438,829,511,314,40
3f967020ccea43be8a8be7e1e3cb0f72,721,175,555,491,314,71
66b873662b404d7fa8fc7d62544d3fc1,858,287,383,357,314,36
6ab335aa255848a2b57d623bf99a829c,804,302,449,342,314,36
57f60c6768a94184ac8aae24f246e74c,724,181,553,490,314,71
f15bb772627f4127ba81a3a751556233,688,438,830,511,314,40
4b94150063794f928470e2354c1a284b,722,170,557,492,314,71
e3f2275f1af549acbaebbc41d5677408,688,438,830,511,314,40
92d20f3ed87c457c9ce41aa010bcbca2,699,483,740,448,1006,51
248359b5f0774bef92c018e486426f87,564,459,744,432,1006,10
59520dce675a46ffa8e6269448a1b77e,793,485,644,446,1006,51
79fa9ff914364f36ab8516281cbc7f27,561,461,747,429,1006,10
c0ba27df801c49edaca462a5795db241,772,481,643,441,1006,51
b73560548588499fbdd8e2586615f53b,562,442,744,392,1006,10
ff7b1db4a0574061a8d4ad01e9ba19ac,404,144,1006,836,1460,68
ae14e712d07744f6828833db1b2007ac,417,145,1008,837,1460,68
ae7dd3735af6464db0314539a030b083,406,144,1006,838,1460,68
4512f4c9b4fe404db8a932efb6195c12,928,182,714,821,1460,36
32848c7b93c245959bd9370cb770924b,928,183,712,820,1460,36
fe8d6762b9c046ed924a0a7bf0fec396,918,173,744,799,1460,36
4d330f2383c84559a650d2859ae45d19,430,173,456,355,1166,92
8c6f3984b50b449e949a7e5eef16ba67,847,442,494,288,1166,59
9cabe1a1e48349ddbf4e3230eaea901e,848,429,485,304,1166,59
68659dc6f6ad46ddaebb6c8cae7cfa6b,465,181,452,357,1166,92
5b6bbceb0ccb4c789d497a6e35e4c105,611,448,609,474,1166,92
1439c9e9f51f417685a97348803b6977,341,588,601,427,1166,59
4e757cc9e8bf42b99cc7f035d65a72ae,820,279,492,439,85,95
93cd5a3addcc480b800ba2a5c91fcdf7,419,427,641,546,85,95
69952319b54c4e3cb17fe9d7420939f5,523,413,472,472,85,69
4c8c1aa2dad94376ad57bce8df700de5,1049,351,472,435,85,53
d84e766c0d0e46f78f79dca9f60e2df5,487,4,745,768,85,45
8d27ed6a2d304c3eada9111e8d1acebf,596,178,920,773,85,45
31ee8766df464e73ad51a0c22524bb10,401,344,517,462,85,69
069fed2ac27747dea92a8e2c93c54607,455,442,608,548,85,95
752b9bb9a5e349958a998960adf6b9be,116,397,594,442,733,90
94d1fd64e12d493e9327cfdbfbecaea0,1325,409,595,405,733,89
a14bae5af54d49239e03565e87d2df9f,1328,408,592,406,733,89
1d610d8afbc54da98219eb1ae1b62dc6,1321,403,598,407,733,89
d20735f07a33488298e8e5e1a9578f2b,115,398,624,440,733,90
01d60f6e097b4f53afed1724c2accb42,467,271,931,629,49,24
b32d0a9bbc3b427684c1e99c1db1c8b8,466,317,933,633,49,24
450348f48d8745738735bbbb0a02b9d9,467,267,929,637,49,24
ce7672c87706456b8e21774bd2e4a0f4,732,288,409,390,49,78
8a35652b6f014863aef50d1a43582c5a,522,450,594,450,524,73
8851b34dfbb246a4ac53be222b2e957e,846,349,646,437,524,92
02c99764d80e456790def309d0f4d8c0,522,451,594,449,524,73
a420e11949794aee95e338eec8b4cfea,845,347,650,439,524,92
b0f9075e3bcf40bc80dbd38300e469fa,845,353,649,436,524,92
790dfe205f3448e2ab64414e78c20f67,520,452,596,449,524,73
a7eb8561f50f47988555c368c4d92d69,0,138,636,450,1180,6
02ecc2a70daa4770a6d450612de3de37,724,16,448,582,1180,79
631c78824c02420a813a50375bf4fa48,720,47,453,550,1180,79
f6faa228a7db4ddab4c7f01bddd96f9c,725,30,451,569,1180,79
cbc764fbb520426c9088b500289063b3,832,264,1086,588,663,43
6ae675e25e06437092a316d78eb12f63,1197,358,675,454,663,89
802da89e7dbe46b5a1901f413c933298,1183,354,687,460,663,89
635dce00edd942ecb5c18d0c0080c4c6,1122,579,605,459,663,90
27e06d7eab874314b4c55e22418e7ac1,1121,576,607,461,663,90
78685a7e9f6f4751afea18bf65812d2c,98,447,687,407,663,90
2603da7d54c5494782a0daee37d84748,1185,365,690,450,663,89
aa895a8309a640ca95fb02582e265970,0,360,526,514,665,89
75fde3e638ed4d538271cbe0aa2887d4,500,310,974,644,665,0
3a99b9d218674e34a867062dd752fd3d,501,310,979,647,665,0
1d8217a3d3384258ae8c8fcbae64bd05,0,357,526,516,665,89
39dca67b58684754b1aaffa52874ca0d,0,359,526,513,665,89
c0740acb6cef4c5083b3c6e8a98e18ba,502,313,979,645,665,0
f3ded25bd655460191ab571d0cfe5986,458,452,1461,628,149,75
ef980e4fa0fb4d6096c88863de516634,341,403,1440,676,149,75
befcdb0dd14541c39715b92ad4909076,451,242,728,564,149,92
508cd271212e42ae886110af5bf15385,0,191,1268,692,149,75
0652f9b65d5345c5aef695051bd8117b,455,242,731,615,149,92
0dc13484e1d64ffcb46d8d7c5bd7939c,464,243,725,615,149,92
2859815cb9dc4ef5a2a2554f9b223c27,682,257,464,420,363,12
fda46705a4914676b2826e496958626b,1038,547,829,486,363,51
53c5e520abf04f2aab37d135fa850488,682,257,464,421,363,12
8cb414a23ec54621b190f7859550bf05,684,260,460,395,363,12
4f062b84f90444238b1ccdbc8abd8aa2,1012,545,830,484,363,51
a77f775dd1a34be19b8f1bd8484b6176,705,272,675,687,1372,14
7e4d3e018ac8427eba985caa47b9bf62,1316,291,523,552,1372,90
d2999d9dddd84b0c91c48551fc3f7a13,1318,195,522,553,1372,90
59d1ae70c8b0425bb924f8863001b25a,1319,286,521,554,1372,90
9086aaeaf8b14a9ba5b542fd54a9a90e,698,269,661,689,1372,14
b1cac39522d443b2b7554135ec8616b8,700,272,660,692,1372,14
91c36b6ba5e2485380a66d90f6b721d5,900,233,611,516,793,54
5bbab81d8ac4441994b9261c54b815ff,1092,567,827,513,793,65
eab7af03602947b6b75bd1fc2a9e0b11,1044,278,644,519,793,54
eec45c2222a54d8884b35f3248b23bf9,908,240,616,512,793,54
13a444a557084541b9ebe5380b4b6c2a,444,308,891,551,793,65
1109968b825c41b99b31b504d1996723,445,308,895,559,793,65
b86259c9718d4d05bd5e0eaccf2e65e1,349,67,382,369,333,51
f9c7ef2ab7bd4a8b89794e89aad3e7f1,789,529,801,420,333,51
1679c1c5676d424cb8510bd11dfbd070,697,370,630,496,333,71
df0925e1dc354fde9f102a815e1995a9,667,273,444,339,333,12
64aa37c3fe8f4f66a2cf3b2e34231e32,562,289,903,547,333,51
8ed98f4c27fa40508cf5c446cc507151,697,378,630,487,333,71
0f7227664eb140ae92520c6b0912cac3,667,276,440,340,333,12
ef20bea6a6114cbfb6917c95201cefd5,681,75,644,507,333,12
323f71b2b7c848e699b422d81295613b,1275,343,575,380,1066,89
395412373f9d49be9d9f655e81c28568,691,313,482,413,1066,63
3b36dcf2307f465eb0c0ac5f385d0294,713,316,461,412,1066,63
c1b1143bcdb8401fae05d192e4ca54b0,1280,343,570,381,1066,89
97f3bd9230c64a3f83776b29ee09620e,636,319,539,397,1066,63
bd3fccb9331044d59a7dbb8ea9a72979,1274,335,581,390,1066,89
c43ed911dbaa4445b44040f583b3b1a4,1195,47,546,663,152,89
a7ff0b5ca1db480a96a7c79f26740e72,467,163,743,692,152,40
a3bff3082f354123b6d3e9d2c420ee0f,464,162,747,693,152,40
84af072ec42040799a92ee76357cf424,1194,48,547,664,152,89
939527ad2f6048439cbf5e82541fb94d,1196,47,570,663,152,89
8d354f2d52fa4df4934dd03b71afbd68,466,153,745,703,152,40
5fbf9da58b3c437797b5a54ad8800daf,439,318,742,508,1083,12
03983ef358df415a9de2b22ce0379309,425,304,738,502,1083,12
c5c963d2be00423f8ab190295157eea0,193,486,885,486,1083,51
46a6007949dd4b0aa168216163a2d697,437,326,744,507,1083,12
3a8294b8f2574f999d9f2c75665fc2a5,270,406,954,674,17,85
444848d6d24c44b88538fb0ce5be0790,387,219,731,544,17,20
9b324f12425f415687d8c3bc7cdc4f9d,387,211,729,555,17,20
9f93a7acfcc54d4e9718cd75801b6bf5,372,373,949,582,17,82
3168eff79bf84dfdac23014cde9b14bf,389,201,727,547,17,20
a5d4f5482717442fa0bb5c8495e8984c,269,408,960,671,17,85
bd70ab8b56184b029b0e147dd3f6f293,271,409,958,670,17,85
85d07f9831424b539bd05bbe26f38b09,374,375,943,579,17,82
672f74a046ae4f338f13ccac14c2bb1b,752,395,593,398,952,42
283d0965f1c34331a7758f41df399610,1096,264,538,481,952,36
3e5246623bf54c91aa04c38fcc0e2963,1069,260,565,484,952,36
ff535478375d4780a31e067b0674032e,1096,263,539,483,952,36
ac739eb0fcd94e618116747886e3ad27,750,389,591,403,952,42
1f3978ad57d64ad4bf2e80c85af7b33a,517,277,501,400,1037,89
3581b62199424801815bcebfc321cb1d,522,315,497,369,1037,89
a8a19d89c17540e0a90ecb5195cc66d0,367,258,729,376,1037,90
84f3af21cd0c46d6b703f72279d0b7cf,781,436,447,441,1037,90
a3d5fb12cc0e4f27a9beef173a6bee22,712,440,516,441,1037,90
fc1c73e86c63469b8fedd158425af6fc,518,276,501,403,1037,89
880e51cc354048cf9968a99cd03ac80c,800,66,851,649,1316,83
0bea09e97e4d49278c7a493577ad6be6,615,302,630,525,1316,83
2b72cbff174642a2be0752ac0a26be99,563,307,880,669,1316,86
53022b9a45444f56b0b31aa6d270c41f,754,189,348,302,1316,29
12dc8417b234459183693a3bcbd23aa4,559,307,877,670,1316,86
c6907200d8d243209dbb0ce83c706333,561,305,874,670,1316,86
a430fb03d33049babc67613d6acdf828,768,88,902,656,1316,83
70d5c8cdd3f049a8921b1897108b9303,1114,77,725,524,201,6
70a547ecdab5408baf688064c191418a,367,343,889,565,201,33
def8d79e03434719bc991764f85ec9ae,371,335,887,570,201,33
c76ccfe40ecb439cbc7d6c11fdbff974,729,449,897,517,201,19
c191427d7e0b404c9ba83369075fb1d1,722,203,1006,587,201,6
bf06af2b0c4a4dc188d302cba6fdf3d5,732,449,896,513,201,19
3a99eee7f8b54f12a384bada83371210,729,448,899,512,201,19
8297dec0f3b841a2b837558ab2071acd,493,346,775,570,201,33
2f0d49b58dd04eab9dcce1054ffd152b,1203,360,593,487,762,38
f446c6c95b1247abab6ce0874bcf8323,528,489,732,572,762,22
93eeced44f164505b95d541a0e97d7ae,530,509,732,568,762,22
0f99d721a2ed4c4581d40d5d295b347b,1204,361,591,485,762,38
5b9741847635416b988c71e7cb34106a,529,496,731,569,762,22
1728f9fce2f5458486407a9b26f25502,1072,464,789,481,1262,90
543b2d868f0b4d0ebf8f74eea362983f,156,428,644,413,1262,89
a4460cfa31404893830d60fbf74090dd,444,421,433,304,1262,89
9c30b4787cdb4f448937e694efecb2e6,153,442,645,422,1262,89
0eb755d8c3f249c79ef2f865b7ee8d62,1065,466,796,481,1262,90
37ac705d17a24ed19ab867edf5c1f77b,496,416,573,422,354,40
f44e3eaee7c043a2879b24ccd4db77bd,137,345,615,327,354,10
715a923b43734537b14cb01a461cd27d,134,346,615,324,354,10
950e426245d540f780aa2124a85cdcb7,496,415,573,424,354,40
9604dc786dad421192e408dacc4533fa,498,417,572,422,354,40
e7be3ca7ac084c279628b011b2d13b8d,134,345,616,327,354,10
613d7eef3cf3473e8c4028e52b031a27,314,685,548,395,834,29
0d5c656fca064cb3904b7416bb3aab29,612,566,315,286,834,92
7db9d83cfe034fe0ac2db1ceb8348818,499,405,583,437,834,23
e59004265eed4f48b3f4a2a8d72374f8,310,722,552,358,834,29
93623842ac8f423591d517448807a8bc,611,569,333,282,834,92
88318ab2d0884b409faef7fc18934355,499,399,583,444,834,23
d4fabd677c364e018e99470849f124a4,658,579,339,295,834,92
6f4b7430d51a4fc9b9a15fac2c51562b,499,396,584,445,834,23
c2b2a19ef2984e998da48c21889ca2df,675,0,468,398,380,36
59417b46abe34ad0bcdcbb2d0e45f507,677,0,466,398,380,36
00e579c1b3204e2d899b9a6918ed8406,158,388,752,548,380,11
a409fe197ba04985b421d9e5fcee632e,675,0,468,399,380,36
a5102afa30344445bc3f47075156f774,158,389,725,548,380,11
5c0f4cb484434d23bed68cd08f97d8be,158,388,752,549,380,11
22d2aaaf38444817a5a04fbb497d0c66,619,283,478,498,1156,86
819fe9b785304f53a742cde7ef7dbd0e,630,281,469,500,1156,86
765a3219d834419cbe7179e6da1288b3,774,250,572,558,1156,1
aa8e141b394e480986b8ca9421dc43f3,773,245,569,559,1156,1
345437a866f3420abcef332d6c21250f,706,243,654,560,1156,1
a520c3a3f25447e181b9ef6a49f918eb,630,279,465,495,1156,86
ba950758834d4f26b7df5dd4832b6797,731,413,974,666,688,32
2c6545108ece46488ec60bcdb00d7a9b,872,0,507,239,688,56
756c0d07bb9d4d2b97d68b9c3272b351,871,0,507,236,688,56
9eb03949f1ba4fc58d65365befc9a161,872,0,506,236,688,56
c6525e1f9ac34ff0bc714be7aa4fadaa,730,417,975,662,688,32
8d8621dcd43740ff8eafec9b7e4e3a90,185,206,668,488,960,15
6e3a67e3c7134756bb1c95408fdf76e9,263,147,564,386,960,61
cf510d6e451c46de991968709a5d1541,185,205,669,488,960,15
708eaff36c8b4f17b9b53a4cb0eeafe6,185,206,671,491,960,15
1d6a8651e3cf40079ba71203011d995c,262,146,563,386,960,61
34a14910f11f499e9618760004885a4e,414,333,661,561,960,61
5066e220c9e847008a65030d41547512,815,1,526,568,0,36
cd767cf1d4d842aca62f385ae4c272ba,1275,156,644,432,0,92
bb84b3ebd6094a67895b9f73a4606114,838,126,627,774,0,36
34b254d8cb3d47c897f8f7bcb4eda835,192,452,931,498,0,11
d594bbcd765448e189e21a750ad00097,831,127,631,736,0,36
1313d83b6c8d405694051b82854f9678,716,11,530,600,0,18
8181405f7bfd4874a4e451a1fd7e0801,193,452,928,496,0,11
5e6b2727a7b5465298858172849b5791,589,234,555,425,0,63
e7e27855a60b4235a39020253ab27f6b,991,505,454,389,1033,29
e351d924eb74408db8cc77d20e9595a1,906,524,510,391,1033,29
77a0644cb1a14132965444945b4e62bd,451,516,507,378,1033,7
c3f4d44b80fd44dcaa821c0152e3cc37,556,444,578,459,1033,92
08701ce802d846d2994805bce0313a7a,554,441,578,468,1033,92
e6a15aa3968440df9c19ffde2fef0dee,902,525,514,391,1033,29
dd5e019e2ad64150a649ddef1038d05d,1127,177,761,574,322,33
4270fbbeccc74a149436d1636723dfe2,1127,178,763,575,322,33
1b5de61979b14aeda72e4a7313f093e5,363,462,605,404,322,89
4a8d31a0408546078a25a63ae9e6683d,311,476,686,386,322,6
aa3e6673999146b9ae569c3a1a0d1827,362,464,587,404,322,89
06c0ee92251740bab2d4b7d0fb635a4d,337,475,659,386,322,6
1be3fb6c7e7c48a8a30920028c9276cd,248,121,664,483,318,38
95ced2ad87d54c149bbcb3f510a076d4,1051,186,582,468,318,22
36e5e9de99f64ee6b295d0970cc701ed,251,122,662,482,318,38
d0b041fb402f4d65bc2dbb2165c4cc72,1051,186,580,466,318,22
278125d70f574dfa8ee2bc8ff92a716e,260,124,657,483,318,38
e57c69c5947649c08712e8f7b5c2736d,1052,186,581,468,318,22
88d93b0a18f84f26b4c9f58c58751dc9,1388,76,531,422,1465,92
3fdc43ae9a3d40e5980bca67f16e66fe,757,184,332,344,1465,17
821c4e19a07a479ca17ea2da85d5db6f,845,70,681,597,1465,92
0fc9f05c21b14ee8bd746b6058b3c175,1277,84,642,449,1465,92
76a8efadc5cb49d8a4dd3cb835f6fd8d,302,362,559,423,1441,51
ac4f2206f6e640d5b73bfedfa8b8d280,401,434,672,498,1441,38
df522c85379942afad5d7eab5213fca7,493,281,644,480,1441,82
b2eb708125ec40e6b9c64403d27acbfb,753,94,402,422,1441,48
b32ad2e012af45d9bd9a66827fab0712,773,437,753,567,1441,48
ff595817166d448da6ba6277287f96be,565,330,860,649,1441,47
50a4c7c725ee45e3bcd5eba4c07b51f1,731,597,692,482,1441,31
cdc0430c049d4ffab4f46d5e44f0df41,27,424,754,389,1098,7
35e512514bac40b4814b8ab46499757e,26,418,754,386,1098,7
020ea21eb4494ea184b4e11b2d846083,256,427,765,433,1098,87
85e49a032d3d4b0e9859b0101a85c726,59,422,721,389,1098,7
38d151de74644ade85311b2d649c3f6e,258,419,764,435,1098,87
a170a66439684887a4cd36e7b85a1ec7,267,483,765,442,1098,87
3c95e56cc7234cbb94c091531a9d1291,123,240,1117,580,58,91
f68049b00ffa4a8d978532b090ae2b62,404,638,719,442,58,53
019df33848224006bf565042c625c773,122,241,1119,582,58,91
ac458af593774d768636ad86267fb77e,122,240,1119,583,58,91
74f2716169e74a17b965e234d9531fe5,403,627,720,453,58,53
a01cbc567cc54eb880e135511a024d8c,404,642,720,438,58,53
5a489429e3cf45b8bc22bbc9e29ea329,636,476,739,401,892,80
2ee02a0e4b2d49f79b420b463818ddc7,604,427,441,582,892,53
b23fdb0e92d0461185943a6990ec5f28,585,438,461,571,892,53
bd958f85eb904d069c9614acb4d91c3f,670,346,861,453,892,92
e4a5a9344809498c836bbd6905a6b304,589,374,929,458,892,92
f5e66cc4ac7048f9935c460c1ea82658,630,477,731,400,892,80
727c6f11fa604ce2b045bd63a53b5962,406,233,691,567,892,45
5eb7218010154fd09a218a13e9cccfa1,1047,307,477,416,87,89
04f8d2601532495b93dc4df73e09f53b,1045,311,479,416,87,89
ac61e9f71f1545d4bdf646de697d4359,196,353,866,568,87,90
7c2a00f1bfa7496380c75b6bdac5770c,192,350,865,572,87,90
1b52fd238c4242f0a6be568c2246582e,195,352,866,569,87,90
a98f899bae1b4eaba6b3c11bacd5b3df,706,510,1140,554,1273,7
c7a49dbc1ba84fee8abf7e85daff429e,189,261,937,566,1273,86
dd6483b072ec4210a6ee764d41e299b4,1311,108,608,466,1273,23
f12e44661e0243b9baff2540bb461546,371,435,1084,516,1273,7
ff7c503e9b4f43819f4d712a2da0a078,1311,108,608,466,1273,23
b673223b7f3e4d18a6d7e7b70f1e6cf5,590,70,585,633,1273,86
da26bf5dc8b14238adec3af7cc454abd,1311,109,608,465,1273,23
0cff820aeccf4b8ebb1c976925c10290,373,436,1079,516,1273,7
067ad1be1e834e78bbac300622010184,88,178,701,521,598,69
e76cbcbfcda540f8ad55d88b151d3538,90,186,702,517,598,69
0a59d41c6cf64a10bb6acba2503a5161,89,184,700,521,598,69
0d4e21d62d64486597427b65bb25d903,1004,396,659,380,598,11
963d4e5cdb0b4fc2b05aeb66e1a90ef0,1004,397,634,380,598,11
33aaa3830ca64c9ab0113487874e9e73,1005,397,657,378,598,11
e59644bdee5f420f9948eb091a7d6226,529,352,807,530,1323,40
9525743e3945483884678dbd813328bc,934,402,594,369,1323,11
c44245f2ac0844c3bfbbaa7ff247a0ad,948,332,593,373,1323,11
4acda1360d4042a693666c023db09e3d,637,361,701,520,1323,40
d5a2c05eebbe4599949dad8fde472d54,933,402,595,369,1323,11
a0e1c97712cf4fad9807924a489db7b8,639,359,700,525,1323,40
96b4af09645d485c87a70c426ccb403a,0,347,828,542,1,67
6d36f30a66704ffe9c9651d39bfcfa1a,492,353,731,727,1,71
978689c2cfd64c8eacae2352000712f9,639,231,829,621,1,48
bdf428fa1db04c719a3324a0737a913f,434,24,439,454,1,71
d74b6d1a97d74fd58b485ce8e12af5db,638,227,829,624,1,48
c84a0c05f10c4457b063c77ef279a8a2,1,361,828,526,1,67
c9d1282b44644100861d6200a9ad4587,577,78,820,764,1,67
85aadb611cb94463a07f7d0b1388e90c,433,11,440,465,1,71
c738f52ea5ea46fabde93308377730bf,966,409,830,433,366,90
68f5db399bf74051818f43cc6f67a726,966,406,832,433,366,90
5a0ff772bd9343969287ef9ac5335326,941,0,234,179,366,42
298b7811681e40aaaa2b0e4a610cfcd6,941,0,240,213,366,42
5ef66235793f4cbe9430f74840f6f9e5,967,408,830,435,366,90
1f3ae09edc81452d88cbfd78d5387231,942,0,237,216,366,42
a336f6387355497f8a3642a6568714e3,678,345,671,594,914,77
5eaa3dd2444d4eb3acfcb6a26f671b7a,646,323,557,581,914,68
6aa766d423e24c0a98c7c72a67ed7d70,642,324,555,579,914,68
b7ce184c98cd46bbb6073bca639cbce9,671,353,673,591,914,77
0efd9a5b696249cc8d5494cfa3df6d45,677,348,670,593,914,77
119c79fc566e4cd7854b08db7992fa1b,636,326,560,575,914,68
c9a796554f3e48c4bf9ab8981f210652,329,353,777,670,722,56
568b7d2adb824027aeef9a636d4ba39d,421,353,785,665,722,56
b2d3d2caa08e4142a955778fdb42145c,422,350,783,667,722,56
68b042ea22894391abcf6876c2580042,598,352,484,483,722,71
751071683d454b01b2f0bfbf0c03cc61,601,353,481,479,722,71
3195eed8c38748c3bc8c226bdf27a96e,599,352,485,481,722,71
f5419a72fc684d87bff63f8dceef543b,2,349,877,468,1427,7
4b923259dd0e4e2b882a221e52b7ee20,129,378,951,500,1427,7
9c93f372ed624303a230a85be3b7c278,12,303,1066,538,1427,7
0ea959d77b0c4ce9bdedfbb3678469bb,935,385,757,424,1427,87
cc82e5696cd24c1aa72b85cc7322856d,928,386,812,425,1427,87
e1655c66d2c540ffbaf87cb2656e503b,554,217,632,780,286,65
d8bc9c71160346c18087a654cc50b8db,557,224,637,784,286,65
a2ff9505231f4803adf4df81cb6a018c,626,389,377,388,286,53
bba6cf55cfb44df7b16aa90994aa7c46,626,400,375,384,286,53
a5ec4cf6ba3447898c6ecac126f5bf37,186,397,833,447,286,53
d9f1664746924a4b9e55e7b6e5db6d95,558,250,634,781,286,65
b7100c6715d44f819475fd81a9b297e2,1007,151,554,594,1519,15
27ca794b47504488abb05582a151e3bb,328,343,1333,615,1519,25
e1363abe0d6140bb87974ea6b5752ff1,1006,170,575,575,1519,15
daa1cd4cde43486c9cc0ad58b2092eec,1006,172,564,572,1519,15
9c5b58430ded407fb8244616e897602d,328,436,1339,554,1519,25
206a158415c542dd8f8430313992f3bd,655,0,466,480,1169,48
7eeb1c868b164fd69187eb8acb86b553,656,0,465,480,1169,48
b97fa640319c4225a3a8b98fa566a463,850,245,590,477,1169,52
e53b04fe048647f98be9d43203d5553c,756,362,585,345,1169,63
b448b1f9cea34ab98562f510a1e4c30a,851,245,588,477,1169,52
0b1d581091354b8f8b1e9c08f2cc5fdd,631,138,321,269,1169,63
b6e0d5bb336f4a37af5155023f2a5350,656,0,466,480,1169,48
bd9392dd92b9451dbc3804c7de79c47f,689,330,710,445,702,61
1db1987876554f80bd7b2109e4e0d8b3,547,279,665,497,702,51
312ad9a3588f4e26a775607d52bc6c70,688,331,713,444,702,61
2f75e56fc3f745dda4b2a6b14abb7314,546,279,651,486,702,51
2d8c62e71c4241918304aaa8d3b615f6,512,298,647,488,702,51
ddf0b0afc38b416aa45963c5861d57b1,286,408,663,539,702,61
d92ddae95e464d82a3c8af595b5d8bfd,660,490,648,420,1429,61
4b4ef141ce8d4c739d2c56ceb5297cbd,472,298,775,481,1429,24
40a9c6a9de71471cb0344a3b8db95ffd,383,247,727,459,1429,24
0b457736a54640d6bd2f9cfb935150fe,383,244,728,459,1429,24
c45ecc79fd764b53b33c04f44e3932da,1120,397,702,372,65,11
dcbf62550b474375a1af34e5f8b2b372,1235,379,684,364,65,11
2c18fadd08ad4ed9b1ed59f9103bdfe2,690,273,541,560,65,79
f41d96ea1ce042d69a83c8ecfd4125a6,1090,397,732,372,65,11
80fadf2f32de48c48cda24337a8b539f,694,272,540,560,65,79
d52f93b4690c4420905719b8632be4f6,692,275,541,559,65,79
397721f8591d44ba9317776843942787,513,51,801,702,214,12
e227169abc2b410db873384f9ff4abaa,531,49,781,705,214,12
e5162fbe8d0449cb8cc739904037fc7f,393,409,683,519,214,61
6c375a0b10b84724ba1915c6b06b3887,884,0,529,409,214,56
e5430d5020e64c8e81a9d7af8ffb6e37,395,406,682,520,214,61
fccd6cb6b5dd454393f089e7b2dca35c,659,0,781,336,214,56
bde82f98bb12481ca94b9cac6f8d8ac6,883,0,529,389,214,56
a8abc6ddf63b4e3cbe73c1ae278d2c74,395,411,682,518,214,61
eb88b21e4f244b16a523a587ca1c5aab,550,412,680,488,874,4
a3ad4997061f46fb9ee24263386c1094,935,195,606,381,874,49
5725974249ad4fdeb77884aacdde9dfa,570,374,684,488,874,4
896dc06956474ca0be78210086ca74a3,562,366,677,482,874,4
ef8237e28d60438389fa1ec0ea66aa5f,950,216,608,384,874,49
a8b3ca3e39244503911b8356299fbe79,939,197,608,381,874,49
160e079440d143e4a5c437670fb01315,509,281,912,614,56,94
534538c89b6c4695aa0153521db26fef,1184,532,581,456,56,90
9d1ed6a602094dfca83312b6c2beeb09,508,278,917,617,56,94
2175c291ccdc4b8196a62be92771a976,70,368,556,467,56,89
e38251996b55476fb9ac85a5c65e63fd,51,368,559,478,56,89
338f55a87b0a47e788d0920a228da750,66,397,543,449,56,89
490e4f6f375d4d2e8e6868d20fdae949,476,278,981,619,56,94
b34ecbdc49dc479da2cc3ec0114b8ed3,1184,531,581,457,56,90
52bc812e99cb4d1082861f28d4dad927,1232,395,606,438,838,89
7b635b4f1b4b4e769d87d89d25089b39,1233,392,606,438,838,89
b5fba6ea500947e7b94fbbc3ed6dcbf1,132,554,617,359,838,90
f11cdae6a9ca45e7a58b17f421d52b82,164,754,743,324,838,90
65f29c1c7a3b4d809616e79656dd976d,129,555,616,354,838,90
8333a35b018345efa3395b9babe99928,1232,387,608,435,838,89
7952fdfd854a438fba2a0ab8fd1f6138,759,352,560,394,996,83
8a5c0fc1981c4cc6a3597e6d7ddeb2fa,641,451,585,442,996,42
012d99f1d50645bdab3fea0371ff3ab5,749,352,557,398,996,83
bcab19f21ce74d7a8cf838fa72ce2caf,628,450,598,445,996,42
ed3e2a1728564602bed75eb828f42984,763,354,560,393,996,83
fa6d2d4ba06e4a95b62d1c7856e6c6e6,487,447,741,450,996,42
b0820b99ef9440e7be51efb13881f06d,1162,349,723,425,193,89
285421040b2e444b96bf990aa4831b12,1164,350,722,425,193,89
99c027f683da4975a1e09e4cdc93b5ff,1163,345,722,428,193,89
6dbd44fffa0c406ab4bf27126f457516,245,319,1043,533,193,43
6c64bb7bfb4541589ecaf4b0d29db58f,1189,358,624,508,574,89
a35b1bca6f124af1bfec14c0bc8bfe91,1145,159,758,429,574,92
a8dc0d476c8842ccae36ff05bbc94ffa,461,267,1074,591,574,74
8440c9bf03694628a137b3d9db62ea8d,1143,159,764,377,574,92
6fda816a184b426f9ee552c4b55a45e4,461,267,1055,590,574,74
bc70cbceffac485d9ca2b2d6f49c4c56,1186,362,627,505,574,89
011c78822c0c44f381610d3b339fe126,1145,160,759,428,574,92
d610a64f350f4215bd077882c7b301bb,732,486,789,544,584,24
f895fe0c7f294c1dbad95aae754af6fc,731,486,790,545,584,24
5e6b5fc45c9849118f4989bcf60a41b9,755,226,747,529,584,6
bd5c22375be94e1e82d9488f3a633b51,598,423,697,550,584,30
6beebdf34b94492e992fac1386c300f7,598,423,697,551,584,30
fcd29ff1612f4fdf8037e03b83dc8c5a,731,489,789,541,584,24
ca0a1594ce7b4b5e9be966a2201a2046,753,228,749,528,584,6
de15ac5920cf46f694a8a2bf747530e3,601,423,696,552,584,30
f657eeb5b63b42f4a0c52c1861fbe5c9,649,434,571,539,432,71
9e064fed4a854a76a2370e1f7c59296f,628,266,671,591,432,48
6eaf8cc994b0444eb6019f8cf9ec4c28,653,435,569,540,432,71
a3518832ac704c1baec3f74704f33bb2,649,435,572,538,432,71
f1159aaccc6d42eab5f773263923364b,46,464,1075,616,432,31
83d8999bef014d3085f3e47a2866eb49,629,271,674,587,432,48
96f3b5f3f8584dddb941a1dc66392fd3,41,463,1080,617,432,31
b83b64c882b247b7a3ebefdbaffb1919,44,466,1076,614,432,31
ddc90fa968364e19938ccced99ae13f1,546,277,799,482,1021,90
ee76ab9ecfc64b32af5b80af65e23f03,546,277,794,484,1021,90
1136530a75824a53b5c7e38651090589,542,278,799,480,1021,90
10b3a874be294c12ae0a7b787ad33d85,296,383,572,365,1021,89
ea4e3ac3f1f84cbeae24b01a95180970,305,375,564,365,1021,89
ab2b09b45cc340a1bec81d3c8d7f245c,299,373,570,367,1021,89
1c2d875b757842d4ba991830f351785f,153,238,1140,458,53,86
cb8c8186a7e6469da8f7766024d80f18,446,293,956,594,53,37
2f1b04e8df394b288ce7122bb4cbb057,147,237,1143,458,53,86
5ca7e3ac9d3c4bea9efcce81941faa81,445,295,954,595,53,37
845e7c18da0347c1a9dec0bce5b82227,446,296,955,593,53,37
d2ba18eb9cf545b68e23df75c6e7d09d,428,203,827,644,51,24
48865b67661d4a4cbe286bc772f260b3,428,202,827,646,51,24
58af9e024e2d43b5b55353bcf54c86f4,327,329,603,481,51,65
d637e600ae8f46168844ee768006e28d,429,203,828,644,51,24
d7f1ce4556dd4f5ab9316c2b4e4209ec,234,372,854,498,34,81
ec8608661f12468e9b3a880a08c8fdd3,525,386,926,512,34,81
875b504d30e24500bc46d805e9ded9f5,1258,407,650,501,34,89
c07a85c4a2224e11b7bbeea95dc7eedc,1256,403,653,507,34,89
b943b878641644ffaeb49eca4203786f,1255,410,652,500,34,89
018e773167e84cb486519d5ce4ad9a56,524,388,926,510,34,81
10b8cb3621e945819ba47af94604628d,809,370,474,439,717,87
0e8e604af2c34fe0a76978009087ef65,738,165,897,710,717,33
d5827710ea97436484ff130bf2a75132,616,148,1024,704,717,33
3c07690849734903baa740cf4f700e4d,225,402,617,409,717,6
47ab87240899463185dbcbf9e646efb5,705,544,904,462,717,7
76175e4b08ea40f996dcba9eccd50dcf,878,367,479,437,717,87
17ca816c167043729a93e019ef54d0e0,787,390,1131,690,1044,86
f0172286a95f4254b3e45aceacfa9340,614,374,666,449,1044,33
6a35037133914287968b107fca93a80b,801,257,556,609,1044,83
905a2521dd53412588b3cea25ffa7a9a,170,17,934,684,1044,6
dc9dda3b6c41409eab99f3e41dd8cde8,522,264,616,668,1044,86
c49df913cb1c4b24b6a7c3d90ebfd915,855,146,749,575,1044,37
379936672c0d4a0393be6bf0cebbfae6,467,242,920,654,1044,33
978a94e0e210473184bfeeedb8cd5ceb,614,375,672,448,1044,33
7b314a7db8ce418496d1ee843d7166f3,591,385,833,559,608,82
a5902ce9bbd746f59e2479cf25aa3ba8,1163,358,518,381,608,85
a73076c316c94a88bd3bf8f289fddd89,273,329,904,474,608,83
191637c5a32e40f6aee116b16060625d,592,385,828,566,608,82
f97ac7fee12041a38388d763642aaa75,274,324,905,466,608,83
e23fe14b7387426fa1652a89e22bc2e6,1164,359,518,380,608,85
7ed347829cf746ee90d1b9372aefc013,272,326,908,447,608,83
e5b9ff1a7a9142e084d8ae4c81f1f567,1165,354,517,383,608,85
539c4e2bbed84df2a88066bbf9cd1ed2,60,123,1099,699,200,81
608cb59380114f819e6df30404ed50f1,60,124,1099,699,200,81
22a3fdba04fe4913b7d9c584e672f39c,949,185,856,665,200,89
787c523bba224b2bb8dc4c5ac07ef274,59,123,1100,699,200,81
074060ff9ac84801a97d3272c4b2f7dc,802,136,1116,792,200,90
3ceb2cf6fef64b2d945575aceaca87e8,189,398,618,506,1412,89
5e9435235a554606a984254a49a49e12,949,265,698,484,1412,90
4dbd33a5712a4a1ebb73d1913a6fb789,950,263,699,484,1412,90
3ed96a77d81745f8aacad0a51389d4b0,187,406,615,506,1412,89
cd3e77308c614d0f9c2a51f29f58074e,951,267,702,485,1412,90
d6fd8016dd3a4299970c3356b4c8d7d2,189,399,619,507,1412,89
9e4e7316318b48c48e0c6e736aa6f055,336,275,861,621,719,19
d94773d69ddd48d996f87591bf022775,336,274,873,624,719,19
b1ce622fbcf94a25a3e4648ac357dc85,762,112,905,639,719,6
5d7b8127f2e34032bbbe6b1e7fc87a04,337,277,874,622,719,19
9733660511d94e6b93d23c006f76c678,763,118,903,632,719,6
cba39f81180645279c9f3378a77b8714,763,114,904,634,719,6
4ed97330a22e40839050ae563fdb97ff,1276,100,492,383,813,0
170e633814124955a733d528ddb18096,1,69,958,610,813,90
a99e5dc02a504d6c9410356e242deb2f,1283,102,491,384,813,0
c900643d5db8492e92848c9cb0ac874c,595,264,912,584,813,90
408fcf00621c45ba922f0019cb577717,1277,100,493,384,813,0
3eb77335fd014946b06c0613b71214b3,755,177,571,516,145,12
8a5366fada61487ca3e6705ff6d579f3,395,315,662,410,145,51
9a5f375e708941cf91fe83e8f0a61ac3,754,176,577,516,145,12
e7a6510dc78e41f3b0b1fb7015c7a09e,411,316,664,408,145,51
56960470cd2d4182a64c10765bb67860,1039,303,540,425,145,85
a2a0e7b2b1b2471d838ea9659e276516,314,163,570,461,145,20
4c79f6fe037c42d19e8c180861a86d55,754,176,575,516,145,12
db4e4b68c8174a0ab606c20c89438662,702,370,892,610,145,82
04f73884c35d4e5d97976e44a008ae2f,431,277,519,439,616,89
de4b5ed9ea51424ea3b4735d54a445a3,433,279,517,437,616,89
fb47ea3bd900409d85d61a00e136f54c,1253,219,539,505,616,90
069f3d4962ca4e27a7d02d8e39969958,730,237,480,513,616,90
b31c29a9794a4fab832add97895aa603,1252,222,538,504,616,90
3772fb73ddca40e694549440a21710e8,469,251,481,427,616,89
a32793df707b4471ab7c277cd9a6eb91,938,111,534,454,382,68
0e59e3295c55415b9bbf3b8b786649a1,731,72,431,428,382,79
17c153d661294961be2fd351ae1ab846,1318,71,460,425,382,50
bf41f7fa815e43198d037022828c6be0,930,109,536,456,382,68
6132376394554a3abe80117dd538090e,538,398,531,560,382,73
df2e2af72dbf4354880e2335a95eb669,688,334,490,527,382,79
affa77b42c064108969806ba80b0aadd,843,285,531,559,382,13
d01f67993da54aa1ac4b31a4ff7c509b,172,224,775,463,1150,90
0e0883a56b6045c0ac3d5a02fef403f9,766,348,445,531,1150,11
c979f0fa874e4a5aa25608962bbe9e62,779,367,564,352,1150,89
e58c4b75bd8244bb987d8f1c9f480bed,171,224,773,463,1150,90
572cbdfc87794a6882e191ae1c90b6e6,765,347,447,533,1150,11
0df42995592a4422895df63cb58391f5,762,369,577,353,1150,89
6a1d4be4bd514bd9aa329e9950045c41,883,100,466,480,1150,36
0cc5640a914748c4abc2ba935a3e5801,782,356,626,561,741,67
12967ba6c60c440c8a7623eb77cc8f5d,664,466,677,570,741,31
c421346755fb4a4ea7eb0787c8ed922c,782,384,626,543,741,67
36791436c2c74481b2f4a7f7252b046a,606,358,612,553,741,31
0097871ababe469eb2ff1dc0445baf6e,807,469,536,500,741,22
ff85a3382ff444ac9550fbadebcb955f,781,386,627,535,741,67
b423c03bc1874a819fee2be65b341155,813,424,537,502,741,22
e24f9aea158141d3b9112d6b3f9963a4,808,508,540,503,741,22
f59d08a9cb27412eb9fd930f4e27a2ac,335,398,847,536,1004,33
7cfe724c9e6c4b2e9a3cae782717f897,722,443,844,463,1004,19
80a1ec7f37084b66870aa2f6abb6dff0,786,420,965,627,1004,20
7d90e3fa659841508cdaa39249b5bdc6,1116,211,551,362,1004,82
f4f361e7f9614057ac04a37c52ae0c64,721,447,846,463,1004,19
39ce9e8eb0f04b72abe1a9dc16d3b529,796,425,963,624,1004,20
dba8a86890be4938a9b637b656f8314d,785,426,966,628,1004,20
7ea76d771d654461847f17fbaf143702,1116,215,551,359,1004,82
d9e87fec6b1944a1981f5c556a1f07e2,502,248,796,592,550,32
0f4ad0084d284cf7adddc48c6e29b4de,504,245,796,592,550,32
a1c926f0061246d0b9466dd88eba5778,834,422,1063,645,550,94
b970f0bdef75413c8a0cce3fae3a0ab9,507,248,796,595,550,32
56fd79d92b3246448ab41cfbc6f725c6,827,426,1061,647,550,94
7b69382dafb540539def8cadc87f0f12,836,419,1060,649,550,94
d15d2f59afe14fad896771edb11c5e37,621,50,404,372,357,79
9c253c87b0864e5d9a2911eb6cc936a8,594,376,423,426,357,78
430848fd42b84310ae8cb52152a2acd2,689,234,534,417,357,73
655627900a5f46aa833d41b9a07088f1,626,421,746,659,357,50
74192363f311404cb231dd3a00896fd9,977,386,651,492,357,73
93916319683e40e1a7af4c01073e7a03,738,387,478,489,357,13
ae2246638c8c4b2da757fbc4f8b87fe9,191,175,478,353,357,50
a30724c425dd4a79a72a9cdfed9a4865,180,349,922,576,357,27
706125be22834bb4af3253b21c33a51e,395,230,871,815,444,12
f31218e330fe4814b989eeac0844f213,452,424,908,401,444,51
7fb1aade35564242854075f87aa503c5,441,432,906,392,444,51
7f7fe12cb77149d19117622b1ff12bd0,419,430,907,392,444,51
db6fbf638b1b4591ac4729c778ff56fd,394,228,876,820,444,12
dcaac237c74d4d49bb1ccdcee04c9c58,394,230,875,815,444,12
d47a3ab303bd446f8044d265fc02c4d9,952,11,238,199,1396,42
7d062086b95840ed887953a6cddb7b56,1195,221,658,421,1396,92
6ac4dc8e417f45f7b92b01d7e82c3a69,948,15,243,200,1396,42
1c7588b54305445cb800f09b8d40b12f,951,10,259,238,1396,42
61699d23e8194521ba372cd9d61fe577,1196,221,658,421,1396,92
609d30e3c2d04df397a3f775c649b7a5,1196,221,658,421,1396,92
f4434bab67f04a1fa55773a0e64b701f,617,334,724,478,436,15
82059db176474cb78952bddffbf6efe6,884,389,745,504,436,15
91a170bd29d3488a8685e18eb9b3dded,908,300,806,463,436,59
75ff9aa56bc04fc1a494d4478c4cf18f,886,391,747,501,436,15
33800d67b08f43c0900aa57c0e446893,887,301,830,390,436,59
da91a375efe54c30a00cb0dbe477b4c8,669,443,631,474,760,61
8cee4362f39748cab4b7317e027eb446,703,498,463,383,760,33
9ae09c7a38ff4cd49b5cf0cb3224f836,706,487,660,452,760,33
a1393d1bbfde4d5fa1f6a3b632f8e790,702,478,664,461,760,33
9584d695a2274aeb9d179f44e06f6481,754,444,545,471,760,61
c3e8bbe3773c4fe89d302a8d35a7b8c9,1053,299,532,475,379,90
8edc13e67bbc4ad180699975bc5b9667,1170,349,668,426,379,89
f4f41fad46d743e7a5251a72ce5560eb,1060,391,533,476,379,90
6501e88bf2be44e8aa5313ccc71e8bf2,875,388,720,472,379,90
5f943b8349e74431af5305f4999b1f21,1166,350,672,426,379,89
f09a010796914c0791b0754f60942608,299,273,883,471,853,51
65e416487c9d4c00b0942793aed72fd9,363,305,858,632,853,91
d70637984fe548b880efb3a808078414,398,46,826,741,853,12
9b0fdf6380e949eeafc5e7c09d5033f7,440,200,1092,703,853,12
1c538f8483d54480b35c5ca730bd6916,363,329,860,602,853,91
4c28c38c15de4ea7814a05b823152e5d,440,200,1094,704,853,12
97929ddb5d8e4a16b5f00b26e9d84c00,286,274,884,472,853,51
bd4a2409e3cf4c218ab48d54416bc435,365,334,859,605,853,91
24cfdb639ec346789522535efe12a4d0,923,482,873,455,974,15
a31d6942bd914c7a9e3a735fb37e326d,926,475,867,451,974,15
50d4db4f0a454a81b7cedecb88d2572e,644,395,1171,585,974,90
7eb49d6cf5594b7e873cdceeaece40f1,645,397,1171,582,974,90
dd12087a4bc6466f98aa8bf2d88453b2,924,469,869,457,974,15
40bbeee6d97244a89af02d07265ee450,644,395,1172,584,974,90
e6b93485deba49f1ac26d06b0868328f,752,206,273,266,909,17
a7f1bafa0b294df99f8d981a119d984c,588,460,891,512,909,81
440ea9ef4eb0429a95e2340eb6ba4dc8,754,223,271,263,909,17
a47d40505ae54859a7350e585c8e9f38,578,437,888,511,909,81
8fd90f1229b0484695bd2efb82434b84,578,435,890,513,909,81
0971a73ee5594b598e8fc8f5774b7def,741,212,880,528,73,6
4dd03d16715a49d98fce909b629115fe,358,634,686,421,73,12
ddb07be9f49c4535abc6a631d8c1e592,286,514,948,565,73,23
9e86ac8df372464584fbbd67b3cb26dc,740,212,879,527,73,6
19b59a6a8149445da022f27bdb4bafb0,345,470,764,483,73,19
4038e650bbd14697a1dddbe92d7daf4a,287,508,947,572,73,23
13341f03627a44eda8e36eab97d7ac14,1230,172,560,447,73,50
ce863f7920704f9b9894ab6863d191c7,869,591,915,471,73,7
8962a4220218407fb6fed0c81047c3bd,452,417,619,479,948,61
20b607a0b859498aa07a1dbf1682ac46,14,211,1205,503,948,43
eb7a872157f44fc5a1b9b9bf8526821b,14,199,1207,514,948,43
552367f585154bb48b5832ba893c1b1a,452,454,617,441,948,61
0a8d53500d9d402490537f41b84dd259,14,209,1205,506,948,43
da7e27b1766e4d8ea46c0fed5320e217,899,265,791,517,809,90
875e48c888b84300bad3363b57821ad6,900,272,789,515,809,90
aeb663429a84423e894656b0c20b0371,200,373,654,542,809,89
1bd83ee96358475ca436402178a5f944,198,340,654,545,809,89
16050b1ecb8a4bc58599967f47d852a5,900,267,790,512,809,90
4af2e951c1f84cdcaa4168011cfd1bee,201,343,654,542,809,89
5851eb22f6104ec3824595cfd7e84454,593,461,714,470,815,40
dca6275103b748bca7d0c3c22e0cfbd6,699,94,646,608,815,12
715d426f883e42409e42f5dfcf8fe259,766,420,1024,658,815,0
f8d457f9dbbe4909a84561ed2d899678,699,96,645,610,815,12
6ad8ab44029548748f26b28fe970681d,284,375,764,381,815,51
517ffc01bcea44c1b7a928dcd62a623c,710,92,646,609,815,12
77d02f0989ed4212947b13758b96a36e,296,301,767,372,815,51
3117715a37d848dd80c94c6c875b0a39,624,463,684,468,815,40
cd0b93bfa66c42c99cdf56378f6e9c3d,251,268,793,614,1079,40
0f332ed13d8a4c1192a2ede8ad07af5c,830,164,686,557,1079,51
b4b9765d0ff34bc18f4aec618d74b13f,845,157,682,556,1079,51
affbaf5b24db4fc484ce50c6dcfce382,838,159,684,554,1079,51
c077b3227d76459b8fbad78bd98e943c,250,272,830,618,1079,40
5c692104d8ac4008bf0fe24139e10002,251,267,825,614,1079,40
85dedafd16104144b59686751d850b52,378,529,766,549,47,71
79a946ef27d14104bf6f39e73d208838,377,530,766,549,47,71
aeb114b474b146649603ccce6259932b,378,526,765,553,47,71
6039a16e9b4d48f292237f7009bbfd22,420,201,566,343,47,42
b8e55dfd20b24ac5863593b614ce8c84,762,283,369,360,47,42
3fdb1561503447dfa5ce7273717a801f,762,281,371,363,47,42
bdee1df11fd94d33af98dcad16884410,392,221,464,380,33,69
ba7d79a3d44247a8a12578852bd513dd,580,179,1100,674,33,12
4fb2052237834bc39ea210d91130013a,798,252,913,463,33,51
2a00d9bb4484468dbce4ce531b7ecccc,395,228,462,377,33,69
338d37c9b5444c739359584e0bb62d33,396,226,462,377,33,69
6cc3abec83db4da8ac59d6a285009a2a,763,254,916,464,33,51
0d31b2a497314d4087406f03f49e36c2,442,210,1152,694,33,12
adcc4ad1c6c54ba8bf4cf214be259ead,883,367,584,417,33,12
48e47eba3cc5457393ab3bc3ee618f56,1263,241,508,530,263,89
5b64562eba2c4da28f3c9f08a2bb914d,128,147,649,481,263,69
a14bcd7605d440ccbb77aab539f434cf,1276,243,495,528,263,89
262622d457ec4b45b41d8bb4069f3a27,1263,237,497,536,263,89
c66c1c47276546d98c0b90d60696a3bf,127,182,650,483,263,69
f4cb610bd9b14e379baf535324917b61,127,146,649,481,263,69
7ca3e5521ccf48dc94533089665e75e8,698,315,746,597,1400,18
c36b27be24774d46b2b5e9fd39ed19f2,670,99,516,456,1400,71
c70ae9fd549841bc87b12bf64b63ff91,701,328,743,594,1400,18
9a86c46fbd5844e7bfba604ddde74669,698,318,741,593,1400,18
21b0c81a7beb48d8b0c22f3f01aa67a8,674,99,521,459,1400,71
2660cbd6eb564d0bbc806032f70df5d5,676,100,514,456,1400,71
dab820ed985948ac85520ed368d3371a,90,463,953,510,558,11
a91952de43ce44eb956b21b142f9fb84,90,467,953,504,558,11
ac269dc0856f4189a14a71869d6d6f7a,0,8,576,607,558,83
851915bd6bd8402c8418144302d45734,91,466,951,506,558,11
3f35d522d03d4c17bc86666aa25fa8a0,0,20,500,570,558,83
f3bda2e8bc4f44c394f1ec47c5626848,0,25,499,558,558,83
9b54ef7052d64b09b0180f9ea9b9264a,659,295,942,675,1105,6
7c2b6c60fae34604bbfb0509c6fe8f61,657,305,942,662,1105,6
32c5f76ee03d4f2a87d5d7ecdbfe6b59,1013,156,626,444,1105,33
44a644f7f435417b92add3d589c12e6f,659,296,943,673,1105,6
aff10f0dfd414fcdb5b2950719ff7dc7,1013,155,626,445,1105,33
67d655460a72478aa13668581d59b7f3,1010,168,627,434,1105,33
fa85750c2b0c43e895659ff48f18efb0,1153,383,526,331,1016,11
a21d52f0fdbe48e282529003988c4358,1174,385,504,329,1016,11
8935cf791c534aed9365228d0e4017bf,299,287,1030,597,1016,94
e4a634e82f244f56bf097cba57e58fd3,1177,384,502,327,1016,11
160b7643c49b40d78fd3ee5ae8cc3acc,396,285,935,612,1016,94
627ae904c4cc48a8b490352f214e7325,392,289,938,610,1016,94
43407e37b924491080b314ee2164ee9b,1127,138,692,603,437,33
00a9063a4b494908a276ce41b6f305b9,1130,129,693,612,437,33
db0c88244516406ab2d963e8e991b492,1129,139,691,602,437,33
4494dd8a18c94b48887c57a3639ffbba,637,432,632,499,437,19
f9f4c5056d834e049b3cebbc8f9686ff,638,434,632,497,437,19
1a8890ed47724179b60b4e01d724e9ad,639,434,631,496,437,19
7eeb452be46d420e97a3ce57b0b49f81,862,345,790,609,377,86
9347e57586ba4f0084d099b777217379,864,349,791,608,377,86
ab0c8da3b9e74bd29db82eb8d9c34913,864,345,741,610,377,86
5ef89ed51d604b18820563d7386df252,234,281,947,799,377,56
ca7ad10cb83d438c91596f07027695ac,230,286,951,794,377,56
66a3713872ce419badf41c1c3129da77,229,283,951,797,377,56
d3a0466e4693418d97695f1b54dee60b,769,428,658,460,1058,64
56ef648037c1415a8838111aa4f2ebcc,235,445,866,372,1058,87
c7b6d66e61d040a187c45c1b27cf7a36,969,216,889,498,1058,23
a49d60ec8075408991ad1d6d6206256a,98,132,603,400,1058,39
baa63d82c89b4867a8659ec3eb0d3aa5,236,524,993,555,1058,85
78240bdb8afe4737bd83f11303d280da,208,532,742,395,1058,87
c9b8f402c56b473aa667cc69be7cbcfa,779,22,344,330,1058,84
5d888e60a2274c7cbe5b9d141c1d0340,347,283,931,589,317,94
9b9d115f819e45e4b3f3d134b770f7aa,788,306,717,471,317,59
91016d7490be400ebe25d52ebeefc98f,788,305,718,472,317,59
be745c00b7fd41329e7ebd754bfa0dfd,352,284,925,579,317,94
c029e67ac7bf4694970b460bd248a95f,791,304,716,472,317,59
1c9a2b8321c64e99b51945ccd1e39bf5,350,284,928,587,317,94
9f4709b7ba904a8685365cf00c16c906,411,545,608,356,812,40
309de7f749b5465aa94f3bae033f5e15,379,537,613,361,812,40
5022f3b9f0ce4f80aa3f13f0850639b5,542,413,428,361,812,78
0e8617581081437e8277495e24fd8b27,536,411,424,349,812,78
344070f55ddf4d7dbca57c61119b594d,568,270,494,405,277,89
548fa49a676b49298148af019ee46eb0,708,410,463,482,277,90
9af8896281814d9285cb322824b525d9,708,407,463,485,277,90
4e8a00576c374f28b1a0e193c6fc3131,707,409,464,482,277,90
26849b377a7841fbb72f5086eec4b83b,568,274,494,402,277,89
e2de7959eafc498db27f522b9cac75ae,562,269,494,410,277,89
1aaa9ef342274bb7aaf54dcf652dae0c,721,298,359,334,670,17
6a29d25058cb438c80bc96c9d24a8629,412,0,669,460,670,60
12600dde111c4f8488dff25ffbca1b63,412,0,669,461,670,60
73be4c1605dc4fb78ed9b9507ea90bdb,410,0,670,461,670,60
2085855e422f4ba4a1de4379478926b9,14,188,1150,571,1457,89
d34fe46d34c646abb370df9ea35a3a9f,570,324,1350,518,1457,90
02729c5b24fa485e943a523837b76e88,564,336,1353,517,1457,90
62f6c47800e14b68bc0189e8cb73221c,14,189,1151,571,1457,89
e4717b987fe644b0bc3abb80728c54dd,20,189,1140,569,1457,89
f6608a907a194547b15aeac49064a4f0,564,341,1356,513,1457,90
6d076a4ec75d4d56b3dcc27bf0a70429,850,339,1038,482,1195,1
ab84b585b6e146fcb5cf95b9a8cc44b8,853,414,1035,476,1195,1
4e692cc667e747bdb9e7f7c971dfc685,810,152,564,499,1195,91
e872ee1c5b3342cc9cfbfa420a9c7056,851,338,1039,488,1195,1
f723c789224a459ba31bf9af34d91012,808,153,570,498,1195,91
cede7b85f7e74b6382269d9af9ec6381,810,150,564,502,1195,91
ef856b5706b54af6b38faaea03546f60,780,136,424,373,324,36
1e2a164e05c64dbb842e1e4b13bd5138,765,339,567,528,324,63
f0ef7b58347b49099f41dc2bec3cfa2c,196,158,1126,922,324,94
dea4bfc7d61d4051bf5f390930fc499d,1046,257,513,365,324,20
1554f9d270084cc687210465a6fd5b63,334,271,740,808,324,86
31b56e9352c549bf9956582bd5287f7a,1047,258,513,363,324,20
403d91521eb24c819abe314065539db3,547,316,812,700,324,30
249cfd9c13f94c95a9e747959d0525b9,335,278,738,801,324,86
bedfe6cf6e534788ada8457afa9a3cbf,622,201,486,385,310,41
c7bce2311335488f886be20d5bfa7eaa,621,217,496,383,310,41
fb80d1187c094bf1bcb262194e79d012,676,315,697,452,310,35
549b8521964344408984da6061e16d61,676,264,711,452,310,35
d6d649247a3e4b358cd8db3715ee7d35,576,374,572,595,310,79
c6fe3e874af44d9288d25e966ce8e565,675,310,711,452,310,35
5dcc1b2fb83942e698c60fe2b124ce50,576,375,572,593,310,79
75dd9522af0940028190a53e6696d137,399,373,749,596,310,79
6373073c60f04a9c85cc3892c3be2fb5,580,385,769,519,531,90
ee32e1bb984c438c936caeff1527d2d1,579,385,771,519,531,90
d3a8be953eb5462f8986fc82d075ec43,547,357,383,341,531,89
217dc224802e4ddcb45cd42e065f23a6,549,357,380,341,531,89
af8ce567b58b4d2481da9033f275e932,550,361,381,339,531,89
de71dc0548c84058a6a1ba4b3138a31b,578,387,771,518,531,90
ddeb6af3cf0544d7b49674f205283219,796,138,383,381,481,4
620f0d06a77645a9bd3fa2a702ce8311,783,478,571,433,481,63
e069b2c13bef4010803240f63f330142,796,139,371,380,481,4
59c08ef8462b476dbf87f2dcbd3faa4e,796,139,380,380,481,4
4d5389103e6347708243af6a58f0197f,632,308,740,620,1447,18
21bb191cb4204142b3cc72dc01f5e1b3,667,231,820,609,1447,49
0e5c8883a014445dbfd17d8fbd86c1e4,633,306,738,626,1447,18
96a34a34682448379c4e183df69da2e2,507,389,564,538,1447,71
f92cf690004f4a438ca8bb3d30c812d1,721,213,791,591,1447,49
ab188450a28848c6bbce43120fefc4a3,506,388,564,536,1447,71
b14bf3b0f86e42db84d502dba09e6b3b,668,230,818,608,1447,49
efbc15a004234aa3952f22cefdd33260,632,309,740,619,1447,18
4a74622af3df447c8c660567ac3a3350,442,412,421,312,416,33
e5b042998c374a479da63d501c8be25f,553,499,550,431,416,72
d9a5e7d9a63f41dfb2a1471e0410d729,550,492,552,428,416,72
74b582dde68f4d368037d3215a2ccde9,296,287,958,531,416,74
721367067d9843f28ede7152d74ea899,307,290,957,514,416,74
2a49b89dfde442f5a932c5480fdaa6e2,444,414,422,308,416,33
47a0a9eec4864387a8ccdfbf5616f1f4,553,498,550,426,416,72
cf665e73c33c4f0b8bec3e1ade2871ce,442,413,421,311,416,33
e6e01c930783466aa2c02758ab58bef0,1085,407,471,459,849,90
0cd02e964b7f418cbcd773d8a216efe4,1086,405,477,466,849,90
8146d154907f4763999233df99203362,1085,412,478,462,849,90
85f86ce80f9b47f3b0efef9f65e6fcff,1357,392,561,488,849,43
4728c957e3924787b473e43102db1258,1358,393,561,487,849,43
72bc1a7f3d3842c7ad2dad36ddc5dd3c,274,623,672,376,130,15
521d9da1633f412fa7e11c3f80c94c78,285,623,662,379,130,15
ebeb8d7ff6d84d72848dd3ef3cd40322,1319,279,600,315,130,92
a798705389db4b24bdbef0eee4b04f34,275,613,669,384,130,15
53fad12dacf14665bcd9e240e37abd95,1504,201,414,312,130,92
2989f7210c5f4644aef4b5b957cfb1f4,1410,248,509,304,130,92
c659bb51d42449e387aeef6bd0cd641d,666,426,1040,526,1402,81
527bb65afa1e42a9a63dd6be3776950d,548,489,542,464,1402,69
20d274508de04f2cbe48aec334fae2ae,545,521,543,467,1402,69
f1301b71caa843deafb7a4f533382643,666,429,1033,525,1402,81
ab639df203e74022a3a42dd417f3fb26,666,426,1036,528,1402,81
83896712c5384e7a99410599208206f3,523,490,536,454,1402,69
fa22fd2fdcca4febbf829641153647ea,841,83,435,479,913,77
e8681757c72f45db8518bd5bea53453b,629,526,1134,554,913,68
84f1c71c0d0941d381ca8b8a9993a0e5,842,85,432,476,913,77
e83b0cf54b4940d0bb6f0d35573231eb,634,521,1133,559,913,68
0b22223d81bc4914985802e7467200fd,842,86,421,475,913,77
848b07eccd3046ea89429f5170a45d53,613,527,1130,553,913,68
c80243fc13534458bb0b5ab552c1893f,791,168,644,505,790,92
26746c3a1b124f318f0994de23868e4b,896,137,848,608,790,0
d933ae06c75e4917aae5369b5a645e94,600,185,831,512,790,92
1310d9c1caa7436aa73cc0a965ab4bf3,707,175,729,503,790,92
c7ad240bf20342a5bfd49b67e3ca40ff,910,141,855,604,790,0
f43a1f6b0e5946f69b55a9a9b6cb8626,623,485,586,555,425,13
773b4c5fde76459fb8942eaa440c22ba,623,485,588,547,425,13
311a4b6145604047b73ab011990391f1,90,297,725,323,425,43
b523166c90e44f1bab60711664ea6796,683,483,717,449,425,68
11e988d07bbd46e3bb3f4d7988a86eb8,683,478,715,451,425,68
2d1669a047ef449fb47dd3dfd2af7b3e,621,484,590,553,425,13
c1d0922ac9e34ae9af99477060b9335b,652,490,714,449,425,68
943c7ac8db424eaea2fb8b8b42d778ae,378,182,452,383,1417,40
aac8c5dbda5e4125b2a9453a56b20638,655,160,1012,584,1417,85
6800fb4be297494b82424c0e818e8afc,403,285,615,429,1417,61
a64bf8daeade464296fa118086847bc3,379,177,452,384,1417,40
5622ff544cbf48e995e74249b2e39473,379,178,451,384,1417,40
5046f4617ef84b66a65951d53bc8c8af,414,272,711,552,1417,20
16845fe660f44e8aaaeb293305a88a82,514,312,914,745,798,68
ffcd9f5c46e74b4192c5797ecfa629c8,233,261,813,473,798,86
d4aedd097dc64bc782e996702235da28,511,303,918,763,798,68
409cdbf229b3498b8476c0656e097940,234,260,815,472,798,86
c09b000d13f04d77bfcae570715ffad2,554,393,707,516,798,12
b7ca66ecb7be4395a08f2de7c068cf05,557,394,702,517,798,12
476dfc304ba14ea9ad2b5461bdd19649,523,303,915,760,798,68
faf0d7bc132f48df9daa14ea688c3fb9,233,260,815,470,798,86
7c759ac506b14dc1a113f6fee4cb31e0,637,270,618,612,74,60
a27fdb3a77ee4592a898abbc574c796f,768,247,562,469,74,91
4020b8265cc54c7780bb0bd22b23f355,584,398,652,515,74,91
d1aced5660a44ffba8f22dbc60c6fbd7,637,268,619,610,74,60
b091cbc72e81446a9b629fe44395213b,639,266,617,602,74,60
c574e4baedd1402b88a02627cbccc4a4,567,268,541,464,74,53
633572632dff4e188c83b327a5c36db6,598,189,644,566,74,71
8b0009c7eb7948ad998123f158eadbc8,703,262,486,556,581,70
2fa66845c87843d497f1f3cda9d631cf,476,230,912,676,581,86
4d9dcea3259a4f98ba0da1bc52f74764,705,262,486,563,581,70
9822c7481f8c424fb6dc8b22d19c8645,477,229,910,677,581,86
8848b99fe63c435fb1a5f63806e48987,619,269,904,691,581,86
58081382ae754a62b8315e602ed14779,691,224,521,632,581,70
2bb22352192c4fd9a0042f02f452ad59,710,387,565,596,265,86
9e60e938915e477cbbde6d808b97351b,845,387,546,417,265,63
b8820cbde8a94f2fa3163ad9a60df252,711,385,564,595,265,86
a94ffbe36d8b4c12b3a91fdfc03b6c41,712,388,563,593,265,86
57768dc82d72416588c8a4617c69acda,840,387,551,417,265,63
52606d6098854959989228b7e4a428e9,839,387,549,416,265,63
7a6a8b57f0d14ea4af0b6e501f6af4cc,45,681,856,399,1475,59
b4e01ba78e69432ab5a0d31960276e75,1088,373,503,319,1475,17
10648b00c57e4794b8bffbde275f6c44,0,676,895,404,1475,59
756bbc7375b546ceb9bddf25611117e0,907,417,527,328,1475,17
836666ff43e441c0af0654588976b73e,95,685,961,395,1475,59
c95d53666c9749a68bf54cc6722ce79c,957,270,592,488,559,92
3cdf56affc0a492b9f891bec52525ccd,721,418,566,381,559,42
1f1af48b9e0e4b188bd491b64f68afa5,954,267,594,492,559,92
bdd6ded5fb964f19a640e0fa4ddfcf5c,634,112,682,639,559,28
884cc596d18e46da918d04de1c6ed7ce,364,539,621,409,559,42
cacc87fcba6f46f5a446fd2ab761fd64,958,268,591,490,559,92
65a73820e01c45b19683ee76f94216b3,632,117,686,644,559,28
636eebac1f4f4c0583c396c7ccb67100,637,114,681,645,559,28
7e3a9c30522f4dc9be323ad5e5b347fe,0,0,857,720,100,75
31f591cbdd2843978c6880142344ca55,776,0,542,569,100,70
d555460352564e23bacbf10e317d100c,1,0,856,721,100,75
3499d8244d81446f9e171f4d0bd5f17f,779,0,558,569,100,70
649f7a353a2349cab8e998ef0ae128d4,803,0,522,567,100,70
a86b6d85d7c049958f9b04c6d28ead95,810,125,297,321,1454,17
3d93aba25db64060b351b89a122f38e0,647,207,681,739,1454,71
2673e402b61242ff8ccb305b617125ae,122,170,562,418,1454,19
66f128a957eb4e1a8c9800bcb1c4b397,122,172,562,415,1454,19
238a0dc7c1294ea3924d7a56e4807cc7,124,170,560,416,1454,19
310c78c8926049e48a7ffe7b21304df6,645,207,656,734,1454,71
2a92107d74764c28949ae386bafb041d,643,205,662,735,1454,71
16645ef6cd144444b94d18f55751e4c5,672,454,896,462,1363,19
f25cd5b149e44804a577282d29dbfe74,760,500,478,390,1363,63
1f074952b673425086298352f0ba031c,156,282,687,418,1363,86
48d4391b2f404b23aaddf458f31a38dd,672,449,897,465,1363,19
45054aa3f15b43a2b7a93e5c362832b4,154,280,701,420,1363,86
7a0b3e1030634c549d3f28f568175c97,425,353,1189,562,1363,74
abe57d21aebe4897b2f5652d8f7f47d1,674,451,896,463,1363,19
6a7a3763560843d5a2b8bb086ff81efa,337,302,796,723,1297,72
b4ef13ce68e54943aa84d0c0c4193c17,416,162,1156,763,1297,12
316b8f23afc74b54b905dfc71ef6c3f0,415,172,1156,753,1297,12
5b6e6b4087ae42fba10948863e148d98,357,304,791,723,1297,72
baf792b61b4c431285d0ce236fb0f9ad,348,302,789,723,1297,72
cd65d3839766432a9733dd82f5127eb5,690,1,734,705,1297,26
a3130474b0794b168d813e7ed3de391b,691,4,606,701,1297,26
4ad8863775ef455eb7984f767149e962,548,301,785,602,1428,48
44764ab4c1e4452192bb40e3308f9d0a,549,300,785,601,1428,48
c78574ede0cc4cbd9293886ef9a973d8,200,383,586,433,1428,89
2076f2c6f3d5486aaebfd718b36fd32c,201,400,584,429,1428,89
b82fed1cc49c40899e90339a9960adff,547,305,787,593,1428,48
ac4cb66e59a547859517319a83efd4af,200,389,584,432,1428,89
2e98a115b5d64645bf9dab336d62925f,799,353,533,446,97,63
537ea51cb7e1426592f084b45c2dc5b1,456,432,622,428,97,62
5ee68a391e8c4a7994375afa5e725910,456,433,622,427,97,62
a48c0a3da59a424db1c356c7fda1029e,795,353,534,445,97,63
57328608f467439999ab141540222bd5,457,435,623,425,97,62
dc7b4a22593e4ebaa734a6b17ab6e7aa,1072,226,620,443,97,23
57667f92cd5942a094fd2115747b65b2,1072,225,620,444,97,23
14081fec76994de9a9850b389b1b722a,1073,226,620,443,97,23
e9fc99d11cd04b75abafe165f51c5421,513,182,774,729,1383,12
6653a06e4736470a9166da889f619661,520,200,762,710,1383,12
5e350e745af14592bf2bdec317cea744,295,449,862,631,1383,54
572e2b6112fe4d1c8625c68fec54565d,417,394,835,412,1383,51
46cafe9d6eba49e594bd78df08d41c2e,449,251,795,641,1383,65
070d84d698e54cee9f7e2d2501576ae3,442,250,932,637,1383,65
3e40e211866940608cb2ed49614f6adc,1077,571,841,509,1383,16
a39a245a1d724a40a9f8938ce12b5887,1023,560,896,518,1383,16
d2e9527b86814ada966c1cef35060d31,685,217,559,442,86,28
128770bd52b148bbad10bbe3eb2208df,390,297,746,590,86,20
e8c997edadee4c058b1b91ca387e410b,683,189,555,475,86,28
4e9211da8b474f0cb2b4c0c6d10c9b4a,342,299,795,590,86,20
58c911d6462045c29519a3c25845cd6e,387,299,751,589,86,20
fbd3e60914864ffc820d76ebad13bc53,684,189,568,443,86,28
013df7a0c3fd404db61890debb4cd91a,1370,396,467,292,1532,11
7f3f39ff9878480f852cec53a169c962,464,227,796,705,1532,13
92c6766e9dd74a909242e74aaebc2936,542,264,730,570,1532,68
e31f20636e464147a225f55f497a4480,1191,416,549,302,1532,11
95f4ff287e954c39ae6ee8e7c9f9daee,466,227,793,707,1532,13
64c2efc01db04247b3ce5bf7b9a7f633,1350,390,486,297,1532,11
f3c639ac7046456a960623b5006b5210,354,266,687,534,1437,90
77af0ec71cfd4268a22a44100f7a8e27,250,294,660,599,1437,89
7dbb22d36db2484585aec0c8545839db,856,226,716,589,1437,89
2ba24605abab4d038afec9a1457997a8,857,318,547,498,1437,89
91f30aff2d5240d59c7bcb3d95a014fd,355,266,686,534,1437,90
2d1b4653ee8f4aa681caa4580b8019c6,354,268,687,531,1437,90
b3587edca496409a9381449204827b43,107,175,759,496,744,16
f9f6bfe18bbb4deba3796033d6a5f92d,106,173,760,495,744,16
64c24c07f5b04e16ae505bb6281e0529,106,167,760,497,744,16
e72b70ee51e54c5da5d0d578f004cf3f,1049,348,631,722,744,86
2439c792633c4a08a1573dc8d4d77006,1050,351,633,723,744,86
55365b01611b4fee833e50d26796363a,448,139,981,681,8,27
a9c7758ec9fd4f6ba2ef988d2b72460c,450,136,979,685,8,27
fc00b3b6be5f4434a518c22fd1db840d,598,127,648,742,8,21
b3d7eef397d04d2e993b06d1d321c99d,448,138,981,679,8,27
e7d18684565345608608036e07b11897,597,126,649,742,8,21
41eb470705024a64892964e71c7b2205,599,122,646,740,8,21
386fc8ca75ef40e393d9705ec9345017,1173,471,724,501,340,90
5c51398429e14a15835fe97974140fb0,1150,353,680,379,340,89
7ce53b7322fc488690ba02d20b250cdf,1175,472,723,498,340,90
37b1014d038741fcaf6008b63e36771b,1148,354,685,377,340,89
cf27a4a3c6ac4c82bc293282e5d46a06,1174,476,694,494,340,90
cd406f31902f43d78dc02845fe4b9158,875,436,818,449,340,15
458a19bd8c0448e7b033e809d3f0cdb4,734,398,787,432,340,15
9b8826110b3f4eb38bb46e8119b12baa,1054,456,733,367,340,89
34115b569d224427af0993048332ada3,597,272,487,360,1471,63
342c3892756340b99c6dc7621767bc12,575,131,846,683,1471,56
e42309ad0cdc4d07b8d5c29829f27847,1296,229,466,339,1471,85
4455517b60a44bd7b600270adaff412b,576,133,750,681,1471,56
0c2301a940a345eb8ddb162a61ee65f4,597,269,488,358,1471,63
0e3551bf4ee0440fbb6a45a886f4a521,1288,231,474,338,1471,85
4af3056a3e3443f69037e4048ae04a86,597,268,487,360,1471,63
0ad8744e14ac4a42a004dbf97ed33095,575,133,754,681,1471,56
6885d693a70242cbb179772b680a0039,772,231,750,495,696,43
9a40c285023f48d29b90890fdbee55c0,67,511,693,494,696,90
b0d2b1d7c6df47adb7a3fa9c6655fb3f,71,496,690,512,696,90
2977c87360b24866b60d4ea57cec7fc6,1099,323,820,486,696,43
df9f36ed0f3c4c2598252a82668a1261,77,500,691,505,696,90
42d603f86d70443585b9ee258389ac3d,595,149,705,584,696,43
9bb391cc299f46dda9707c10594c7aa9,602,114,490,501,1133,84
b772c296c8d442e1bb364bd0b979ba2c,383,126,674,534,1133,84
80d2329ef3454f8b97e48d8ffd60a6da,688,238,578,648,1133,80
c841c802c04d41d49b16d775806adb29,621,115,468,500,1133,84
8431b110a82f420d89fb3bffafadf74f,685,241,577,648,1133,80
b9e75b8d940240d58869e1dfa39396e8,492,527,656,343,32,42
87f96ebb1d554863b5f634ef6a263a7c,828,214,291,272,32,17
035d2e3a9a9e45068cd82faf2b4bbd54,684,0,612,385,32,60
a5a14325d23e4735b3e4c243cb0d740f,762,300,315,291,32,17
2881e71760724f178c17cbacbc664b30,682,0,615,417,32,60
c977c3b33ae5414ea2906d5c8866b4d7,741,369,581,491,32,42
85ec3f241bd64939a20920cee21a33e9,684,0,628,390,32,60
6d4c2e0c0ea64681905dbfa96fee5cf4,492,529,657,338,32,42
9a0798ce50434794a771da45c46b3f48,1155,418,689,551,471,90
6676046cdd7d4d389cef9950d917ef0d,0,282,450,442,471,89
dbae7ee5daad4771be0585ec010c4892,0,268,450,457,471,89
a9c3e631dd4f4158a09fa30c3689a210,0,270,451,443,471,89
7abb2ca8bc48441e8aedf1e6965ddb18,1150,418,692,553,471,90
3a6a19340620491f9340ce2030eacd4c,1158,303,591,365,582,51
8ce003cc0856492692f51137e9a44cec,516,387,633,414,582,51
2b1d79f7089942a9bfa36fc3244c49c9,479,371,705,459,582,12
73de3cb3fed94821b8ef950d035c7560,479,371,705,457,582,12
4ec9008c9c5745ca95c7d5b52e40a0aa,478,370,709,456,582,12
16f14f36539c4cb3859a63ec01dc8f36,514,383,631,416,582,51
1866e1f142a049808de3748631f89766,1085,105,499,399,1306,54
3b022fbf6d7f497f8be82f0ace81e25b,1079,106,591,398,1306,54
b4fe1fd1ce6b4eb9bd2561e38fe31011,542,34,785,740,1306,94
fd5a6cc7c9f346b4a8eb1d456aeaeeb5,545,68,783,710,1306,94
2af7bc1b4f684dceb5d33d56e4a0ce25,263,423,825,489,1306,54
4b20b86706a946ef9c9037cab2b54de9,334,56,993,748,1306,94
6ea49ce2f39a4de59347f934409fa6f7,185,514,1051,566,882,57
be299e25dc3943ee998e0800972ff66b,185,515,1051,565,882,57
5c44098f3b86422fb3e901913c1f8034,73,174,841,538,882,21
ee0481b893844e6faa8ef8f53e6c9a72,73,160,836,540,882,21
38d67c73351d4f14a096ced5ba7c8062,184,514,1053,566,882,57
4cd0ff94f54744a1a342f743e9493ae0,76,170,833,541,882,21
83fa19f86a204269a4246ee57a387d2f,411,100,449,369,174,31
f6d143741baa4c26a5f8bf88a9482de4,897,444,555,354,174,11
bde3cdd02c2e4d19bc00f9da94125f82,467,91,535,417,174,73
f7c5f8d8774443f4aa769ae65245ecd4,636,62,371,418,174,73
cd6da87750ba4a62851f8269d2137541,411,100,450,368,174,31
3728d99202394bd7aa84b86454ab7228,411,99,450,370,174,31
4cbcfe9c130e45268c27d9bbd10efd32,341,346,619,488,76,20
118df9b83a684c3ca79616dd4f02d1ba,654,376,812,480,76,82
8c96523f85eb44f2ae36229551e6845c,378,360,584,503,76,20
b730e35f69034de6bda0092652a74464,654,375,812,480,76,82
1ab38807b0784c959dc98fb653a176d7,827,353,754,449,76,82
9aa701cd090348729d1f25e057e24e60,78,200,661,342,1500,44
c4f135446de346158651cbb6bcf6990a,657,502,652,570,1500,1
0b36ae97505f48979ab345e8c96185f5,477,407,759,449,1500,54
1647268ac21b4639aac45c419acb7591,643,508,694,559,1500,1
1f912a11eace4623afdb68a608295b35,115,313,700,363,1500,94
2c055a7feb314e8797b0141387b354c1,94,251,938,439,1500,44
8d4c9990d28341d580221d2e8524fa91,850,480,698,461,1282,51
110cdc7f10874efd8521e5081492d88f,896,638,933,442,1282,24
72f6b6a60ecb4455bb2a1e6d1afb33c3,724,474,689,457,1282,51
35e563b5f4bf45a4884c8ab25e986c17,892,646,939,434,1282,24
728be4ade678418380f35f7ec1e39789,892,679,943,401,1282,24
476a5c65076144b98a20f0b0753bb04d,863,479,686,451,1282,51
20090dd3037b4df881e7dbe11314e261,571,369,818,463,887,94
d0ab089f96254e589345c8469d982a7a,771,269,437,399,887,36
23ea5626161f4364b1296af8761303f1,770,271,438,401,887,36
58f7cfb785ee4d149b8128587a410c66,570,364,810,467,887,94
e63cb2a1109d494fa9a28902a789969c,768,268,438,399,887,36
0dc64fca41254f7c8ade0a421ed3065a,571,364,821,468,887,94
e4d39a4e46ef4882bebd42e02c56681a,462,270,707,463,9,20
66790e80d7e141549ecf2efa76ade349,715,280,734,447,9,82
2820d376a61b466ab6ae90ee80021459,714,276,732,451,9,82
11a1b53f158f4a4895eaba0e85080a44,459,274,708,460,9,20
392c0474fd5d42e8b84f810f35ad6d57,457,270,711,463,9,20
31a9808dd811492fbfcfd4ff247b427d,715,283,731,452,9,82
76b516d366894d17879058950f835f5b,1076,127,713,536,1162,6
6fa3963b3ff04c329fa536e9575cc48c,539,385,725,472,1162,19
54506d5acebf4174b6d6702a39374f12,539,388,725,470,1162,19
26d4e4f2fe83468c918e0a34a37d1939,629,386,635,471,1162,19
528b38f7fdfa4af9b32ac4de226a5b89,249,306,555,532,1292,89
3277050bac1b4d5b9842c4b9a75ed44b,249,340,554,536,1292,89
d7ef4213dd7a4eaf9aab4574b764d9ff,245,347,555,530,1292,89
1bff0b5aea854ca4b61fa2f33abb15c3,807,275,798,495,1292,90
f8c65ec4956b4152bdc7174a0d30a5e3,817,276,793,496,1292,90
f1c647106be14ef1ba7ffb2fb02c4aa4,800,218,808,496,1292,90
3c5c5023325942ed933f16f4ac949a11,709,247,404,322,1359,63
cc6a1fb48b594e8982404e60cf89e56b,711,247,402,324,1359,63
56e2f5d0c9594bbe88c974c0be534449,1452,123,466,382,1359,92
9609dfec1b9c44e7ac3cc2e99357ede1,710,247,403,323,1359,63
96c0357d26ce40eaa498eaa2817e461f,609,378,754,471,202,89
bf90a4f1cd354194a8c508dc29515962,581,356,906,434,202,90
a79474a99ddd49c08179d894e5776b7d,609,377,755,472,202,89
cad76c30ad0c47e0afbfeb30575817bb,608,290,754,548,202,89
1f4202c2f1a14fee8220f4f7173ec7b2,583,355,899,433,202,90
8a68e005fd80480985c858b28ab2eeee,582,355,905,434,202,90
948f9c40657e44729d75d37c59f0df3b,653,371,503,422,415,89
cffd966a08484b708b58e3bfba919a78,761,416,438,436,415,90
4cbd3bc22d544c47b4021ffeed4584b6,761,434,438,419,415,90
9e4f4c3cebda4afb8d4021a9bb673ab7,760,426,437,428,415,90
0d5321b2fe8d45a6a9a64dd830abbed1,654,378,504,416,415,89
362d8d44795545fc8118cffa47d026d9,653,360,510,440,415,89
741da5d0d83c490db0ae2d90354204c6,267,268,1026,688,1138,6
9c396e5cf89547989145af32d2b11319,267,272,1027,684,1138,6
21038fef3f604b75b6e1addbf8421d59,199,323,774,533,1138,19
84b01afbb7a843afad58cb37eeaff11e,199,327,773,529,1138,19
d678718b8f38459bbdcbd7b720db39d4,267,272,1027,682,1138,6
fd73b022b6094266a6e1bd5295e40768,643,420,673,434,645,90
c8550ddc12cb42a883e8354fb6b36d91,1363,98,513,370,645,92
b837fb8c930e4271b17fd7a55a5cacd8,1362,126,513,376,645,92
2ee670b2b86d41e49e6236b26f1caa7e,644,421,671,433,645,90
b4ca4b57bc6a4e68ae105d472b1b8589,1363,148,513,353,645,92
6164c40618b642889fa1aee3d9b2ab18,642,412,673,441,645,90
244525812c37436281b340b247a36a53,793,366,775,479,1256,90
4c4af3cca295431da04c830f5c85d987,527,216,865,774,1256,38
9b11e78fccbd48698bcf9dacfb085f35,799,365,769,481,1256,90
a0565faf8f8f47aab211549cc7b08bfd,796,364,768,482,1256,90
fb1ec132e8504aff9e87baaf0841eaf0,528,216,864,775,1256,38
ec0f49245614483490da8305c53b15e1,762,115,345,344,1256,38
08e31e5e00cf45b18f8e65f00e672428,849,353,1070,541,856,1
ecda6d806f00442aad86167603cc1a01,1237,79,681,441,856,51
0d1a99f34545404e88f012a298a47185,268,379,724,541,856,51
7afac3fc8d284b8eace0dbeda9adba1e,907,329,613,450,856,12
0157836585d044338079365b8af754ba,897,372,1022,543,856,1
7021aaac4a5742aa90f6188c48f33650,934,12,984,689,856,12
46dbc191ccdb4a8ab0690cac9d90643e,829,362,1090,531,856,1
addf7c807f304f2295bb74c406666912,1221,83,698,437,856,51
f4278f76f63c4ade9a9464b4d12f56d8,1133,380,676,380,895,11
c2e4747453d941b894a07275f8f98bce,1135,380,672,378,895,11
ce53ff7242d5461398d402c50cedae48,1134,379,674,380,895,11
cb659b378e8d42d6b6287a7264298db3,752,367,344,330,895,17
d7de6631d2f74c548443d0c2fb8091f0,274,455,807,407,1523,17
4b500d073d75412795188a561bc7eff0,276,672,648,408,1523,59
c59be348f1d24f7b857c5507bcce1a21,275,659,624,421,1523,59
bc658623f1ad448eb4b8df4806a6108d,104,569,558,368,1523,59
93ffa1c4dca940be9b4d5494ef756f19,275,456,805,405,1523,17
0876708bc8fd4134936225cde783490d,274,456,807,406,1523,17
d6f61b00a5d54c15a7057ec0e9091d4b,423,82,432,357,641,53
e8e0a7ae86394586976479403fc5974d,423,82,430,370,641,53
5d149fa34f3742a2a51bb9ac82d9edb8,423,82,433,366,641,53
079c55ab37bb4a32bb6472fc1d2b5ca8,866,389,780,490,641,15
60e8f74bf9f34eca9a34f43ebf2d6e29,868,385,777,492,641,15
041100eb8d584ec19caad0decd6e9a16,866,388,780,493,641,15
cfe169c2541a41ad844a2e579d5d7bea,299,174,702,707,5,89
d251cf30759f41169fef65c5007d5104,817,104,847,724,5,90
8f1c6587d9c14f78b40fd94d50606c65,827,6,849,752,5,90
d0c470e6c09d4f2dbb595c334bb81a3a,297,161,700,720,5,89
c92c7a34e6654bea92bb5f3c99a323a6,300,169,705,710,5,89
8a121b5914374ef4ac18dadeff3f1e27,817,100,847,731,5,90
a62c84ee211e4360b7519c6976df11d1,1087,520,689,362,79,90
4b131dc64ff84fcf940c5e4d2b0a07da,1086,516,688,361,79,90
854832ca41d74d34aab01572a90a0e45,155,245,548,425,79,43
7a0bc6de752a44fa90f3388df4a7a949,154,255,546,414,79,43
fe8e3e5900704600a8cc3cd63d961757,1077,517,667,359,79,90
cef6c22780674234b77b788ae32375cc,155,240,546,430,79,43
28247576fb5d4a918d9b156b04951a04,578,129,523,493,883,53
19ed796e7ae84ab0afb6a737bf0a1dfe,169,286,691,472,883,1
27dbc99de68f4aa8b928961ebc2dd4e1,421,104,433,395,883,69
5f61280be22a4bb6afb53cb0359d3504,421,102,434,398,883,69
7216e097592d4a72889e204e868fa86a,420,103,435,396,883,69
97dd9547988e4f07b843f7e5db923531,169,285,691,473,883,1
4cd5ddf9d2f94144bb86c52c56b8e1cf,577,130,524,490,883,53
6e255b603503408b9764a5a987170044,832,0,508,395,1350,12
ce22d2602b3544178a443553a4d06447,483,44,820,808,1350,12
fe806d7e6fd34825a890c4a98dab3edd,518,119,831,763,1350,40
ae32615aa2f64c16a1e7062a1a905282,162,0,895,674,1350,51
3a47d52c433448c38cc2845d96b56e5e,664,148,737,766,1350,63
4508773cdb6f4e528bb20ff22d4032fd,198,125,1100,871,1350,12
7d271b25c2cc4ddfb24b58c395de0d28,635,10,603,678,1350,63
c9c8fc98da004fa3a9cf7527ad4b6614,681,156,1236,823,1350,94
f4c30498300f40acb9e835131de41d51,756,287,524,429,770,63
f033353dbb0444789ea33c7ecdc2341b,751,282,516,335,770,63
6f9c2776b540430eba9a3afce6c613d8,685,395,965,655,770,39
7fb16d25c68e4bc18526f4bbfeefe1e7,684,399,964,651,770,39
bf564b86c2644b97b261da79925a9843,684,397,968,651,770,39
7b78692416544095891e5b1096e96fb8,748,282,533,426,770,63
41da8a7145514ee3a1ea5ba96d26b482,596,65,538,708,127,79
96412e2774ea46fdabc008720d832ed7,501,409,726,479,127,50
0ab92e4a48c04331a5d6606c63c2cea2,782,395,592,536,127,77
5e78afdcf3ca4a95a710da9d1ddd35e9,704,404,668,534,127,77
42779756f76f4d5caf3ed5a5da987c56,705,369,510,515,127,68
8cc919fb39ba46edab7503651bf3d7b6,501,437,729,480,127,50
738fdbd640394743aaa9f4fe3e6b1f73,280,142,753,774,127,79
86b04b975250407f90020707a6e2dea2,550,246,1048,624,11,0
204208913838465eba890bca58da0694,751,2,271,187,11,38
45d8efb0edca4800806c04764b948f89,732,2,291,192,11,38
a5de7eaacc6f4268a1b245a047fc5e6e,552,246,1045,629,11,0
8338e7145b6644009d47ec940bf060c1,735,2,287,194,11,38
a0625750fec5443d8cd254eb731f7900,667,248,1030,619,11,0
403c8c0c934d4e3dab586e1afefaa253,1285,156,633,392,910,35
3bf52b1ce38e44c1b6754837e29818e4,469,107,483,396,910,71
0f70b711f0eb44edaaea62e9fc2854ce,472,108,482,396,910,71
3976067e6a644b0a859b372ec4cdeb80,1285,156,633,394,910,35
68fcc740c22a416199d9b639a2e6b855,1285,155,633,391,910,35
1de0edfaf4d14786950942a039ae72fe,284,371,586,377,776,89
67e0b425cd2043279dd08342282f3444,540,319,882,470,776,90
1ff63f8b1d684d24893695cd646a9423,325,218,613,477,776,86
a15307ca130e46ed9d35fc05e1c4a300,539,316,885,470,776,90
aa950076d038499596cb73add452d8f6,282,371,588,377,776,89
1b9a25802fd54a5abea7661e389f638f,314,223,617,484,776,86
4768575170fb4ac49f5550dbec93f9ee,282,372,588,376,776,89
d695961103404808970c60610511ec74,516,558,712,521,889,71
d602feea886e40b3907f7355a9c651fd,690,381,585,699,889,77
506465c733f640bca8d2834acb072f8a,519,560,714,520,889,71
bdadb2fffb3541d2a23ca1fdbbfd7bd8,690,385,582,695,889,77
3931792a81b247e097e6ecdb451cb891,515,561,719,519,889,71
8e35eeed24f445b7bd6dd2eeb96f2663,686,378,588,702,889,77
0dfbd61965194635bbe8d6f6e274e573,359,240,879,614,889,68
7542d9e2a0ab4c109c597fef75a9e21c,380,236,877,615,889,68
02efd1ae599248f9859671142cfdf949,0,0,1279,858,589,20
0795bac03a5e411b875dbe405b65ac80,587,1,937,829,589,48
895c86fe05454d2ab43364419ec08ab3,1,0,707,650,589,20
25005933b3ce43c6b642ca04cd108f8c,24,0,1255,859,589,20
85f1ceeffa2749f0b43286820b0c0fa2,589,1,937,835,589,48
3f7bfb2395bd4850a6fb02966c9199ec,371,245,698,454,1268,51
ee9046219a974e61bdb8cb27909fee5f,488,408,920,578,1268,23
0bbc330fac4249a5840ca6e986656498,509,374,879,563,1268,23
f3625be67dc0432cb2926ac373eaf4d2,385,249,697,452,1268,51
31fefc8735d045df9291948f117ec395,509,374,880,564,1268,23
84f84ba3c9334702922ab08521fd61f7,371,249,700,454,1268,51
311d99a0ea8c44c6a0f7c422008fe2ba,923,634,912,446,860,90
ad25f496bf4c4943923e5ed8b0cb2b8c,922,633,912,447,860,90
9040f55e5d5b4ab386a733963c748fb5,176,273,569,545,860,89
2fb7c413156f4dd78a319beb637428d4,234,285,565,543,860,89
1d78b18d0574448da936ba93927b8ef0,921,634,912,446,860,90
e0609c498b484dbc833676b7a7014d38,178,322,568,542,860,89
7a13291d00084d56acca8e7c15a0ffce,1173,250,520,375,1476,85
27a1d4564d2542048436a3c1cefecaf4,846,164,1072,649,1476,43
fc048ba1cdc64405b9436ffef5df7ee5,523,270,752,620,1476,82
77bd3557bf6a42f9ac8f375020f5abb4,0,141,1050,582,1476,43
c58ef0f6af214994bae23e489b88b224,845,137,934,649,1476,43
6cf37bb46ba94cbaa9494bf50b6004b0,523,274,752,618,1476,82
e3e506eeb18e46599346bad5e0361a83,1173,251,520,371,1476,85
949970460ba6467aa07cbbaba09c143f,1173,251,521,374,1476,85
33d030cd149742899fe96a8f6b5b1b04,720,435,980,645,549,40
79413b17dc4d4078a014e43f9b063238,746,0,667,363,549,56
d392414474174c7ca1408a0cfc9ce966,746,0,666,362,549,56
b3b641e217bc4e49b6a7ad9893c2b4b7,741,29,613,527,549,56
0c2caf737f564096baae64759322cae5,720,434,981,646,549,40
6a8c884fbd3249229b253efa60f97bcc,637,438,983,642,549,40
f2dd71b9127042b3933de0cb52d78333,772,212,569,509,536,91
c66835abcdce48349330b41c849b6065,728,9,535,524,536,14
d5be5c8e097b4a068097954bb7818b5c,483,264,545,516,536,71
0fe3f75f86914f4da5d75fad77037611,729,4,535,523,536,14
1e9ae37d98884eabbf460761f09ad7fd,485,262,544,532,536,71
d70be965cb3c43629f10f640c3e59198,74,219,1192,616,536,91
b3c289f7c73f4f39839a23ec6602012f,733,4,531,524,536,14
dd8724f22e7a4f009f720287471ba170,488,257,541,536,536,71
ccb76e20e4054abba08b56f013bb5b3c,240,109,454,441,504,30
78d91cb5c1dc44c69bc4b429e67051b3,242,111,455,438,504,30
3a9c449e5b6246e1bbf709ca8b9e0077,508,287,625,557,504,40
684ee82d82084416ae41f120b1db4e77,512,258,623,589,504,40
3a6faf9dcf5a430ab99fbefcfcd83373,2,0,628,456,504,39
5cf79f1556a74c989f978098effc3f56,640,261,1161,658,504,1
41ec4cd3e97f402b817c4bace700a3dd,2,0,654,457,504,39
e3e2b36b909546129fc1d53f6bfacddf,636,259,1163,662,504,1
116648d0db7b441e9394db0a16a00977,872,234,561,474,1050,83
0b981cced7ca44cbb77e7f6110d1eff2,78,351,734,478,1050,59
32c967b339744497b8239551db6c4a14,779,301,804,589,1050,86
29b672540ce648b9925e8c23b0452236,713,234,727,479,1050,83
87566c4b66134c0f97801a0862ab42b1,876,233,560,475,1050,83
f6457144aad8465cbe28abcb711bd205,856,153,794,602,1050,37
9d407091e3aa4f9db885a8db0fe20167,605,301,979,625,1050,86
fd7da3a4ea144a2bb4f67f5bc9f48012,306,359,618,361,1384,89
e4a58c9da7fa4840a064ac943a3e31ad,305,363,619,359,1384,89
7e339f6a381944388593b48f0d825862,306,361,621,360,1384,89
a62d99d7ae51444b87eb078ac3b1b298,558,501,757,347,922,15
5065c0ef56b64315aaca81e0ef832a46,527,501,765,362,922,15
e1882eb040a34772871bca79b6cf4cd7,558,498,756,348,922,15
6b08d570cff14d49a05823008c25ecf5,147,264,1340,661,922,75
76fdf310a628469bb06adb9e73a20452,150,270,1337,661,922,75
e2f71b38eefa4a69a51d0980e70c8d6a,148,265,1339,662,922,75
69d255edd1dd44ebba2b8bd7a7619e10,1262,404,610,451,1020,89
c1df5dce1fa946b68188af887a2244e0,1261,403,611,448,1020,89
70bb79362d1942148a5dfdc80e00ee6f,115,443,651,375,1020,90
e90298d10720429d9c0261585bbdf6e1,1284,390,610,442,1020,89
59fdb0273ecd449ea0fa306f14fc28b3,115,384,652,373,1020,90
3d2e332c9c8441fc9a7876e85fc1288a,113,444,653,377,1020,90
59ee5e451406490ab0f1c63d44ae6c0c,597,139,561,578,516,11
9bdbf6b05626426ab3df4361393ffd86,650,113,895,682,516,68
fbfb8736e5484230b856517689196f27,656,60,894,736,516,68
ffd40bf1380a40f7a8f971355e9966ab,594,134,563,582,516,11
82f94048bfb24012a16d1d88c1de755f,663,111,895,682,516,68
24087f56c44b4e69be01b0521c66fd5a,855,0,514,426,371,1
d1283efadc624004a9e284d31629e4f8,486,0,735,394,371,1
e5f356d1d85f496f915de643f99aa43f,201,153,1078,903,371,85
fd31b210c7fa47b386a232fe38e454d6,487,331,834,585,371,45
b836538ee35541909916fd030277decb,415,171,1024,882,371,0
979c92e6465b49c598f129653b112d18,489,333,833,584,371,45
ed140f9599f74ecbb0478fa168d227cf,851,0,544,419,371,1
95d109412e3547f4abeaf12a309cc564,376,331,572,352,1061,19
0b1ba217f38e43c3abc05857fa888623,378,331,570,444,1061,19
c46101afe27a461eadb40503c25fdc22,755,262,751,530,1061,6
71c72a5b53db42968ee4f0274b7198fd,759,263,744,531,1061,6
86cb8b33770d420a8cfd4a0f71249779,378,330,570,355,1061,19
041da6b350614bd3a72249f6440cbf6d,756,262,750,533,1061,6
f68901df3a2446aab4ad1535d9857794,478,161,624,543,329,37
4e3e34b486ee464ba4b740971205760d,377,508,803,362,329,17
41c1b16297d6440296b8b87ea81159f5,813,93,398,406,329,86
3852e11fe7e641f09647581463f0366d,486,181,647,571,329,37
408ba04855544593b8173e1de23d372a,465,514,816,362,329,17
53df0af88e76456e925ffdd274d8c6d8,378,508,802,362,329,17
b02e5a0ffe4545d0a3f6e252c1e249de,772,151,428,435,329,86
d184e59659bc4d11a5328394cfa5d64c,773,153,529,434,329,86
7dd02fd19e2a4348afbbcff1889197b3,402,240,675,520,179,22
70cd2260ce0143f3bcc98da1fdf65217,130,13,575,382,179,38
cf2774d101f3437e9218fd8fac51137e,363,241,715,517,179,22
79379655940e4f0fa5df1765acdbed1f,128,11,575,383,179,38
2c9216f456254264b05d8e326ede298c,366,223,714,519,179,22
ae94d61a66fb40028a7f7941d72e7baf,130,11,572,383,179,38
ba051ce242c84e5eb9e2e5031d514e2e,695,492,1223,587,221,25
0b8ca3b817594febab5a2355c7fc9132,624,445,885,518,221,27
f0eab5370b0c42f8b711c72be8f7971e,624,447,883,519,221,27
8f7105dd86034d228273da029ea13e49,624,447,884,519,221,27
4cd17c87e0024aa680b0be35e8bbe8c3,546,2,814,806,1333,23
93bbf530630745c7bf0584d2a0de8115,545,7,815,802,1333,23
7474b93a4ecc4d6ca11bfcc337a31a2e,447,247,861,751,1333,59
c842dfe7724e4bb8b99f68a7906bcf91,447,236,854,761,1333,59
c66ecf23e726427985f02e75435553d3,448,241,905,754,1333,59
5435b42467f54fe0a00df76c745d2dc6,658,3,700,806,1333,23
e8ebcef8c96441cb806edf714f270219,513,76,791,705,1041,56
84e0c48be5574d758200eec39036b6a4,755,1,558,502,1041,71
fcacc1fc12044a8990d8b4c00f370d90,755,0,557,504,1041,71
2dde57f6aa754d5c9e494a69ef4c0c77,230,261,770,474,1041,16
91ff4e3429a64a3da98428e018e3ac9a,444,98,883,775,1041,56
617b66c3624e49f58fe07187d4cfe601,729,217,557,497,1041,63
689118cbdbd346f5b548c584675b40d0,227,256,768,473,1041,16
0a129ba8e84e4eb18cd85a8e2ff490f5,828,53,448,395,1041,63
36755641636543ee8cb97e1ab6619e4c,708,354,742,654,672,20
a3d99dc8958446e0ba07d30cc8b3dea9,1093,151,545,370,672,82
8fa5e01a11974b7fa6ccee2df4e8b184,1094,152,546,368,672,82
c7d55358d7224c568692cc584223e9fc,1094,150,543,372,672,82
f741c8d63c4e46258295727c03453d39,833,359,887,671,672,20
e92aafcd32bc4a028ba9052119ad2162,836,360,884,668,672,20
39010b4e8e534411bc5723cfdf2c3c78,769,334,552,470,848,95
bf4110e65ff748d1bea4fc3ae6adb98b,466,185,474,404,848,69
73c198bf27a145dabfeae8c4183daa5c,903,527,537,407,848,95
6f78ec3d545a41e29b4ca423a4dad829,902,529,537,407,848,95
e827d7e84e9c41048428da63e5285193,699,730,706,349,848,69
ff7ebd403aff47ac9a62e4ae51e4dfdf,484,195,469,404,848,69
9ec994928ff64fe987275615f565944f,768,258,769,599,1516,15
9afc51e635ee4a75954dc71d2d099010,766,346,772,510,1516,15
2f859753e31c4ba59df4695379f3e98a,422,229,491,335,1516,61
77b67d35c45244bbb74e4c40f6f9eb93,421,229,494,337,1516,61
eca08b11264e4cc39297f1cb6da91d5f,770,247,763,613,1516,15
01f0a4a01b594c75a5177e34a0c39494,422,232,491,334,1516,61
95385ff38991409ca01d7de1f432ea20,824,347,545,367,1129,43
399bda5896d244cf8281411bb246a345,1098,516,769,464,1129,90
1c532664cfab417d81c0dd2401e777e5,1097,516,767,471,1129,90
278b0d92ae8b4da886c9cf0d1b09b6f2,1097,510,768,466,1129,90
5538df2fe44f4b01bee5918f1f282beb,827,347,541,366,1129,43
c1d56a1af0154676b6fb7c7e2b64f302,1571,109,348,393,919,92
41d63f7e853a428cbc2b0692a4b5257f,720,217,485,398,919,63
7ad382d12fae4354b3e3dc34717bcc2a,1239,160,680,425,919,92
29c4cd98bfaf430ea1f28fbdc04fca9a,1239,157,680,428,919,92
2defbec298a24ec68ebb2ed368678769,722,216,485,401,919,63
c660f10e8e1d4d6faf96695e8fe091ef,694,217,509,464,919,63
ee47e75fe5d4456aaf8030133b638524,251,599,728,480,143,12
6117b0ff90cc41e2adfc6a080b76ce1f,803,446,590,420,143,12
8d38f3336dfd4503bf169d9949f5ae5e,702,35,603,583,143,21
a954ca18ce4c4be19126a73a536c9d02,685,41,655,582,143,21
a733d1bc5af4431aa526328616010c83,292,514,731,486,143,12
5eff37939f434852a0e9ca2363f7562c,703,37,602,582,143,21
d93eb557196c4d4ca9bf609d197b5787,694,483,579,477,478,63
df7f494c0a50424ab491834f82ac323d,668,315,622,553,478,71
ab1616c9aa5e4412ac5c1f251f5baf59,38,154,812,499,478,67
d1fd8a200ab44e59bb7eccfb60984d8e,689,443,575,491,478,63
11b76d63de194183a53fd54cf80d2768,685,484,590,480,478,63
d252959e95c24c85866f317ea98450c4,666,311,620,555,478,71
b0c7aa9fc76c4dec840d3c207be23517,36,153,814,500,478,67
d6cf2ea72c88441e813b1410c4e74f92,663,320,623,551,478,71
c9da188aff5c490bbcbd67bc3d7388ad,100,304,1069,633,840,45
22c6297efe644778abb5b8d5be26ac38,757,225,518,413,840,86
b380eb10059048daa28a0cc704c572a2,109,305,1063,658,840,45
00571f2b95014888abce8eba28ab22f8,464,424,860,607,840,68
e1acf0e224034774ae8e3cd674a96607,757,21,593,619,840,77
ab4b0519ca174cf38b52d8ca901f54ec,475,418,861,609,840,68
e19672e86bb240989a8a491dbb95abe8,445,421,869,607,840,68
af247c07691445299f8c739094afa7e3,699,88,651,584,139,1
d618f23f5dff461288589cc98d74295a,408,0,1000,842,139,46
df480beee3dc46f585e955be5515610b,522,315,721,463,139,69
6e5807a796424b698bfd614127941c83,408,0,1001,843,139,46
a7e58aa1c7ba428cb67bc01a439d3859,409,0,1000,842,139,46
5b029256f8e14d86841a9597dc51ce8e,339,528,635,520,139,12
acbb2297ae6d47db8944d63a69629a33,275,548,733,532,139,45
09be090b970d4bbab186b676eece1fd9,238,167,797,548,139,69
6f0e671f452c4b618f91d9a4ff80a4fb,26,323,652,308,788,43
48436b4e14b143468cfb83be4138267b,26,325,652,307,788,43
7b2003016d294f1d9121ec7642c3dc4e,423,476,496,404,788,15
d3b2d79d8cda47f29fb09671c4a8828b,1153,420,756,308,788,90
ae60b6e268704cc5aa838e49c625121a,412,465,525,406,788,15
9e321606529749d5a2f75635994a003b,22,325,657,311,788,43
2a499efa75014ee88bd2328ed0748d91,1106,19,684,487,1032,51
82c36620a85d4f77afb5f980a5dbc677,831,4,566,517,1032,1
ead43350203d4c828522c62b01b05257,870,25,980,684,1032,51
c308b2fe610d4b199a409b6e136f6d6c,832,3,566,520,1032,1
b72e9734178b49a19c06daaf9267d2d4,873,196,745,549,1032,51
1993368f65a4457f992f0494e4d9f61c,830,4,567,522,1032,1
46c7b6f4b51d4a81b82584931b9bc49b,1,168,908,603,1008,43
601b528edd0c4117997c5c5ef55ea885,12,436,566,464,1008,90
ddd8a1bfa41c4645bd422c45f97b210d,221,269,1068,564,1008,43
d60a4eaadf644b86b5fa2eb74d0bd99b,1,169,909,601,1008,43
3984cefbbec0485cb99dffa309a1c51c,13,424,565,473,1008,90
39c309e3e3af4868af6d9578ee09c928,12,435,566,463,1008,90
623fe9c000d348a89879395c0f819e8c,1136,189,642,438,262,12
8eb0014398874aae9055bc6bd80f3329,839,376,968,415,262,1
2e9bdf26e62e4c6cabf6823bab9062e9,951,468,837,445,262,51
d953e66fae8f453e87479032249147bc,977,397,942,484,262,1
c1e9aa2d4ca84ce2872696ce2858dc20,578,249,671,604,262,12
b53a4be6a9df42d29056ce2d77c5120d,1136,189,644,438,262,12
22ef06be15ad4e0b866f387e658304d1,838,378,968,413,262,1
9cfcf3c08f0c4b5b821268ce559e7075,980,467,835,408,262,51
78aaf09f86734dbca23a1f7ff73d6dc2,1009,210,847,616,649,33
0194e95b4d7e48fd83e9f7c92872c599,414,437,704,444,649,6
3ef89b4e86f545d1a2d98499728a0cdf,1016,204,841,617,649,33
c1dd48950f94437ca5785b02bcb7ab75,414,438,703,446,649,6
54624825e688440aaa4af6031053ead0,416,437,701,444,649,6
850594ceff3d4dd092410f3eca380534,1017,201,839,620,649,33
87d3af8c15f74cb59326f013e404d116,543,391,667,584,448,42
6b34a8f7c4e648ac9f9ab976ba70eac9,539,0,794,701,448,4
b5517911058645bd8f124df879668b49,561,392,659,584,448,42
a162c4cfd314468999e22cf85c73314a,544,395,650,584,448,42
0d255d10399145bdbac3f43ad42b8e4c,575,0,758,702,448,4
b58981cf61c04251915f186e2219e800,540,0,794,699,448,4
58ee86e7eb5c46f79fd7cf7cf413be75,172,154,938,523,159,90
24d1624e59654f9cb3c2f52f06cac675,1,301,664,591,159,25
40025da7298f483ba9b75428b79e7281,172,153,933,525,159,90
d915ba2962154538b07ca376d6badd75,742,327,664,390,159,89
5927b5a7a3784a35b67a51ac0d7d5cc1,173,154,935,524,159,90
4d988f780aa34fae80b92a050abea329,739,326,666,392,159,89
24dbd149ce9b46ff926e7270278d10ee,741,328,664,390,159,89
ed24b46751c944658c327a44c1e0c340,981,313,453,328,456,72
88621ff1c21c4236b0344190921834d6,959,314,454,326,456,72
db562d3e119347979e724f3e13e71588,982,313,454,330,456,72
d90d0822e1424c43a6a3b7dfff45bc95,366,349,882,618,456,24
0c0df22f3871484aaf6dc6ee79942af6,361,338,879,608,456,24
0b2afcfa71364de899e774acbec5a379,362,350,876,622,456,24
b5adc03a32a64586aa1721d3eacaa4cf,1238,417,580,406,408,89
0b25dd7aa6f04fcc9fa613704b5cb128,1236,418,580,406,408,89
77bf99479a2d4578af8eef9882e90676,170,399,469,392,408,90
6708e4d73af94d4facfe76139e426ca6,1238,418,581,406,408,89
9385ede3c22144edbdf01c676d553ad9,170,398,469,393,408,90
b719a96f88634718a1b31898395cb856,171,397,469,387,408,90
b247ec579119472eba00c627f891b1a6,459,329,605,424,210,91
547e1a41bbf64532b2d074019c19e44c,1180,410,682,414,210,89
7e8ba827cc054304b4f8e6335951fd21,341,302,724,450,210,91
a89d96e44f0f4e008cd950e9868c00d6,1181,405,679,411,210,89
dbe7e5cac1394725a35d23bfe6b64b50,1180,408,680,407,210,89
fa35f972b01c4b339d709542af9261c0,486,296,578,456,210,91
ad179a8610cc443aa548bdd5c5959728,223,433,1016,647,1148,82
426564a9e2234872bd008daae895d248,222,433,1016,647,1148,82
f2b0f555f6a54e28825dfd3b7a07ddee,325,259,692,540,1148,20
ccff642cedb34c8bbe9fd175928393c0,222,431,1018,648,1148,82
9e39609f874f43a8861321c38040c5d4,327,254,690,470,1148,20
46437c2118c0411e9ec04bd4d9e21a2a,326,261,691,537,1148,20
e616a43a6037483b907571f367fd7be3,310,363,570,379,1062,89
751bf9e09ffd438ab2e981da5474dedf,308,346,573,396,1062,89
d61fdaf876744a2cb7bc704d29e9c514,550,267,832,519,1062,90
6b4a63b45b1e4f4eae31dda8a33c238a,292,369,591,373,1062,89
adf9714ea2344384b2e3d9df0a7af36e,551,263,826,523,1062,90
7507f41e971b45c481bce424ab7d4994,550,266,827,521,1062,90
0f15f8a801c44841a80291a0bd094bc3,976,204,728,501,446,53
27dd4ea4872346fa999ae452284f5872,976,207,729,497,446,53
e1b1b12c4f564f9ab5148df3b7ddae8e,744,0,432,401,446,60
e63a89a0b04d43daaecfcb759606d638,777,203,626,516,446,63
32cd86d5b34248c4bbbf2166020fa9d9,744,0,430,397,446,60
e08bb23c038444cea351a8727c916bb9,770,191,631,508,446,63
b0b67dcde26f4ab9ad02e59cd707e9ed,743,0,433,403,446,60
6f316015c138472f859be00883175223,975,200,727,500,446,53
e56ee7971b1a48e8a0b0341327440cc0,625,224,777,617,449,48
dd34214f0f2e468ba9c189c33f5d4622,753,401,627,517,449,67
930ee173680e49ddb5ea7dd3d782b1ea,559,235,852,610,449,48
85872a734c844d94ab414bf27c7ee8ff,815,427,637,530,449,67
3758fa0342ce4f4e8698b333267644cb,700,189,763,609,449,48
70d0ecdf6acb4dc0a6b557311a8d5d1a,709,314,471,487,185,90
d191f65ff7de4981aa3f1c3fab45ddd5,22,275,680,408,185,43
2e53d49a71e14818819f9ef0cca1e33a,22,276,680,404,185,43
84ab00d9d98f403ba39dc121d604600a,705,225,476,484,185,90
47fd4a37800c4503a5e84bac7d0c186f,21,273,682,403,185,43
4558b0cc682e47369a938f5d6e53793e,1073,149,739,481,1304,83
721c33c34eaf415ca3b4813ac884e09b,670,243,666,527,1304,71
6f281f88fb954702a4a999de49e6748a,671,245,667,521,1304,71
1d632d221bcd4376ac993f77445b9cee,671,244,665,525,1304,71
f52bab3c25bc4e81b1077c6d8288c7d0,1074,147,738,479,1304,83
022769aa0c4b42b0b6f662073480db17,1077,151,741,477,1304,83
f985c88fee1a4d799bf339444e000668,498,320,737,588,1328,82
4439cc7f44e641918d2a304cc9c4a626,805,257,699,532,1328,15
6045603bcbcc4f77a7fd280b5756754e,1177,273,526,363,1328,85
2c4082f83b5a4517b1601eee725866d4,498,322,737,587,1328,82
3e2c70ba9f9c4070864989d0c4c3a773,1433,239,434,325,1328,85
a39686ca19aa487d8c14d1fcfffbc84b,0,75,1049,676,1048,16
98819313e30141ccb9f249dbae16f6fb,0,77,1051,675,1048,16
21747e618d8348d59e9cc70415ef4685,972,0,742,675,1048,22
b5d548becbb3460ab5f92657f4412f75,182,0,789,639,1048,38
b7799eac5745416c9a54f78bf8565829,932,0,720,764,1048,22
6c325bd14ddd46e9aec03acf0755eaa9,0,79,1052,673,1048,16
481c598180e44e18ad772348e04c8597,184,0,789,641,1048,38
3f238bb7ba8f462d832148bded6f0c5d,36,484,620,371,1192,89
2105309fc08248209b6ae16da7c5d68b,1139,514,628,485,1192,90
1ec7d41333b74047a44662380268a0b7,1141,511,627,483,1192,90
001dc44cbc7243a597e71f97ba151d06,37,484,617,378,1192,89
6b271afbd06b4d2c899815c862b552ff,35,492,621,399,1192,89
7f29dcc9790c42bf8db62d75f02c1294,456,571,828,389,1455,7
ed59011fffa8491087c0b2fb8b4173c9,480,573,805,388,1455,7
442a42a06b6242878a81d130aafcf6f1,405,522,761,399,1455,6
bf08dfa4785747689117517d10c7b3e8,405,522,760,398,1455,6
415f4e79af034625a93b37530eca4694,405,521,762,400,1455,6
462cf676e59044a0adb3254f29e8db42,473,572,812,390,1455,7
1c63264de1954fd1a1f03ef20fe92e5e,247,400,810,491,23,54
11366f4c5a924fc59a3dbe88487e7de4,252,372,806,501,23,54
8494745f57bb445a9790e2d2abd5e71b,243,431,814,486,23,54
833fd05701f74898afef1c31c2bae668,699,162,403,486,23,4
f981883fbcce46d2b441ec2890599eee,701,164,399,479,23,4
b3e59e519de24e47be890e779618c256,749,141,407,428,23,4
e661306172ab4130b4c8a43d6a86e7b0,860,517,925,464,881,10
4d601542d96343ff962ad88c734f2cb4,834,535,810,477,881,27
cc8fdc5183604bb385dd68389e4603a5,994,240,605,471,881,88
e3e99e6633634f8cbd467e48653fb229,1315,88,604,416,881,51
d76eb74111cc4ede93c2b2371021fef9,749,442,736,399,881,61
42a63dead79841668927bcd5c32bfd60,84,334,686,365,881,91
3b46f0db140a45999e06321694ee10a7,535,418,700,492,881,54
b5fa532b41044848a672d0200272a85c,756,0,660,481,881,46
8096c21e91f44ffe9366c00f36356e31,517,387,741,578,359,88
d9da0713946d40cdab4af7b50ae085ce,185,420,800,532,359,54
4f68435022df40f4b6e327eca73ee8cd,516,388,739,578,359,88
a1a4d3f3efce4f20b3a308fa505a8006,188,459,804,529,359,54
dffdf1af981e49f0a673e2483f103b04,516,383,739,579,359,88
fb04a22b5889489ab74b0a73ce1b64d7,279,461,786,527,359,54
58edd85d189544458d3217b9abd36860,820,378,345,413,993,41
46eadf04e85840b89b1e3dd8da11cef4,818,378,347,412,993,41
6214e33cf768413cb557ae5413a4f5d7,818,378,346,413,993,41
046f9631bc8c4f88bc51abcfe8da3c2d,1168,102,751,517,993,35
822dc6c0b63b44e7b51a6a01ac4171ce,1166,89,753,525,993,35
e5ad48537d934b81b5efdbfe059d82c5,1168,93,751,524,993,35
e97c86d4b1754ab1b76bd17490b38f97,625,137,854,606,804,37
f289b315a1f342c182a7dc20806640dd,626,138,858,606,804,37
b9dbb6321a9147a080b5661ff80f0d73,583,264,880,726,804,86
f905d360e08943db87633f726c0c168c,588,271,879,734,804,86
785b9bd8af75424c8b359e4e35a7fc43,627,136,857,612,804,37
e0617792310c44d5a552e54311bf3613,590,271,879,722,804,86
c917db5fe3464803aa84f92c8a75c19b,1121,107,581,437,1056,35
03a5c3e214b844eea8c2549f7a58f6bc,1120,126,580,419,1056,35
c670cfba25504e3db9f99078cc24fe20,541,166,795,653,1056,56
fe61b108b5d64fccb5905c0f48387975,541,164,792,655,1056,56
31c7d77ec1cc4416b70b1129461eb111,531,168,804,654,1056,56
bce1558d0f224222a1c3d750217a7ed5,1121,109,580,436,1056,35
6856c756fb884e76bd223902d0e7eeec,987,541,932,538,721,86
da8fc458f7254fa592d06187eaad50db,394,349,1016,543,721,37
cf19f6e7d0464d219d4f41aaa266b954,285,365,1070,566,721,37
922770e2193e4fd9bdcc5a08d62ef832,1181,225,586,358,721,37
24bde1a81d2a485c928b381c11b8e704,983,466,936,613,721,86
6add03aa0370406687b41a38b4bbbb0e,989,497,929,582,721,86
532b13f1006d431482e698abad6f4ee5,266,278,582,557,1272,89
b0536545e2b5468c82a1613fbf11c28a,909,244,761,671,1272,90
a40ff6cf43b8401a8b2db73679d625e4,905,270,764,642,1272,90
ed1b672840d541fdbbe3d09a447408d1,265,280,583,555,1272,89
6d3d0fc9cb254b5da58855b56f9399c4,908,271,761,642,1272,90
971d6752521d48149a6e7020100ead4f,237,283,640,551,1272,89
79f8e8c16543443185f3cb4e10db84e5,558,392,945,415,1011,1
a15b5f02bd7946578adb79b8470bae19,494,79,592,463,1011,45
bec6e99d1ca5489e9ee86f6271816f16,560,391,943,413,1011,1
53f0fcab39cd4bdc99e9113e899a1d25,559,391,944,413,1011,1
c81584a2cd5c4af585031177e3b20cbe,252,481,746,493,1011,45
cde864ac131648378c5e23dc2658ffe4,247,580,748,499,1011,45
762a981e62a4491e9ed2f7d5c520844f,477,538,499,405,1011,12
0bb2bcba409048c2947e9705a0d2d22c,390,547,600,397,1011,12
5b309fc957764537b1e11ee0adbfefaa,136,457,607,455,602,89
f9047667e499434e846de72a21d55735,639,232,719,505,602,82
98ebf6c3c5ce45ec8e074c2e039c9a77,137,447,607,466,602,89
3c2adf85a458486da93115d4e0162928,1197,501,530,429,602,90
807b232e925940d9a7cd09281f5e6ee4,1197,504,530,428,602,90
b1624a6e9dca47c5b1cf52678271be32,818,296,322,245,602,42
ed564debb63b426388f470d32aebc7b8,639,233,720,499,602,82
940eab38fad9432386673cdf8ed6c177,1199,504,528,427,602,90
4d74bef5c1f84a57a0af0406ab505526,729,383,969,696,758,32
4340068106ca407c8e24688e1dc2c33d,701,535,453,407,758,33
113a625d55854fd18e0cb66720f02311,697,527,457,415,758,33
403ca9ba28434c7ca7ead48aa73ef8f9,729,382,971,697,758,32
c9ac48f58329412eb708655708efa2ed,729,382,971,696,758,32
4defb34a9c4b4f449ac5668273078dca,698,532,458,407,758,33
a38a5f2625b84ad5ad6aa26ade14bcdf,698,489,622,510,400,31
f9ead7da5c44400183662d8283928c7c,214,293,931,506,400,74
24c561875d09475d970c1a07b5053f7b,698,488,622,513,400,31
bf857747b6a5420caabb16c4b283a700,697,487,623,513,400,31
0f902533ebff452298d312ba09bb66d0,215,287,933,512,400,74
8444abe111414ca79823a1f2e1f67a73,213,288,936,511,400,74
13ee126070b74d729cb63a5d689b1e41,704,384,593,442,402,72
d6223946da3048359e16739c76b1ba03,712,596,957,410,402,25
5a093786597d43a28a486d352dfca619,740,600,1005,422,402,25
5940de2772844d0fa103d399bf10308b,716,388,764,429,402,72
aa7d802f8d55487887b8b7e224c64d22,706,382,443,421,402,72
18a3d234b58d44fb80c152b081cc355a,713,597,955,412,402,25
ef506bef7172452a86edfa0c47bb9d66,928,559,844,483,1482,69
f50340847303425c9f31496b7b93ed98,955,277,649,422,1482,90
0f427ac07d2c48ff9cadce333229d2eb,954,278,648,421,1482,90
4afce88519754be1ab7633b9155556b9,671,335,526,464,1482,89
495a7c9571ef4bc381ecef70d30424bd,666,311,524,467,1482,89
8fb2a971df434a878a52dba415203b40,957,348,645,423,1482,90
59befacc6a9e43beaed4f66bad8a16bb,669,311,521,468,1482,89
ff50135d958f4033991b8e4dd01d78f7,928,560,844,479,1482,69
c771fb06a44745d8ad4426419f501002,518,282,527,394,84,89
3477c46cbe1d4c89ade3c68866261978,517,285,528,393,84,89
b643128228f9408a8d3af00d000b2ce2,724,335,510,614,84,90
eb3b0570c3514eafb78e3fc09a613fd2,728,353,510,596,84,90
047596de47e94a8092ca238a1dd70331,556,272,488,404,84,89
36387fd3678f4ad9bb08e49cace3d0cf,726,354,509,596,84,90
4ca28fb412ec44a1b9b26d767d1807e9,84,256,1046,626,1120,74
ad8628d0cefa45b7baabdf516af6d0e0,850,425,816,509,1120,51
4392f72272274da8aac6e47dc44e0026,621,526,403,392,1120,33
a398327ed1c24727a0ecc636068d0fff,829,424,820,510,1120,51
3cedcfbeb4af495d9cf7d92028d02198,619,525,402,400,1120,33
5485502ad99a43d08c32c10ff4491ff9,849,423,815,510,1120,51
a55fbe7faab94b718c984e64d25320ba,298,296,1014,661,1120,74
3a69f95f869a4112af832a3183ae7cf4,621,529,401,310,1120,33
8562cd1899da463980ea73d3bcb4d24d,368,419,640,417,512,6
f5eb208793e441118fb914f1f6eb5e39,872,213,763,717,512,33
b83fc957f69946ca98525d89b01ddfe9,367,420,638,416,512,6
0fa765f6802a4306b0a24c246ad05b50,368,419,639,416,512,6
571be97b2a7146aab3e7792889192dad,858,212,757,707,512,33
4cdf84aaa2b74103b0edf3ca1de5ac38,871,214,771,715,512,33
43320cf6611242c380361ced5c688d42,399,119,449,336,599,92
aa4ad47fb8ca4a34a9a19fa670106937,1340,333,561,369,599,87
744b6cfb880d4748acc34df9fb85fc09,398,108,451,341,599,92
4f38e347a81a49e9aec89ccbd9ddaae2,395,102,440,345,599,92
9e2cf1c6d98049968417c950745862cd,1338,333,560,369,599,87
1bcb7e52c7ba4034a69aad49d0ea2167,707,434,775,507,1390,61
7a3c09961f5c4222a1af374e41103578,743,295,519,472,1390,63
e7cbacb4445546149fe6370d7a576f02,704,434,779,509,1390,61
565051e917d44c4cbb2ece571932602a,618,0,668,583,1390,56
26b51904edd944b78e9dd526478a9b24,742,296,521,470,1390,63
123c5f96392548e69567cd8d1e06b006,618,0,667,582,1390,56
a5606c8d34b541809747dfce0133a817,489,414,1005,516,1390,61
4c0e5d164d5d4f4d9015f7bfe15caa02,744,301,520,470,1390,63
d0136cd4262a43468e2ed7dc45f3e1df,835,0,972,646,992,37
7fb5b99af294448c93394b9a48f25dc5,843,0,927,648,992,37
597847cd982545d2b9e601efda36c0d7,436,0,904,806,992,28
6e8c60a823af47e7a94aa8b6d3fef91e,432,0,904,803,992,28
ea1bb9beb7e242e68102ffc9434105f0,835,0,964,645,992,37
cd9246ba4eff4bc5b13e053920cadc65,432,0,906,805,992,28
cc06a189ffe1419b920ac14fe389e196,1261,385,613,452,748,89
6336a721628d449fbbd2d12dbe75df54,1259,380,502,455,748,89
1807dc12b232403597df80c12c7d8610,707,129,427,381,748,63
cdddeb05aa6a4ffdb7dc14a09c8c3eb4,1260,381,499,454,748,89
01f3b1bc0094432aa9eec5537bbdcd91,705,136,428,375,748,63
90b1d63ef93f474c9f168a7d624f653b,707,133,428,377,748,63
ac3640fad4b24a15a0d9eb4b64c3f8d4,740,326,468,427,479,63
b3f3d5d3ebca4b9abc2955e1940d71d3,609,364,975,549,479,80
338d92631ed646abab42799c7a3475ba,43,203,786,454,479,80
bdf7edd4885448b893bb9f9df079f350,844,439,430,452,479,63
3fdb76ee0aa84c0486fd39ffc69b2e54,607,366,971,548,479,80
881a06256d994af78f3dad1cc0a0d59e,740,338,467,414,479,63
4221a3dafc6846778c40b3d124765ad4,576,464,871,588,144,82
cd66e2de732f4ec9badf1057e3ac3c19,1233,283,515,307,144,85
129558c545e245ffbc0be8753ad4c5d4,573,362,873,588,144,82
08f1e9412164446e8849b3b133884db8,1234,281,512,313,144,85
d345b89540cb441b84d1a4948e8ee35f,1232,274,514,317,144,85
6afb0888d091408da4c4c2f7389dbfae,575,465,872,599,144,82
b7bde92c0251438b8920ea0d7e8f6bba,86,334,1021,731,508,33
043cc6abbbff4431b49f6a34c412516f,70,0,764,601,508,6
abbcbb5a24564a65a91bdde6949af835,72,0,786,605,508,6
dee60bf5f84346b69e9e3d24ad82e2f9,86,330,1055,684,508,33
671cddc19dc546648ce8b12634ba6d52,84,333,1055,689,508,33
5396f885f90e45d7a41ef0d67ee0ec76,1051,225,580,379,1468,82
d614ca849fc44dde826ed328fac8c267,309,347,871,387,1468,51
c0b3fd539b5f4098b9b115008d507357,537,99,790,730,1468,12
cf57b189935545acb6075b22bf97908a,293,345,867,366,1468,51
84786665f4434480957c0d338d30673d,536,98,791,730,1468,12
a905cc7059b2425f915a82bd198dde12,537,99,791,733,1468,12
5fd103c1ab63423499d0a567c457033c,304,343,870,389,1468,51
363547b5fbc94813a6ffb95e5675b4cc,141,462,818,405,925,7
91abb61b837c4e0ea8f0fe2dd68db516,443,388,731,464,925,87
2b1606199ed44ee398fecebe5a4e3b37,141,460,819,404,925,7
b18ae86ec3d742e9a77eaedfd78d0f11,142,462,817,406,925,7
20d266a218d349aa9d1b9933cfee750a,441,397,730,460,925,87
0764d72824b4486d9bacaee4f00219d6,1283,264,461,363,925,12
4687755c404845c48d15ac67c6f57c12,1283,265,462,362,925,12
7fa6ebade1cf4cf39cafff4aed0127ec,1282,263,459,364,925,12
1a3b38dcd7b24cacad168c782d867146,1121,524,618,421,133,90
81b365b7affb4bf48bcf027b6e854c9e,184,479,612,373,133,89
9741724477884bb2969a87a660ede028,1119,524,617,418,133,90
6b9bf06a3a894653a5cb4bc40544790d,183,483,615,369,133,89
4a6a18c34a544e4a85a74e9d2d654541,1122,525,619,422,133,90
92f84b6394bf4d599f5cb96e6d3577fa,176,489,620,352,133,89
c32ef47204274b5c95199d4c27196415,774,412,865,436,501,59
6981c91c7a874901957de1abfd270ef4,776,411,856,349,501,59
187a492e2cd04cf7957cb853ddd8f03b,760,427,858,329,501,59
c6380fc6897e4ddc8b8a31a143e072e1,711,624,369,340,501,17
04f7688149c6419a899abf79928625de,377,240,933,601,1438,94
e45f8aba73e544c39e9fd4a0af26ecce,136,203,789,474,1438,90
af6442572f1a415ca220fa27d668000e,826,365,560,360,1438,89
fccd61f18df84197bdbea22087052508,379,236,930,600,1438,94
2ea166c89a294d0181278c4d41708e39,381,242,923,592,1438,94
af439e30cf5a4c90b38d554dbf9be2ad,778,366,609,353,1438,89
015a59a8e3a9439d98adfb7b64e41c6b,136,203,802,474,1438,90
af52f18a9cb54c43b85698ca46a22bf1,1122,164,637,452,1514,82
27a629fdf0ff4c3da110d6208e9428a3,552,201,796,755,1514,20
821ad3177b8a4559ae3aaf8f94a59692,671,364,753,716,1514,14
7595fe168e3349fab2e2592029c0072e,1122,166,637,449,1514,82
ea361cc2a9714c7680bcd254512dff64,1116,160,642,450,1514,82
054a8e0eb22143e5b8a721693b3cceb3,670,361,755,718,1514,14
5318fb3fe6ae41e0bea7ca8da5939e2e,552,202,799,753,1514,20
6c1504a41df94f2b91f7ea581010981c,668,367,750,713,1514,14
025b534a29b4459893bf984a46f748de,564,375,636,479,1373,40
36b71f11f7a145e984a92d025a957619,563,376,638,479,1373,40
f241413df3704619b73d41b93bff90b2,680,139,470,469,1373,86
f5f6e240d61447bb90db587a4a285641,679,140,470,469,1373,86
83d3f9cadbb1452b830392436bb8c898,566,350,860,569,1373,15
8960ba6c29ff477399528254db6bf1f2,542,340,880,563,1373,15
7ffcddcbad37459889c6c9065dbb6a10,680,140,467,469,1373,86
50a9e3ea1cdf440297563ae695074b89,534,346,891,573,1373,15
3f29de04a0e74e7ab2dd343c7d8a33ce,340,588,627,492,321,12
72f342eeda8b457692e051074264e273,354,287,720,399,321,51
dde22e13be5f43b1abc446acc37c5084,363,290,720,399,321,51
1b79126c6b3a4b079d0a07604b9da83e,339,590,629,490,321,12
6918ce9cd29d46a5a2de033c95dc8413,689,435,702,474,321,61
5f6f063cab6c4c5999508e16ef20151f,376,280,719,402,321,51
ae3d517d663b45f8aaac46bc0e483aa6,688,434,703,477,321,61
3ea37fc13db242c789df05a28d88ecbd,341,588,629,492,321,12
63fdba5f942645e0989cb791de612f47,1136,213,573,372,894,82
f490e70744e94aae89fe108139936728,549,302,831,688,894,85
e42f15887fbb446d81416cb55f319e48,1137,217,570,367,894,82
5c82302d33b54091b703ac1e159fc00c,551,298,834,688,894,85
0a572476ab244ebd949b7d23f1f4937c,549,300,832,687,894,85
8eae3742430444be93b88b710a06e49e,1136,217,574,368,894,82
ed5f216c4cdc4ec7af48fc16be4c839e,666,301,762,655,894,20
4527dd2038b549d9b52e068035017204,667,299,762,655,894,20
8d0c4fb38bfc4df1b6e1e6cd5aa7729b,466,478,461,361,851,90
2a94b5bef2354f289bf7f793385a3479,467,477,460,361,851,90
0f44cb1859a340f6bde375bad77e9889,467,477,459,362,851,90
20c3ea45159843bead2e700bf4eee80b,200,408,677,442,851,89
f0b6799dc0a24e0e87053418bab855df,216,374,679,443,851,89
ce0fe4de23a74f41b8f95baed34539be,0,325,632,414,851,89
9c4fd7b2359d4b9b99aee82acf15310f,1383,382,536,466,852,43
76137715d3bd421699ada76949da3b8b,861,256,948,558,852,90
389bf105c03e4a02b0982d75e258758b,1381,383,538,465,852,43
246893e5f1a34d0fb07331789dee9fb4,1400,376,519,458,852,43
a0d74cdaed44492cbcedcfdad1a5b548,153,455,735,345,852,90
c656596a7cfa4caab1019c167d073080,291,369,938,571,852,90
68df0cdb42c44386927d1ab20f02d81b,12,525,837,419,232,87
40484c7c6afa4e05a946533abd26aa67,0,417,534,338,232,7
fc70f2fbfadc4062b97d7d07e30cb0b0,1,408,533,342,232,7
db2940d153664264b342b6427b8a80fd,1,410,534,343,232,7
7ef15ae2d0174ff789e4b2184a62f7b2,1219,426,701,358,232,87
fb38d022ce06472f9500dc6b7a26889f,9,535,840,422,232,87
f57d4326627546e7bbd55342721d0122,859,406,972,540,276,90
d925c8c0681141ad9552cee5dbba67ce,0,331,451,416,276,89
10c4bd65bef04ec3af56dd540e55f0ad,0,335,432,417,276,89
2a89b51359ef4b228844dc47b7d75498,0,344,450,410,276,89
1c19439bfc5d408bb47abb32d2234ce6,859,407,971,539,276,90
cdf5d7c981fe4b5b90815c56baa67cca,334,383,715,455,1479,6
1bde076c1d2545b9b49d1415553d851e,577,33,748,901,1479,58
8612d46bff3c47648c1d01c114d6c301,647,222,558,648,1479,13
37c53d976a7e40f5835de7db4d32cdff,650,227,556,644,1479,13
7e0f9a5645d94590a20476cc87abf409,642,414,654,664,1479,84
989ae322b22f4c7785b08bd6ae1464ff,206,218,630,456,1479,69
281552b1283746c2b6c9a6a730555505,773,29,956,748,1479,33
18aad17e15d7490ca9884f9f37250f20,1235,427,684,311,196,90
9cdd2a5d78514384ae9d75ca1216a5ec,601,451,789,381,196,90
74b20bbaad4c42a8accc03e0510e7569,602,453,786,376,196,90
d9bdba9a92df4fef8620b930c87e05fe,2,288,850,389,196,43
d187220369124c7ea326750417415292,705,334,672,379,196,43
ebd4e907a2be402fadc04a8c1ddb446c,705,335,708,378,196,43
213a40ece16e4773b0b82772a0b54ab1,57,164,614,453,807,65
2fafa52289574af49e7569cd4fcdc090,81,267,564,432,807,65
8b4cdb21dc0149da8bf93ee3380ed13b,549,367,742,569,807,54
d21827bf180d466284a287110892e33e,541,363,721,567,807,54
65f6968c6d9444d4a268f44ae94675fb,4,108,650,453,807,65
837518d296dc48efacf0888dcca15617,567,354,725,567,807,54
7b891b71c5f1466e8b67eccd9b9c8d61,1133,374,744,448,168,89
e3c2661bdb9d4aa287a09c858eec4679,435,477,604,343,168,59
b20c9f3c1930406a96828958fe9f7d00,1135,388,742,434,168,89
41e367de6ea14be7a4fab9c430c418a0,565,111,807,766,168,94
633dc85a59ac4797bdc41b35c3835a51,179,0,995,549,168,34
6bfb7e76101949b5aec0357d4d915589,85,34,1602,704,168,43
a3d6b81447a145d09118ef36ac5dfc33,400,485,618,348,168,59
46c026bc634c41d099fc4f3883a1e0b8,583,167,509,464,1069,53
7e7cc0a6a50d4f3584c4d460459da0c0,82,370,879,526,1069,51
937bebb8ac1a477bb3a7c1c39d76f9ec,703,338,699,504,1069,12
2bae42c456274091896d9b9f7b2c52b8,514,498,822,466,1069,51
f44cb92508d14906b0cc3f4bdeb6db6c,651,287,812,491,1069,51
e2a7145a17094ca8b32206f00e35cca3,704,338,701,505,1069,12
c9b0bfe1dff74072831c1d9f53e8721c,587,168,505,461,1069,53
c2059b8b82944b1b86e1a561cc92f558,586,163,505,463,1069,53
23438a0c481945a090e935b31c91231e,1293,157,491,457,460,33
77762a4333984bda9258a0f8aae15a2e,545,170,1064,671,460,6
b93a6a12dcb846338125e31144c56502,548,171,1058,669,460,6
b16a6c5fc16c437b9923cd285ea3d019,547,177,1051,559,460,6
fcbbe4a7a79e47628c7b960d281fa6a2,1018,167,524,457,460,33
5f3b6f9b28e64a119ae53a6e274c20aa,153,46,691,521,1065,39
4d67590144bd41679daca4bf3a24eeec,155,46,678,522,1065,39
602585d1554f471fba51aa61e84c70ed,446,302,513,528,1065,73
a6ac0b626e8c46b59b9ed8efdf262e49,448,302,512,525,1065,73
4669b5481821450b837241106c22b721,1091,75,649,463,1065,73
363ba31cd12043d89a6a882be7a9651c,155,46,677,521,1065,39
92af1a1a6e7b443698f599ef7bc9e274,620,358,927,547,832,51
d2d65fea13ac4472a15421fd83ef9c96,389,284,834,641,832,92
f41c04870b734a079f362b0c67113bd8,621,353,925,548,832,51
c132480a2dab4f28a93d1f49c0c61435,619,353,927,547,832,51
f1b508d0e6744af0b996ec9f2c93ec86,761,247,728,562,832,92
3010b10322014c1ba826b2197cc316a1,390,284,837,640,832,92
75ba64ccb95d41adb76f37b57fa88600,372,271,613,433,980,89
d7f05f7ade5940f58deae24e9e51cef4,597,228,764,653,980,90
076610103c1f45aabb9d6d76c9853373,364,271,626,434,980,89
8c06f9212b9e413682f6cde291d4968c,596,228,764,655,980,90
aca3dbdf1fa94db7b730683fdc4e889a,667,448,660,403,648,54
82bb9799ff2d4cf1816062d4e94e03fa,464,396,720,350,648,1
4292311ce8db48b59f54ad350772762b,487,488,695,344,648,91
e929127c05904ea3b137ea19f1191e4f,465,413,717,349,648,1
49de32896dec48b6a33b11e163558a15,668,469,655,381,648,54
a76b4d9bf65843a3a3bb99251c3dbe8e,488,484,695,348,648,91
0e370706fdb14ba5affd18415b97ec19,464,400,719,346,648,1
78132423a1864875ad88d9b606b87efe,488,489,695,345,648,91
3846fc9d4c9a462e94364ff852e844e8,587,340,724,439,627,43
4de0ba1da81e48a9a5cbe583d442a37c,580,344,730,436,627,43
5b76cd98085248d7a72e249a86ac1dfc,1167,443,524,330,627,90
5e9350511d654872ba6bcc6aec03a65f,541,461,764,356,627,90
234fee087c0b4c6f9720f154ee2c0017,586,337,725,442,627,43
c16b6939a64648598c05f83f4af357ad,538,457,764,361,627,90
b5ef2b0449df41918649eadc1ebdd305,255,246,741,428,273,51
501476598a6449cb89b7b0874e1bc302,865,56,376,324,273,12
b4b90d32121a4d25b09ae1bc30edfc3d,651,369,899,619,273,50
f2640cad334741c197d663128530ae5e,866,53,374,326,273,12
7628e2b366bc41a5a140488eb4f9cc70,277,243,742,431,273,51
faf6507789b24177a10aafc75c82c6f7,629,353,890,606,273,50
223439fd2d1940b18ee45b59cbca62cf,266,245,742,430,273,51
a75d2d21d18f4241906b433045162bf2,626,351,888,632,273,50
a1dbc74362fc421aa643f27f2c5c3794,198,277,855,446,325,6
d0aecb075c504ebea231f46a846ef917,463,337,900,541,325,27
55afcbb50796481ab233908292f2e36a,701,152,323,261,325,63
40801863becf4b3aae76503a734bec53,89,403,696,401,325,59
d52956fbab7a4000b07327d7e8adcc64,536,437,750,556,325,30
25f61be9fb2d4e86afb48e034fda7da8,711,153,313,263,325,63
26b2a44a3f5f44e3b40ade3d4dff081b,981,601,937,416,325,25
63c8a53921a34baa959ab88ba1a4f814,235,273,614,430,1472,82
ffc259f71c554830b01b7680becf321a,384,478,939,520,1472,85
a0e37dc43fab40bab6b2ddeb9b1f0607,395,475,932,525,1472,85
43d28ee7f48d4b6fbcaed814bd5b1a61,235,271,612,437,1472,82
aeaacc650df24e4398d9cfd64e8c86c6,236,271,613,431,1472,82
ec79aef0ec4a4e579418be0955a344d2,383,471,943,527,1472,85
376ec7e2aea44bc7a754e38cbc1073c2,1130,0,706,523,269,51
ec28495313a84f70bd54acbf12748f54,482,53,690,659,269,92
8137500bde284e87ae094a802832a613,827,1,552,492,269,1
6e995d938d2c4cddbcc021c57c6bb817,1146,38,705,536,269,51
ff0268aab8f24265a7e24e8acc1d9d9f,479,56,700,663,269,92
aa5e2d1540e5438792a6e8f27b37d95c,955,111,737,560,269,51
562b197cdb7d4d1cb893f31896f70a70,827,0,553,492,269,1
4667db46865b481b8f7056f4eb1a5e17,525,0,866,778,1243,94
681bacd33fb8473dbc4facd194bdc80d,546,89,549,414,1243,63
de78353c3c0c41698e538abff8918fdb,761,409,1050,526,1243,25
165597441a1a4570a67bd71399d17a16,768,403,1042,588,1243,25
5abeea997a4d4c15b1a78c8ffc06c80c,526,0,865,777,1243,94
c2809208a9304916ab31e6f86f5feffb,648,99,430,404,1243,63
a4422f504f85488793ceffa4a4e4ee91,522,0,870,783,1243,94
34877fd04260495eab3744ead8bc5556,774,411,1035,586,1243,25
3893aa081b9d4b41a3c351aa571e43fc,161,14,790,634,1174,6
d2e4e60d265b41bb95270a5b255f7ae6,639,253,764,610,1174,33
4a60c9ff605447d3829d06a382244075,269,314,997,659,1174,33
9d00edf7ef304332bc87c48c949f7f6c,269,313,1001,664,1174,33
47d17914f09743e986612058523f92a1,162,14,790,633,1174,6
511538c87c264922872347b3a668465a,160,18,789,631,1174,6
a67266665dad4e1a826ed0fff16c5312,160,298,632,452,129,57
6277556470f949fc8287fcd51aa18996,160,297,631,455,129,57
9916c10e424d4bc59c7bb9e0b5c0b188,119,230,673,501,129,15
8341143efbb1437d8fbc3f744ef356c6,118,237,673,498,129,15
f3cad03791414b859d612d78789bd496,161,291,679,460,129,57
c4d1f482d59d4b0c92321d8da7acc914,1076,486,480,349,115,95
104c4626aada4feba22ac78fbec9b42d,420,145,426,366,115,69
18cf33a8caae42578406c404f1eb897a,417,147,430,367,115,69
64ea3b58353f42acbbffec23625c365e,415,147,431,366,115,69
9673bfccd3bd40a3b3f5537537cdd8cb,495,258,612,476,31,63
4fefc99c38cc4c0ebac23a81e383d351,439,515,539,407,31,19
ee04941de1104a6c94a2d07cf6657dce,440,508,540,414,31,19
39dfdee0654f4b62a987e4367a1a6484,609,248,541,474,31,63
50934dc4ae9046838cd233f03d2dabd5,439,511,540,392,31,19
eaf4d4942f014fea836ba445fbfb1c7e,607,251,600,475,31,63
5eb5679b4269485abe0f82dc69bc4ed2,619,406,642,574,630,57
6be41f7eea8f46bdaebb948fdca06103,542,263,830,554,630,50
d43eb45377b2437e9e6641bea0406736,547,258,831,558,630,50
c6101ad7a7964b90a821189702d0e9fe,579,412,684,568,630,57
e169d6010b0d4ebd96b864c3cbf50d29,551,258,830,559,630,50
45977d189f40433d8d0cb8b0e1ce4a3c,596,403,665,574,630,57
f8e5e6491bd64416981439764460a350,1251,241,516,357,249,85
0751c82fee8447bb97273851a90f84fa,612,328,569,524,249,71
59a79b93790f4955b5c6e15100462034,613,329,569,519,249,71
e47bc7c6d47c4c6fb306a4a4e1676196,530,286,841,657,249,82
a4feca4741eb4d6ab90b781ddf51e631,1252,242,514,355,249,85
36d16ee50bff4140924f43fb4fafcdcf,530,289,841,657,249,82
dc4eca39e5f14bf1be9b9ac1ad9ef908,611,328,570,522,249,71
74045bd0093a4586bf4a7a843c7a9c2d,532,286,840,657,249,82
e7034858c69e48dd8f9ab7dc711a1634,1116,432,727,555,1019,90
3190a3c945bc4b48b377f89ec4c5a9e5,0,275,433,432,1019,89
4be5844fdedf417fbb480c1b733b74f3,1117,433,726,555,1019,90
468862456ba84b499b3e27539d221f1a,0,277,434,440,1019,89
8a7f112bd19c4b42bf192907bd69a553,0,276,435,431,1019,89
4ae783693e5a41e4baa7d1e8992cc70f,1118,433,725,554,1019,90
61003b5ea3e44f0e931884dba9e89905,150,415,492,451,1346,90
6d457178d8be4061a48b43fc64e588ff,1213,305,589,478,1346,89
7712dec1a21e4b6a850859de5b6326e7,148,418,490,448,1346,90
b2d1413561374dbf9dee7b7668c6eac2,1217,298,585,485,1346,89
945480ab47364bf89fd2c0dec556cd2d,151,416,491,448,1346,90
fbf4c034f074431e97cc31142ebd274e,1217,302,585,481,1346,89
7dc95dd90d044f10a83245f5ca548d2d,690,0,545,473,1436,64
9c10343f2c4e47038daf6277eb9242b4,655,0,371,178,1436,38
320e864a4acb46e593a23c1022a89439,787,0,237,176,1436,38
1cc27d775f0641a7a54e958374424227,689,0,541,469,1436,64
70362cd4df7a4e34879c312c900e43b8,690,0,540,466,1436,64
cf750cece23146619b57db59011b9de6,790,0,234,178,1436,38
edbe1079d6f34f10be419be240af9ba9,392,80,405,321,254,69
bb66af797a4c4d258168e3662d7d5f4a,385,85,410,321,254,69
34ce227bf81b43cebc586e590d385b54,390,72,406,322,254,69
0d95902b5c4a4f4d949518f4131a280a,883,526,471,393,254,95
8f1c97bbb11447f484f98d8c3c71337f,883,533,470,392,254,95
333a3ffac7a244f3a5dfc3a866049ddc,883,532,470,391,254,95
f61b07ae71de41cba0d4215b64eb3b1d,891,170,677,543,374,83
b416d3e8bc06412b8979703e05c96505,354,447,672,583,374,72
244320c7b6f74d4188fbde046f0c031f,382,346,653,628,374,72
f96b74c0ec4a49c88eb770e537b3d24e,355,455,675,578,374,72
2bbb203baa0a49f187b39a5f0eaf86da,342,347,894,631,374,83
3f7161dcf1754739b1db53b591461dde,878,321,544,455,374,83
b4e9ade097e54b81b637ad7ba08f04db,399,270,820,511,21,69
cc9bb8b8620843468d7403813a3b9670,782,414,763,433,21,15
2da2e8878e974ded9d7ac2358723da0e,401,270,818,512,21,69
899bd5837820403a9c115e62724be17a,791,428,751,429,21,15
2a5d146b49754150bdb021b819f8843d,783,408,760,434,21,15
2295019afd984438832d5251696ba692,399,275,820,503,21,69
c5767e9208aa4da8b1ceed7b0835217e,633,405,577,472,1215,73
2dc66d87c17b414cb8a6c68cb39e5538,733,0,479,467,1215,14
4c050f14b7f648409ad2cbd431d4f6f4,740,0,471,465,1215,14
99617ff7998349c3b92a5f5290313bf5,633,405,577,471,1215,73
7dbf6f254ac14dbfbf5705b70b1e2123,739,0,471,471,1215,14
509e2db817974dd89c8640b7b9e67098,680,382,581,466,1215,73
f94b488901a3453c9c04a232eab32ba8,814,157,932,635,640,35
1426562e4c8e4c6cb2d4cfafa8a6496f,740,238,379,362,640,63
0e9040442e57464e840fdf9ba1a2b7be,740,246,378,352,640,63
b00b56487e734826a7952e13816dfa68,761,238,415,353,640,63
5b3fe963c17b417ca472c1e13cfc3d34,788,289,926,635,640,35
0aa148fd34cf4eff8e859ace3fe1e0d9,746,346,675,606,640,86
605118d5e3784b8c965abd8060a2c191,749,345,671,606,640,86
88f3a41867f142c99bf37e1c3caba257,290,512,865,386,712,7
891ecbcae4654909962d84079d763639,507,435,731,398,712,87
63a0eb8f0c8e464a8aae0f288bc4670b,290,511,864,387,712,7
8ff961d202b2479ab109c0f41fdcfe81,501,438,730,400,712,87
f7fc2a71ab0d4b79968905dcf233605f,499,448,729,397,712,87
5af2b23f7b694fe0a87a579924a2805f,289,515,864,382,712,7
ad1042adffe94664bb7cd990f23aa09b,489,179,406,353,734,69
41c45de422674e77b24675b344d5c5aa,489,177,407,355,734,69
71f230477cdf407999e0ef550b3a136f,1033,133,739,458,734,27
1f5d5e3453314ffa88e462a485281163,1020,129,740,463,734,27
482f0965b7b64cbd930bb9cc1f1401b8,1020,133,739,456,734,27
c7a91c77607c499d8870f6fd569dbd82,417,287,797,346,734,95
10c20f7997394b69aa94ab0c8793b5c2,621,77,749,612,1446,94
ebf0e709aaf84af4a2904e5607a08525,575,394,731,537,1446,92
89e96241bee8467c845f2089701e8c96,576,393,730,532,1446,92
7f32f6ba9e5745bdb750214eadb9109d,573,390,731,536,1446,92
1b69e73661e64745bdca767c4df6b12b,398,609,572,458,579,12
5017e8aecfdc4d98b904743ed65147cf,410,542,574,463,579,12
75fef78d727e4e06beec0ee782bcc6c9,331,356,633,350,579,51
407a4ebd476649e6bf64859abaa068d5,308,356,632,347,579,51
7f8436674d2b48d78140cff732d197e2,768,352,955,612,483,32
119d7e29b1994075b03936677a45a89a,768,353,954,610,483,32
4462271ea52d4f8d96ddc9cd2ec70cc5,769,353,954,612,483,32
7c91e591a4a04837b2e8ec2e9bf45d53,625,416,836,468,483,81
0c60fc0241e140b895e2a8e53d1c10bc,609,217,292,329,483,53
ae25f0f01bee4b29a591f33a24362f7d,625,413,836,471,483,81
435dd59c05d44c8eb1df0680115083f2,625,416,836,470,483,81
dd26566c7dbe44d3aebe2737f7dacc49,611,216,288,325,483,53
8ec914f50fc542f2b916a0754a2f7784,933,129,550,440,1024,68
d67110040ace460e973e864ffe7f165e,836,343,542,561,1024,13
5bfd527b44554f6a8aeccbe2a2e02ee1,836,345,541,558,1024,13
b44af9ab60b541eab4ff7a466dcad663,941,124,547,438,1024,68
9d3cc3bd80f2433b9cbfeba6d99bc483,832,338,542,554,1024,13
874a21e917684adf9f8053a6c5d10b17,945,123,550,439,1024,68
114cb5bc269146d2985cfe2d1f277860,342,227,971,465,138,86
39f4563f68dd44c69c26e0a30111ce09,1194,195,600,323,138,37
354c9cecc09d4dc4a6276fe226377d3d,339,231,974,468,138,86
4a3ce0b48d4b46108c13736ff1d0a3f5,211,250,983,482,138,86
c4571ddea7114621b58789fd2320b00c,1195,191,605,378,138,37
1f202577349b4fdc811132a652144874,1194,193,605,376,138,37
80525d0460dc4ef0bb7228e4c56d154a,260,544,677,530,745,12
03756461aa09425189ac2c8c3464e037,253,317,699,397,745,51
438c83243eef41449a3bc08b5b9cb7b6,79,253,715,444,745,1
0c1bbc631781441683d9799ff86e000d,260,317,703,401,745,51
924de191584c4744b5c1d2ba5063f65c,733,215,525,471,745,91
2393be97b2774328963a4a9357677ed6,78,253,717,442,745,1
bbaeec3f18b9483d9a66264bacad6098,76,251,719,444,745,1
da5bfb5faae746ba81ed6e9a5e4bcec7,733,216,524,469,745,91
d120e599ff5f4fb79efe4008e0b1072b,543,225,863,635,1320,48
a58fe6fabb0b436b9462834cdf4714f8,728,75,662,644,1320,31
d12041e6a4824407a20496676f8a887a,728,74,664,644,1320,31
cbb851755dda4482a464acdef5e1f8f4,543,223,862,635,1320,48
d158a539d7e34e60b8131360680f6c0f,543,223,862,646,1320,48
0dfb04c01ea6486c9c4eabc4974678f4,589,189,539,420,1320,71
578be4294ea24e7e80c14a04930affb5,196,221,863,616,1320,40
806c2361bd8646c082b936fea7a8263d,597,189,531,421,1320,71
4a292ca38a6c49b6be0569cc356db2e7,363,381,627,440,280,57
0d1fc18464b9458f8a7134ad7f3ccf23,208,58,675,521,280,39
878b3f3edd924cd0935f652aad9bde83,362,380,628,442,280,57
4cb829c4ea5d4730b269502d2cefa38b,432,207,748,573,280,39
04d3303cb6ab45cb8d0ad6890ad3abe9,361,379,630,405,280,57
c7550eb932444525a1cbd1a48ece776b,208,64,676,522,280,39
260b185659ad4be098c1b63bc20cb12b,654,417,605,466,796,89
47ed995c199b483a9d0c064875e3d994,699,461,601,400,796,90
b563936b51264c70804520ef513cac53,699,463,596,399,796,90
8147ea1a93364a48901d7dc639aff1a1,700,455,596,398,796,90
6da92744a6e24bb19cf1b3bb37a83f6e,655,419,610,465,796,89
319d53a33b244051ae4b09e3c39463ea,679,380,606,463,796,89
09c1e2262165494a9973e7722247ade8,734,75,641,576,1506,71
b0ba629d89d540ecb7df30b6411ed85d,685,326,753,552,1506,64
5fe494748b2646f5981b11bc48e98e8c,660,319,938,566,1506,64
78bea851fbce4dd3953341f1ffd9eb9e,735,74,639,578,1506,71
c44f09a728c44d5a982abe5c4af83a61,683,321,754,552,1506,64
a03909ac18dc4e3bb6c8ebed5fc3abe4,489,369,746,676,1506,52
38b15213a9f0492caa5947e695230710,730,249,662,574,1506,52
121729f11e62463c9dcdb6288c0d0241,0,407,768,394,1039,25
6d8432f1de9d4c6dba6bb072de96cce8,947,200,538,376,1039,18
8fdfac30ce5a466592f14b41b7cde82a,925,418,626,509,1039,73
6d87f1485ed74c3aad324d8066e3637b,929,410,627,512,1039,73
8e51ec15e1da46879ecbd655ad1e49c3,921,419,630,508,1039,73
6753429fea5f4148ab49a4204fedfd03,0,409,768,392,1039,25
9d2c8bbb471443628cf77282b4835d58,0,406,767,390,1039,25
e51a66bd694044d48c82113fbaa71626,947,215,539,363,1039,18
2f54c494f2ef45ce95607918fc8cf801,401,179,386,333,424,40
e0b8227c5a6e447583af27b8e16e5285,402,202,382,344,424,40
f803a2fb530f48aab47e0305cceccace,940,259,549,553,424,36
7a472479fb2d44149518c47494068441,658,488,536,515,424,84
25688cd022da42d080ec67693ec76746,399,209,385,341,424,40
a21c1f461e0a4ec6aab364b0a11f4de8,961,229,726,535,424,36
98338db0304a46dfb4ce001887c4d4f1,209,195,749,472,634,65
055427001cf84211b7270d7ecfd22411,448,510,657,570,634,36
e8da8d1e76f7493d9664bdcc2ae46be8,209,196,749,473,634,65
0cfbe44d528244a4a8f285a849358cce,448,502,657,578,634,36
dda7e0b34acf494591b24b9392b64de1,209,197,750,472,634,65
9c16dfbed48045e1b51a492627aa7fa9,449,501,657,579,634,36
76c40e4ef37144b08d10d12fd96bcfd2,97,291,466,531,427,90
fd941c308b7645d5866e6eef282035b5,1165,397,733,442,427,89
6560badc55844e5b83c2e5ba51641195,1170,399,729,446,427,89
be67c7e249db4934af76c91ed5629cd3,1182,377,734,450,427,89
7168fd4bacdb43988f1f506624d197fc,1319,193,503,534,427,90
a3890fc0e9364f2ebf89633ec74082c7,97,292,469,532,427,90
d54a2af738a44a4fb821332f5182c4b3,567,324,430,436,439,71
3a6ec98c3948401bb0fee3674657a10e,567,324,429,437,439,71
2940c80441184093b81f3210ec49d487,1411,0,508,446,439,51
3435db2cc2be4134ba72905e273d4968,1398,0,520,445,439,51
7f8c276003ef4a9cafbe3541ad071b80,1391,0,527,445,439,51
74f6d5a615f94ade9f018adb01876097,531,354,851,726,414,22
9282446619c647c49db55c8a39fa3fec,1137,81,602,500,414,33
3afe797b0f634ee88f8adca9b666681b,530,331,826,748,414,22
5970d0cd9e0a4b6eaf9d65b72c2eee2f,1084,80,657,504,414,33
c60b19798e944b28ab4414dffc18192e,566,160,1064,775,414,6
5edea368e47e47ada4673bb993eb2206,1080,68,664,509,414,33
a91fee0e42e94aaf99824a86e73b829b,1240,20,506,514,414,22
93237c2265ba4bfc994654c34cbef183,567,157,1056,777,414,6
cd0144865fb441d596141f02c1e81005,764,287,781,450,1284,35
3e4505c39bd34ebda6ce91d4f7944a09,762,286,785,449,1284,35
36e5ea1e96ac4631bd195fd2b6205c41,936,625,816,455,1284,86
7ce0e100baa64ac8b8605152a094a7e3,880,0,415,352,1284,26
e1fab7e8bdac45cea24277d06bcce61c,602,562,574,403,1284,19
0645b448a7804effbfb45e4b300e2017,874,0,418,350,1284,26
b99385bbedac442487a04d70c15e5b48,936,632,816,448,1284,86
379cac488dbe481eb505bb55c6578366,1113,269,720,489,1284,33
06b6fd899f4140a692e8c941ccdfd346,610,442,797,624,1425,82
f4a69bf7688044f39b00d77186e71a1a,1326,240,463,336,1425,85
5cabf3e68268472ca4a915a378c67e65,631,300,716,537,1425,86
5c1979ec5dd945949881fdd68b96204d,630,301,718,538,1425,86
c7c9acdb24c842abae441d3b21670c9d,631,301,720,536,1425,86
d3876a0dc7e34c45ad403ea0e54732e2,612,447,795,629,1425,82
a3018de85615478d8cfd3c736773c099,610,443,797,625,1425,82
d2609baba2a64f599a286c2ca852fad6,1222,269,479,347,1425,85
b89a940217db4daeb25ffe72379f389d,122,263,578,431,1185,43
6d7ae1f788df4147952e8d43c30cbc2a,1646,486,273,341,1185,90
6ab3b5f144ea43679eedcac8182b336a,0,223,370,417,1185,43
16d6678ca83e497aadc1f92a02270c92,1621,486,298,360,1185,90
f953ebf7629c4d8e9b434b2cfe567948,122,265,578,432,1185,43
242a4a09fb074037beda240d4b244c61,604,227,528,573,433,89
0a333669d6984328a66c9a711280b1b5,821,302,441,519,433,90
d0b56248cde64831b27de96008cca109,604,235,600,574,433,89
417f99419c4745ae868a47dc7ec1bafb,604,239,529,570,433,89
39f634de87184e62846911f78190d42f,998,284,777,679,433,90
ea29948f88104555a34197a88f297279,999,286,777,676,433,90
b3bb416019c24a448e3376e519bbf737,848,198,465,407,890,95
d0ca228d6a774f7a85c6eccedf1ec354,1066,173,568,433,890,55
83a04aa37c7e433082abba58b233dacb,1064,178,569,427,890,55
cbd0ec40265a4332a7fa9cedb6d95333,853,189,455,405,890,95
870659db252647aa92adf46a22307d9f,854,197,458,409,890,95
cf19c875de0e477eb2c3825c956741a1,1120,156,662,424,890,55
498ee40f7cce462b9795ccc841fd8119,1319,259,435,302,964,85
a2379b02ddcc46d48ccb78be98c2e223,647,498,798,580,964,82
da5c159d5a7f433d818ffde02b8e8882,938,249,518,409,964,42
f5adc2bdb67143b3982f1828e5e90769,935,249,520,409,964,42
d096e331f7204031a7fd5aab5e8e9df3,1320,261,469,302,964,85
3fd2bc15685745ffa6d7e60e7016ccb1,936,250,517,408,964,42
b363888a4be94ebf8f3f04b42b778562,1311,261,478,298,964,85
a5ef631f7e7d464ca452648de41ed100,648,496,797,582,964,82
ece2d254519845bb963fe3b9b3a0482a,774,255,408,487,842,11
e763e31256974c0384ecd8f2d2eedc36,777,256,405,486,842,11
587a74cc8a704980b5ce73fa168bfd4d,579,157,824,781,842,94
5129ca1ba1c84c8baa5aac10559d1bcd,778,254,404,488,842,11
94ba940609114bf99c25d0bb1b3c473e,578,147,825,801,842,94
1c947fa04b1440fa91ab5c5a408e54d4,756,300,640,556,842,86
06017d36b7f14557b42547c53e87af4b,577,143,826,804,842,94
a66be38173e246be9a34aba8b975ecec,757,297,638,556,842,86
e2932a81f05b4e37b3342978a9bede22,215,423,868,491,678,7
fde56012a09c4aa3a44da6469699df70,223,416,859,493,678,7
d0597046e5804634acf2737d7a07c760,959,432,694,390,678,87
e3f4520b1f3b412b9b534bcc46be3b75,921,432,695,388,678,87
90e78f4ad14845c9a8393d683895e510,918,435,696,390,678,87
f04b733519084dc39000ba3fc61054e0,0,380,651,471,678,7
4551f01aaf6547d889073738e7acff2a,803,14,588,513,1448,56
6aed0d772bba4492a564f3276f432102,131,177,1068,644,1448,56
5c1df5d188c24fa38ae55a0ed1d452e9,711,487,756,591,1448,71
cd6cf780ddc64b028a3d57ca6b779630,732,488,737,589,1448,71
6c1eb93db0ce4b998972df1971f0ff28,803,14,589,512,1448,56
77d3710c9b074a1aa3f2d126859ccceb,736,492,730,587,1448,71
f046eade8179477e85c5b0d31a638d48,141,414,557,479,1210,89
7b2fc7ee6d7c4c56a90cfe21719daec2,1051,281,593,538,1210,90
fc998f2e8106443a8f2669ae694ed745,923,208,812,507,1210,90
a2fba6d438204bfb972c7a123da980d1,150,417,547,479,1210,89
b1c5b9ae5d3e43c7b90ad27e2e681f2b,1050,283,596,522,1210,90
24966c4fb7854d7ab6bef32578ec75ce,151,360,549,481,1210,89
b619a5a7c16d4e1c9e8f89187b7831bb,1189,391,568,417,1146,89
5c9387069e274fd3889d7847c60b515e,201,292,474,513,1146,90
d2e0bbf60cb44a119f98c2405f525709,1184,392,575,412,1146,89
ab445accb06546e5a8d745f1e2d48f8b,1181,390,578,420,1146,89
4c6a0533d9fa4439933f1e4280bf3483,201,293,472,512,1146,90
8ce2e15dd0104aa3972295a9da53d918,752,395,719,614,617,77
d1d837cf754845dda44ccbef44ea3541,661,383,535,641,617,68
54ad976b0d6c4cacb8206bc64f3647d6,756,348,717,633,617,77
a03cfac8345a433f8708957dfcc008ad,664,378,535,637,617,68
bf698497c4ce4d5683fc5947af7a706a,754,361,716,627,617,77
2092f0eb7cd54016a593806ea4b61421,665,374,571,651,617,68
6b2056a09c3e43f097300b09a16e13cf,909,462,917,497,225,43
6de25f052c3f43e2a6bc0a3383554e56,437,322,778,543,225,22
b8c5d8a7d61f4bac8f871b6006245e08,911,467,1007,493,225,43
271d211d31f94e679f553a7b017ee539,219,69,669,427,225,38
fa606dcf3c2d4eb5a589a819b1c2cdf7,225,69,669,428,225,38
8e0882c3ff3544eca9359b961607bcb8,434,294,763,546,225,22
4fd46fc71f2d461984c81471ee35980a,433,302,764,544,225,22
4ce54064a5ab4393a4600b1bf33e6acc,910,467,1008,494,225,43
26a2ba8aa7b34bf0bacf1e04f3150e19,830,0,389,364,597,36
ee50949bda1242a6b3d1d6c28080e6b6,847,452,529,369,597,11
7a04dabe630747878a0e1f6cce4f5d09,848,452,529,369,597,11
52af21f834bd4d4d90f0626e99fb017f,848,453,529,369,597,11
3bc8aa93064144588c3d217a7e4a6012,830,0,389,365,597,36
5cd18317b2ed4357a7e1ae978a335fb5,925,301,664,543,597,73
eb62b6d920a74336afeec5136ee463f6,831,0,387,362,597,36
66ae0c26d89d4792b6dac771ff733f1e,718,420,512,567,821,90
71ce970ba6b146a3ac39eb1d6f64fe39,510,320,512,354,821,89
c259ae548ff94bbb99f9aebcee8c88e0,717,421,515,566,821,90
deb7570b0f1449b88646d5107477946e,489,350,515,352,821,89
5bc1fcdfa432492192e3987a8b323cba,720,421,509,565,821,90
42f86449669d4e0883bfb397fbed8e4c,489,342,514,353,821,89
b6a149611a4f4687afcf1e88532a7b48,536,221,643,538,36,72
d7008ea403194e05af94fe143e552be7,944,276,531,368,36,83
5daa2b70705741558ebef517e49bae32,536,226,640,534,36,72
849339c91bec4b5f923fbf866b5e4bf5,929,273,515,376,36,83
f0d74cd078ce4e5c82538d2bc587fb47,535,223,649,541,36,72
5c9e8ee930664ac581c209994d6831d5,940,277,517,370,36,83
d526474da2084e8aa170f8c450f3684c,960,195,603,560,615,22
064e73a55d384abe94471a4e6e78f976,959,187,607,563,615,22
27276f69c27a4f46a7dc1cfa0d7f3882,117,55,867,601,615,38
f2ad4eb64ef344649d9f750114093fac,283,68,695,572,615,38
77d3f84d5ed741628a4d1bbaf7850b7a,959,197,604,555,615,22
c20f8b0a0b4b4baa9151708cafaa4d1d,345,68,698,587,615,38
de70781c5d244e7783bc042f1e42655b,662,420,603,414,1051,87
1bfe5637094e466ea3b949354d8eddf6,663,426,603,408,1051,87
ca3585f8cdab474e87977b18421ea898,103,502,885,423,1051,87
2bf7f7c39e3f4f42a305ba159fb1ecf9,524,541,952,426,1051,7
e3d588fd2da14c47897adbdcc5e6c307,523,539,953,427,1051,7
79a68794a3db4cd5aac63c074b0f36a4,520,544,955,426,1051,7
2274552fc21d4629aa5b4e61d6b02eb3,537,378,751,528,246,40
32bcc17109504afdba2cb8be0ed47cde,537,380,752,526,246,40
444153b4ce8c469dae222c5abc9d1861,190,284,781,706,246,45
1049d1e88d314176899ef00be12f6e62,509,359,686,534,246,40
a59017885ea641a59b0bcd4b89982096,913,373,843,528,246,15
13a37ba94b854faab6bbf22741f8aacd,912,375,843,526,246,15
96b5a4304bed420899520998d66828df,189,287,782,705,246,45
b2c8a3d6ea7f4338ab2f883cd43e6e22,940,383,979,507,246,1
a62cdcb93998424cbe7ab0f86264ed39,43,379,592,417,71,90
38bb442f3c6f45928e3cd9c9a2f7dcde,0,310,366,418,71,90
8c2813fe847b405c85070d9aa1c14a91,709,468,611,370,71,89
99af706f6d914d57a99b63bcd5f51a16,42,381,607,414,71,90
800880eb1d384cc38306ad39c77b8a1e,709,465,610,364,71,89
f36cfbdc1b3f4783a8ca4ee5bae33161,730,470,606,363,71,89
adf3b90d6538408d93d532f00c7f24dd,337,76,761,590,817,32
d3187948b34845058c7536b088d5f8a4,413,227,540,410,817,40
bf46ccb4f6d54d56afe34f00b7a40922,413,228,540,408,817,40
32bc324bbfb445fe8761dde16ba7759c,337,73,747,590,817,32
085f9bf9f34c4042abea3e6bca7812ad,337,71,757,590,817,32
5d25ffbac1354b179aadc53c5638da12,325,288,1204,629,1179,74
aa063cb94a8843b78408f0100fc75c83,647,345,633,433,1179,33
0b497450189b45df827d251a5f20b037,386,245,1193,679,1179,74
d31621b33adb4adfb741d8564c4224f8,563,332,456,425,1179,33
25be548e2217447691d01c30562bf2c6,647,345,632,433,1179,33
98932b9ad0d84d41a42d17637ff65b26,82,81,973,497,1203,21
fbdd01782c254433ac556dac709dbd93,875,254,448,413,1203,54
f2438391ec3f46afb62cd808586a3ca1,82,102,972,476,1203,21
1d7b961d720d45508cc73cb67d9f61d1,870,255,426,398,1203,54
d5351771bb3c45c6b10457c443dd91ef,878,255,491,402,1203,54
96eb3fa25817407788879db7be641d5d,81,81,975,489,1203,21
ca092d1c53684cf496addaff9d781e07,801,213,305,267,864,17
d171711a660c4f6c9a914aa5b8a38486,467,343,814,553,864,50
64f7aee2fc3e49f5a1259847e2379a36,801,202,311,265,864,17
55c38ba53a5e48d9a68c9299f5a6edf2,467,345,814,549,864,50
09f6e043bdad41de8b79a4208571409a,466,347,814,547,864,50
20af4ad5955f433ba8b4ead965e4f9cf,526,385,681,420,768,89
924524d2f08941c8853b6deea0f1ad86,680,373,509,430,768,89
51f994b3ee5741739d125fa219ca5491,715,462,442,406,768,90
9bc96802936f4ab1a5f1866504ad7749,717,461,440,405,768,90
61710227a4ca4a509acd967b980a0d4c,716,462,441,405,768,90
df883c9a1d894c16a6c9587a4f0f4f42,679,371,507,430,768,89
3d405e84eca1467a85b0739ce73cdbd7,604,481,544,382,580,33
250f3acfe4b040829ae419f53d0a745f,213,319,902,632,580,20
6cd96773cb214cf6b96df4b1b2414a75,472,199,924,660,580,24
9a7e7d62640c427a90dc86e6dbc04b4a,546,263,751,562,580,20
339cf78aef744222bba9e5777627c118,605,478,543,384,580,33
53bf91482eb042a8b3f958c21d0df2ba,471,197,926,662,580,24
38cabbd472bb45f2b654d81d393808c2,521,362,457,370,358,89
f2b5a50ffc4d458ba6e51f55d8cd6005,725,441,480,459,358,90
74973c431c944adba53d8da3bf52a77d,724,436,478,457,358,90
df06fc8b0ecf4d9aa5b485fcf91c1eb4,723,436,479,458,358,90
7824863761a0474b92b715bc74b016e8,520,362,460,345,358,89
d15891c59e0048849c3616d3bd769cfb,525,362,455,370,358,89
9743bfacbf704c94ae427df85e39a0ca,641,473,719,367,1209,59
34cc666b2b3645aca9b45266c0ffb1a0,638,480,734,364,1209,59
c8f2da0c189e47d5b89444504262185d,720,283,642,535,1209,1
aa42260186a34da8840c7c47a959f0bd,720,281,642,539,1209,1
263ee593bb6b47898535b6e892ac199e,719,281,643,536,1209,1
bed6ff4f570042cc8a94d09aeada866d,203,103,1054,672,1057,20
1684d18bd7a949caa82824ad593f834e,798,166,628,646,1057,18
4604451c718245d0aa4cbbe22259e8bb,379,547,672,532,1057,71
c00a721d8ea340d38e879b653e861fd3,369,543,682,536,1057,71
7669df4a86e04a90b6a04b6edfe8a674,368,543,683,536,1057,71
6078dfd220fc4f1383dea11cd9119fdd,205,103,1051,672,1057,20
b5d92afd5ec04e58938748d939537a20,798,162,620,650,1057,18
a857940c2a36414fb86afd6fed325256,969,349,769,506,1224,90
0d656cc67fd34f3f9fb9e0299390f03e,304,376,704,553,1224,90
eca2096a47bd4f0daca6e4861396b1ee,1302,412,451,453,1224,90
43a4cc3b97f34729ba41707f6f94ec8f,60,463,513,419,1224,89
44385ff4dba9447983081f3cd0d5b88f,54,285,676,594,1224,89
f6fa18ca9f31454a9caa61dd1167fa90,57,467,513,422,1224,89
3a1809af6e614d99bf462065459a3e54,1092,101,728,556,1300,47
98a5070b9e5545eba630dd16f25c365d,1093,100,726,558,1300,47
0c09adfe227f4a7493ca79c0ff7a4257,1095,103,725,556,1300,47
560e2c7697074ced870c2d678892d94f,871,0,619,490,1300,56
bc07896a5c4b4c168ae8267bcb6f7891,285,257,963,823,1300,56
968ba74712ad4a3da7baa7320e2dfb00,658,299,461,407,70,12
b29c3af4f962463e8e289162b53465a2,868,445,721,469,70,51
6621f60861864c40a48086a71c40e152,399,316,726,505,70,12
238f3112a9e943ceacb1396e26d8fb06,543,479,625,527,70,91
5508f340b4fc49c09cfcede86f5b19d3,545,480,625,524,70,91
9ef7126990bd43aa81667b3c3ba104c4,928,442,806,478,70,51
3000578c88f44dbb8409248e4a66ec55,861,445,721,467,70,51
92c9579956da4be89732b7fab2541619,1068,169,693,585,136,33
c7a763f526454b8c8cc1f2c487fa2301,615,136,932,636,136,6
1ed0a794a95749dab052d5ac4b432a6f,1068,166,724,587,136,33
0bb1f23e3f1c4d61925d4ec546969dda,502,310,780,502,136,19
9a45b92df7b841e8b9b5deef2f6eb2e3,613,136,933,639,136,6
aa442d593f20489f9e53b680ae7b2e89,318,368,774,585,136,19
e9bb8eea208a46b4b859e0055ee17592,399,209,978,739,136,6
3b78e7ee0e3746678fe0d4c74c5f094b,738,398,922,564,136,19
61f0b76480684f7aa9d5709a097d07a2,322,380,701,535,1374,72
aa205451f6874974ad7659b16e9e3e2a,494,415,883,401,1374,80
3a2dfcdb213b4ba69e40b23a567a1bf4,707,419,672,456,1374,80
5c8476ad61d742dc8ce5bfd0d123e758,314,373,701,571,1374,72
3bd0a84fe17743a18c3779fa953f74cb,92,380,492,442,1060,89
ae2e14954eff4b64aa591b1494a1b6c7,92,379,489,444,1060,89
3bb6df664636403595442b39ef93cda4,1281,456,461,425,1060,90
6a8165a69fba4d35ade9ad8ed1fb0a10,1284,457,460,425,1060,90
6ddc48ca3955476190b1c51614ae76ed,1283,458,460,424,1060,90
2d663215f0ae4c98bc96b0ec425301fc,94,380,489,444,1060,89
dba11eed58304dc0a56395ca01d2c605,654,426,595,384,1211,90
c0e838425b7b4aeca8af747a51222837,675,396,641,456,1211,89
40c92b2a72314da3adf78eaf1484ac17,653,428,593,386,1211,90
ae08edc6b4634b82a6e993d8e45a6d03,650,397,651,452,1211,89
eb906bd2226b4b06a86e5f893494f4f0,674,395,645,455,1211,89
c4ca0fe5b2c24876baf9a54af38cff5f,655,425,595,390,1211,90
39f87062a69643ed9f9151dd1f6848be,412,406,485,433,585,29
c2a96a5c21364290b575c520cd535982,583,203,771,626,585,82
30c5346bf99c49a8ae6fee6d4a2f5893,417,235,907,660,585,33
2bc9999a89504e709b17af3d6024ad42,351,405,515,468,585,29
6a3da5bde7ad4564ab04bfdfc9e011cb,406,341,489,433,585,29
cffca57a007e42f98393f0f369eeaf51,582,194,745,631,585,82
7d4b4b2a7d1c4b378c6d95bdbe36c4a9,690,86,821,697,585,31
4ae6070f9a2041d4b608beaf370cf364,430,166,918,773,585,31
022a296e1dc74af9a0c5b43d3e3bc62a,308,401,996,622,1100,85
2863b21cfc2040ab8353b1b86c2ca7f2,309,400,993,624,1100,85
bc5f92fcb56b488bbb52a0e0b48f3a9b,765,349,729,547,1100,85
a9b23eb0c52e422aad9663ca80ea9fa5,114,121,847,570,1100,82
ed6a4bbb11d84794a3fa5b7846c345cc,390,225,673,534,1100,82
a2e9856e9c30472fa5888a87cdfc8796,112,127,847,564,1100,82
4edc7162d9684060992aee850af57d2c,560,399,737,489,123,90
a15543ca5325483b89cbbdea51e1a54f,431,309,540,397,123,89
45b64bb913f244baa3f1bdee2bac3bc4,431,307,540,400,123,89
f99cbc06db074a59b2bb13a5af79a6b8,431,311,539,396,123,89
a5246345af5646d8a35c782f684e1cec,560,400,737,490,123,90
e1e17a2bf9c84a7db3208a3313f4fc8d,560,406,738,482,123,90
dc28a716e0e8413b9f3527b783cd001c,708,340,555,468,188,89
3d3bb9652ec54b8f9e17bd276ac6da7e,512,385,623,436,188,90
0157c944eb8145469cdd456f807191ec,706,341,556,467,188,89
edfabc68a18d4207be45d930e11c0c63,708,364,429,441,188,90
c05ffff05eb24c329bb32c60c63a581a,707,340,716,465,188,89
21bb5922a5f2425e9189b8b578d0fa5f,707,380,429,437,188,90
cbf2e65239a349a098e6e8b764ef0805,239,502,798,506,685,20
1703403fccb44293b1fbc1da13d4b098,338,253,602,497,685,82
05be28256fc74eacbad59ca92d0ecca0,804,0,378,307,685,36
a6ed012192b24d04b4b0f424955adf83,600,229,765,746,685,94
498de15f44e0434eb4e609a491462adf,372,211,558,409,685,82
0bab10bf5ad84ef3a56102f36074b940,601,235,765,740,685,94
762f0d403747451cb14486a3f97d1a11,239,503,798,503,685,20
e05c7e8f8d364b00be5a74eec20e8061,1357,130,561,398,685,85
1074504e236949668d371bdb76cf73f1,588,526,432,352,1343,29
135ed5e19d8642f1abbc1da832f930d8,766,455,535,387,1343,72
e6a973b94f8a4840b997f486fb26c65b,874,437,426,383,1343,87
16c96c8da0ea4e8e84cd8c1cd98898f2,757,454,538,395,1343,72
9059e5fe5c97436cb983fa9c5c133e0b,876,433,421,389,1343,87
b611c87cf9ac4c2cb10f66bf3d317ba3,874,436,430,392,1343,87
4e03469086f3493eb7030fd213353865,881,110,476,411,389,77
2a3f82d130fc460a8fc1c6d8d36f0e51,776,1,323,342,389,70
895d9cd8e4ea44bcb5dd4384fb7836ce,444,366,646,547,389,77
18106e23ab744fc88b700b2c79656242,582,233,909,845,389,68
5f46aa0ee15d413685c1b541d87c933e,145,197,650,515,389,68
96367fb5165c47b38bb02ca54cd84458,775,0,322,345,389,70
82f7510ed8ee41a0a936176c356d281a,764,14,341,357,389,70
781682ada7074772acb6977d5aafe7dc,67,232,792,476,1049,90
682729001d444261960e099872ebb9b4,62,230,789,480,1049,90
888ff1c0998c4bdab1e452b35e00c732,594,313,512,581,1049,89
21384d995c374b8bb98d3b2961589a3e,63,229,793,481,1049,90
0588f4f39bf047f3ba5cdccd931eccd0,591,308,514,583,1049,89
479f56832695402eb220d05d00e90547,590,307,514,585,1049,89
a048e1da09c14cd7b84ef17a8e94a4c9,1224,375,644,441,1406,89
26fe4ca819a64ec28ef78901d29009b9,1220,378,648,438,1406,89
cd34175243834104bde29e20f6b24a0b,142,453,620,413,1406,90
350a42319ad444ceb791657dbc8b6320,1221,380,647,425,1406,89
06d952d066794041971422d3ca369dee,0,388,389,409,1406,90
805542c67d7f46fcacec555905d409a0,144,454,618,411,1406,90
e7b5a88fa3104ae2af731e24812f1567,1012,408,496,347,1401,53
bf7cb62c8fee4bfe99d5953065140300,681,87,503,488,1401,36
b9a878d27cc24f26b946908878c57a24,630,332,1223,609,1401,21
fec7f4586df546ab830e5d639e1b3e66,678,85,508,492,1401,36
1878b774e33140b49cc521336eb70eeb,617,432,780,482,1401,21
506693f0873a47239500b9a1fc0224b1,674,90,505,484,1401,36
bdb2c91add594cfe9ba838254d7bd418,619,433,780,483,1401,21
6cd5edb359a84be3b69a15bd14e1a4bf,1010,406,496,348,1401,53
760337823787489abb5012a6eee918d3,689,433,570,402,1539,72
443d041e3557489391f4088ac8102fa7,708,518,1210,562,1539,86
99131edc4afa4ba4a435bc33319df251,628,389,712,407,1539,61
d8e9ec2164624ae4a7e45c795ad0080e,598,355,583,442,1539,77
0368c89615d645d7b02489b84b65fa86,563,362,651,454,1539,77
f103861e8055458ca068a4019022a0f6,689,432,581,403,1539,72
2a240615b5f04d9cbdf62c509c06acff,625,391,711,404,1539,61
d435de659d5c49ef8461e41075127b0e,705,519,1213,561,1539,86
b90eb7215bf64927a73a557808fc7b66,703,216,987,591,1190,57
89f64cf731184a448581e8504393e4f4,687,241,992,589,1190,57
fe5a426f2a4d4e64823e7b3ea38d6012,978,369,520,412,1190,89
5ad7fc4894d14386942b4b0fddb727fd,978,368,510,413,1190,89
7de251c59f2d443da849d1f01f488a46,703,219,987,590,1190,57
ff05d9751033416bbef3810c0e8212ee,978,369,511,413,1190,89
0144eec78bd946abb983f6082c0f5dff,315,524,639,415,787,15
951b8cf0c107451baeb8ae86a2d91875,1234,301,627,336,787,15
9e54381cf93240b0a2c871c35387b9b3,317,224,718,520,787,22
a157373b8f834e1cb25116890c4e4791,86,0,551,336,787,38
78023562a5b548fdb31eadb44be7eff3,85,0,552,338,787,38
1888835a653e4fd4ae08ed57e038d2f5,1235,302,635,335,787,15
26f713af133848aaa86254f0197544bf,315,228,720,521,787,22
f618b6cd963849fda05d1d493e61a734,371,264,737,518,120,15
6cfeffba5a3e482da716d4ecba1f5c56,647,354,649,548,120,69
930bec3be80d4f078114241d164b49a5,650,444,646,560,120,69
2bfd8e0ac4aa49c0ab6871d0cde7d0bb,371,264,737,515,120,15
74054301dc504723ae9bdc68a83793de,609,391,629,537,120,69
82790275179a49beaab6781841b85900,398,268,761,530,120,15
ef989b1b56c84d3e9a448b6293aa17fa,1007,367,573,424,1347,37
0dc0ddb043e2483d8acc8864e1d197b4,77,436,922,644,1347,45
975f49d2432e4a7d8ec83f772fa92ddf,78,437,922,643,1347,45
6a8f8af4691a4492960091c510102476,78,669,911,411,1347,45
b9908bab417a4929aed7ff97076d5556,1066,374,607,420,1347,37
bb7d984cf78e440bbd0036c1b4b5d6de,962,372,621,424,1347,37
2bb117caf453494997908a81d5c00b8b,35,243,789,462,146,90
23f737621c3b4b3dbd895c1521bd6ac4,474,218,776,578,146,14
79696937fbd34b2dbde30f41af8496ef,38,245,790,466,146,90
8b1d0f05814141278e346744e7fe3675,642,217,608,578,146,14
958c8572b355422583137767121ac8f7,36,244,795,466,146,90
38f3746460d543e8a9d7ce0f546e7899,644,211,605,585,146,14
5224bba2511d489a99c1a9ff52e9dc88,632,412,786,459,342,19
0519040a63384f9a97d0e801065e5135,633,412,784,459,342,19
507ddc65267a418fb0901a34d8bd49c9,1073,118,641,517,342,6
d82db0f42ca84098901d08a17a077690,634,411,784,459,342,19
bc7ad0595d084131991f885266aafd49,1075,81,637,553,342,6
1d20073232454b9f9ae073de1ce3ed68,1075,83,637,551,342,6
abcd5bf095e44c849aaf1628ce3c00bf,565,250,865,637,1324,86
c618993de4454a7f9455a165ce0c5996,551,251,845,625,1324,86
2f0ba3588bfd4704b5723add0feb055b,286,219,685,492,1324,90
51376881afee433b9bf959dfb492a8b6,410,292,561,489,1324,90
57151b4b6c604157a64792a7eaa627bd,414,223,556,469,1324,90
1c0a180508a046af98e789ec52e3c156,564,252,866,637,1324,86
e136cc43e7294366a1abec096a6db771,145,400,727,335,349,54
36816db84cdc4585bfcd75a905d186cb,149,400,727,336,349,54
86f19c6e4d79423891afd04c49e51d84,716,312,559,412,349,91
b2a840a61b764b50b2c4fcb73c15cbfc,717,305,560,413,349,91
a57385e23b9b476fa59ce78e5e23bac8,149,402,727,333,349,54
643ec4ee9e8b498f92e8d19acdd7703c,716,307,530,413,349,91
606bf5d94a244c7f95131f1f92dcd1a7,900,251,738,527,134,6
fab03518a94c4d3a86e5130f2757051d,210,418,740,464,134,19
d01a67b79e5e44f682950f66fb19e797,217,418,745,467,134,19
2e2b73cd5755446e8a8b4680f45c7f0b,643,310,908,548,134,6
98f04a2c90d942c6a47a31d91273e30d,643,312,906,549,134,6
a9b0b74d31d04816bba318cffca1c5f5,212,419,756,464,134,19
a0d163c68ebd4e87804d0a4d23fab235,632,388,801,517,1277,45
6cf87941d7ac4940868b6617ee88eee2,549,330,578,523,1277,91
d3c30e1903c3421d933e6265980b21a4,953,356,908,547,1277,15
99e28c0051424e6daa44834b0ecac4ab,633,387,799,513,1277,45
ddb45f48b6094c18aa7b5b2aaa91fbf1,277,566,772,514,1277,91
ea8602328edc4011b2e66d963681eee4,955,359,905,544,1277,15
2f908bbef3cf4c619de138a8d78c70dc,224,563,826,517,1277,91
0c38efa925b54e92abdf98684da65c14,954,356,910,487,1277,15
27988117685d4e1ca02c1f3885f42d12,1211,227,653,581,99,33
5978ac7fad6c4f7bbe4e4f42aa2fa1e8,290,390,525,432,99,19
8aef266735a4495c8c6f759af9a8386c,1209,229,655,582,99,33
5b039d7c795f47879a37b2a03faa9c43,289,391,523,430,99,19
deff818c91cc44ad97a3be48fbc1660b,1296,381,514,484,566,90
f24fd964ce9544be9a546ddca682ff74,0,325,454,431,566,89
c3b007fbd2b94e01883033701b8cfba0,0,324,454,427,566,89
2daa97638f3e49f2b7d13bd1b330f09c,1,306,449,436,566,89
ff45e5f0a0f84bf48f2ba0c01494bbd1,1297,380,513,481,566,90
7188be8b49fc47039796c7fdda7a9f36,1296,383,513,479,566,90
8fa54d189c314040992dbe708ab76bae,1025,168,756,697,372,90
8e390862eb9b4092940b3ac02a8a2df5,946,255,853,497,372,43
6385a563eb40443892881c7071021cd7,1024,171,766,694,372,90
1638747927de4c81aa81dd20d0d0dd5e,946,256,853,496,372,43
9f10a94b7827449980e5e7001ce397eb,1024,169,757,697,372,90
ed46b5ba41aa4f4bb039a585cf0d4039,1038,273,630,436,1229,54
1c5fe26ec86147c7b52bc89cfb09bcb1,683,449,643,418,1229,80
1717056f5990440f93c80c7991a1e47d,1039,255,626,437,1229,54
c94dda00b462494d9579460447f828c6,689,448,644,417,1229,80
7c79eeaccf1446bab70af46116f1b4de,1038,256,628,436,1229,54
04973b4a123344b2a21769418c0da4a0,687,448,621,420,1229,80
ee8c9c9582a94aab9fb311c32e03bf30,149,297,563,406,302,57
94c5ab4032774bf4a88c5abe8c29a6d1,149,293,562,408,302,57
8fe6c12660784454be63b900f1df537e,269,437,648,421,302,6
77f970a7c57443b2b6839e965f58c9b6,269,438,647,421,302,6
64c69d42e2a642d0a2b8f4b7284b73dc,147,290,563,406,302,57
86e719ac549f43499ca10c4513b27072,968,125,836,697,302,33
7aded0234ef3478e968977d90385872e,270,441,648,419,302,6
9b016ee3bc164f53aa54a73a83a5b7b6,223,285,1203,547,538,74
d4f13bcbad4847399b85bd9c8eb16008,393,361,810,566,538,92
bc9cceca66d84c798003c288777c0017,823,292,1077,788,538,86
61b241450d134d0e935327acaf7434ae,326,408,997,513,538,92
9ec9b82183ce4d458f2f75436be6c9af,790,527,825,552,538,86
8d90b954abde478bb14ca0404f8aa1e2,1212,501,706,578,538,74
5a60db9a25014044b4098eb845d1ff1a,724,399,703,404,1327,59
5a8289d798b04f6dbab172bbed27994e,822,321,552,401,1327,63
3838a4597f0f4b2cb19ac45441df1e07,1163,477,575,321,1327,90
13ae57a9590b4a95942d9f18e9891f95,784,334,542,407,1327,63
af87360529a74770ac3086cdadd6d459,723,404,704,400,1327,59
79d38429075f421eada9a42f0a1d2604,298,212,689,482,1327,65
16cd34cfd265468cbe5a332e7469142b,1141,479,597,312,1327,90
83a74b3906334dccb2d654fa970b86cf,1013,321,497,355,1238,89
7b19bcc7059d47f09fbaf04e778ee444,165,448,532,465,1238,90
354953ea1b7d4e25b9c95ec871a33abd,994,317,496,353,1238,89
3993ef597c174e7f9bd78b420f8c9d70,165,446,532,461,1238,90
9da4296209824a6fb94ebb3e5ae11acd,994,360,496,353,1238,89
2935b76c5e9848cf9cfc772852171cab,165,448,531,460,1238,90
d4c6cc0946f2433dbdfad084f8108a51,985,271,658,393,546,44
49db54dc3eea42aa9c6fd4652c0b53b1,1035,85,572,483,546,24
2678ad1dda1a408fb619403ac0a6fdf4,366,370,538,462,546,65
9b5a53523bca47ba9f44b953d0d66cf3,385,438,552,500,546,53
918e6456406a4bb487d4331613d349cf,360,401,654,413,546,44
576633332e48499a8c7199c2b6ebff41,1034,79,575,484,546,24
63cafe8f6d1448b7bdf96f93b2615950,0,466,754,522,546,44
99e66290811a4e139bda72afe2781d0d,594,539,544,423,546,65
361431cd7e864702aed64c6b8a286995,569,388,536,569,726,79
59f2b4532caa42f1b948804d68d2ecb0,1019,399,703,507,726,51
97e227c6292f4db3845e9335c1410665,991,408,703,506,726,51
d622c088a5f24f00934f10b79f1f13dc,490,15,456,401,726,79
826b1f4852724b808ce3351344a1b2fe,569,388,538,571,726,79
046487087f73438c8ef0b5c4b6a148f2,950,395,705,504,726,51
543ceb7137d14fe4a95dc4cb2cfe2fef,301,339,712,414,1018,10
4dd0c7abeefa48ebbc3c8c46c2fa6cfa,308,339,713,411,1018,10
56c27526ba064935b78a81f5ead54a5b,674,127,844,609,1018,24
917a5025856a4a69a6eff098c77562d8,675,126,843,610,1018,24
d3703392d2e24599a42e916b4c5869cc,307,337,713,395,1018,10
2d6ec54b2b4a4143a63f8ab42203cb69,674,127,843,608,1018,24
5d6c935dba684be2ac5d9ba77e43e2ed,653,372,574,453,1513,89
92d74f2d96a34166ac2cf22a68d97793,657,495,598,360,1513,90
68d65a559e9c40868445acd88ea1deaf,654,368,509,453,1513,89
80635ec416ec47269a3cd4726e53034c,656,492,599,398,1513,90
7a450c66d40c425aac9c3c46ba01ffbb,12,744,831,335,1513,90
d936647330794abea674bdeb2787c357,653,364,585,464,1513,89
8fbce57edcf04a9a814532da633ca408,1194,207,528,362,972,44
1f8b53823c084e4b9e6fa203b2595011,939,168,826,574,972,85
f1b11345027e4bc68eb98561f0ec53cc,1134,146,785,519,972,85
01916acb1cc04b4d8565f9bd851ec62d,1194,197,527,367,972,44
1007ad54ada347db8c62d5a416b20ada,513,312,926,661,972,82
a1f6f6456f45452dbeed62bcc46e2cc3,554,259,566,520,88,71
908831cb83d443359fc90b2a5ef72450,638,195,375,404,88,2
62fdb5ec18f54076a0e1ad4c05d0a664,640,194,385,424,88,2
ab70fd4fbd5a47f2a685310e587e6619,484,220,680,617,88,48
1cbb488410e343c98b3727b15f5cd886,485,219,678,618,88,48
08b8ddc46d234318907c0b62545efa4e,553,257,565,522,88,71
c0bc2ed435a042cea7b6ffb238b55bda,483,226,674,610,88,48
2ee0e9c159774b599773a2a3741b0492,642,194,383,408,88,2
7277425f6c8741a6b067b6749cc87756,806,0,385,449,1318,77
73bebdf31567411aa8b2ad5a9ac2ec1e,940,157,398,368,1318,51
bf26db5795684094b6320a39ee8fa283,953,160,397,368,1318,51
ea0ad821f06e492984e6b2a090afb052,174,109,801,543,1318,68
f815f5701eea423982a70858c87a1c41,808,0,386,445,1318,77
69056714e8ea45f79bd84fe58f580117,190,107,800,547,1318,68
bedb9f58194e4edca9629eb330358178,199,106,800,540,1318,68
b4694c0fedab4581ad38ba8c469692d3,950,158,396,369,1318,51
00afd6d0be414eceab7bd7215b2d9574,253,306,595,380,451,19
35f975ad771a414d899938685351d906,254,305,594,382,451,19
9483e6524f2b409287b6c3d1f6200dff,198,402,583,419,451,89
7a5e618e49a14506993891641a9881fc,198,398,585,418,451,89
fb662c81c45447abb588f12890fc5dfb,253,307,594,381,451,19
f5b11cd22b0c4e8bb81d9575da88d667,193,403,588,413,451,89
c0befe8ade8d4577999c1c116e95d87d,457,57,405,347,1122,53
89dfb17d7aeb4b549835a75fa7ad0747,748,458,869,487,1122,94
cf400afaa5734f9986eebb00ad6a7c16,461,408,736,481,1122,12
d37b6f95ee0748c5baf881b888668921,460,53,403,359,1122,53
a1d81a64d7f0418b88bdeb0760daae0c,461,408,736,480,1122,12
060d1dd7dba6403088f67fadb8c4cf44,458,58,404,352,1122,53
3ac7d38cc0c84ff6a82b2425f9f796f6,462,409,736,480,1122,12
56b9ca84ab514216b8a29d20d465d525,584,304,679,600,464,89
3903410bc0a64824892690582a8bea3c,1090,334,427,448,464,90
616c9c87a4b2432ba449aac95b00f68e,1091,339,426,441,464,90
ac00cbfffa7a4553aacc74dfb99958ef,581,306,681,596,464,89
afb4e69970474572b8ab72935d097a62,676,307,585,597,464,89
c8cee8cb8fbd46b39d9a19e6efa4b656,1086,339,428,451,464,90
802c6dc0bfa54e60a366b1f6be65b39f,510,214,668,665,447,46
95e855f2761049cb908ff25d08304249,503,2,649,609,447,94
1b9c1f70daf84393b1666eb4d940156e,504,4,649,606,447,94
49392c053ca144f9b4bcb4917d5c271b,638,30,1162,1050,447,94
4c9033d08a734e80a62f295082f2cb52,511,217,668,665,447,46
9bed6ea3b45a4dec96238ab04b073888,242,346,542,501,1015,89
fe5fbf83b3ca4ca987eb41dee78052ee,240,348,542,501,1015,89
501876df7ac94a31b49078596f69678c,242,338,531,500,1015,89
bfc4d31c510b4348807ddc4c96f96593,868,266,715,454,1015,90
1063bb0df5794c8f8e774c6f8c5f35ac,1230,224,495,501,1015,90
5db50abe6e0d4b439d74312bc3a379a0,825,272,744,502,1015,90
b2f4bc3658564ed48f1b254e5aa9b409,538,461,676,441,1362,90
b6e2ce20e01d4878840564ca04190933,536,462,678,439,1362,90
ad6e35cacdea489785cad52c6d154111,599,298,645,584,1362,89
35489db1b11b473e983551277d37d535,598,302,645,583,1362,89
a318456f5e4840ec984ab7bc341599bb,534,304,709,580,1362,89
b635753561bc4ecfafcd9c8728846c52,1284,83,634,474,973,57
ee50d369cc0247ed970c6d8e9ab499fe,751,402,791,451,973,15
cdb883cd821c441e8a2479efc26c3df2,1282,83,636,473,973,57
ce279fa7df4c470eba776f47847bc2e4,1283,83,635,474,973,57
3f68c2542f6545cc91914bf72d79c387,751,409,791,443,973,15
b1f85e8dc14f4723bee90dec2337cef1,750,404,792,447,973,15
b2b1badbcf724eedb108095774c02365,656,0,761,690,1381,13
1a1602caa4414156a1d0a41c3b4e4c3a,660,1,757,690,1381,13
c162861bee6646e9aa94d5ae501c549f,451,518,634,562,1381,36
37860d06901e45ad8c0345a019aff709,331,85,701,585,1381,50
059162c742504c679214bcd7f186afcb,462,64,504,449,1381,73
67bae3d4670640628d6a35947b45b099,399,394,858,686,1381,68
f58f5243986b48c3bb7518935fdc76c2,468,65,492,449,1381,73
f7639ac691a44d62966549a3882ce152,0,392,439,347,565,89
48aeafbb9555421e9f75d73ce0106d11,1,378,437,352,565,89
58f49fd5a92a4ac2a7e4027c37ff9140,0,390,437,349,565,89
5b0e312f77e44703b6f0dac806c7d11d,1130,496,712,460,565,90
2a0a39101a7b49389ea27c2bca5f14eb,658,503,949,577,706,19
2904dfe5b39e44be87035ed023babc68,657,505,952,575,706,19
d06767cd19094d51a365353bc2fe8c83,1195,11,724,512,706,6
d671b2e8b28b4add95b031e64ad7ee6d,658,500,950,580,706,19
831fe0568c854a8eacfdfef22f965b11,1195,10,724,512,706,6
b13f7e1d18e14d2f9769172336bb9d09,679,569,1239,511,1528,68
022091d38f184e02882b7f350376bc70,687,262,855,708,1528,79
0cc26ba430c74af2aac7d3b90cd2e959,837,74,447,510,1528,77
97b0a50dcb1c4af7a9eeb08f4e57acf1,856,32,390,462,1528,77
f75f1a82201540108fef30f91bc965e6,893,561,1024,519,1528,68
8568a2acb6ca4153a51cda5dfaab39ef,860,30,386,465,1528,77
d3ac2b0f7c5f493aa0a487ec7725f081,890,566,1028,514,1528,68
dad83e1d7aaf4623a64a7837583bd8a7,713,347,853,616,1528,79
a0f2e7d182a149babfc954f24a49b29e,390,431,842,649,647,85
ce5c29fd2933482e8dd7f27a4b651819,135,414,1102,666,647,82
f44ba552178c43f28a609edf10462486,523,374,875,554,647,85
3f90f1e08baf42188bb18181f761cba5,654,317,833,511,647,82
d6fb798296734e94812ec98b45498035,304,258,689,533,647,20
e63318793c3e4f73895581dc4f8ab846,1252,190,532,358,647,82
32db3bba7253473f801df5be6cda2712,302,258,690,534,647,20
bc0bdefc1ab74f33b89928d0aeba4cf9,577,405,523,449,388,12
6d0ab45526ae46ee96bf7c844df6de71,341,395,591,452,388,12
9cc3b0265212487183bf2ab023b2edce,0,257,642,368,388,51
6d73c197f8cc4bc2a9f73509f912aca0,0,236,617,370,388,51
b6106f23c6e54ea4835f1453dc1e7e2a,577,406,521,448,388,12
e362d081bae948a18e6e44ba248359fd,667,352,636,490,313,89
23197bb644744b36bc7a538d40fe715e,775,503,897,454,313,25
f0b0ddaadf5243d7856b4ec57ad7a34d,775,509,895,454,313,25
ea2663ad96f3416bbd82c5db4b7cb59b,774,491,895,452,313,25
75f4ed143d6e4431956f3f05ce0e7165,663,425,588,403,313,90
13fe6da2c6af47e38dd19923e603d89e,667,382,635,462,313,89
6aa6a5ffb7174f07ad4b2693442a98a0,656,473,592,405,313,90
f513d31d35a342828dff9d214bb0e626,658,427,595,405,313,90
d0adc714d9e2437999d08c32c0a1ff0d,722,591,1072,489,1040,86
301268e3b5384b1f97a814ea81b2f3dc,818,338,641,678,1040,0
35ded009542e472bbe284d3447005ec8,814,341,637,671,1040,0
2d95eecbc4784affbf277f4fbe0b3cfc,817,355,637,666,1040,0
ad64de7148a34e3b8ea46b253ac9d732,718,598,1076,482,1040,86
8a164d28096b40e99b5fcf033e95cc8a,99,258,764,477,708,59
82c318fe73d64ea7bad3c4034ec84491,112,256,752,476,708,59
b7d63a3f137247b1bd9fbd9d8e6e1b59,99,259,764,476,708,59
3dde649fee4640f1b1b2c1369cc174c8,225,328,951,531,708,92
d985443e3cc34759a3d97bb5f603bee5,706,294,598,596,642,86
a681ae89a0c74fa0ad37d1465287a84e,574,90,826,706,642,31
85a1aee162e24ced873900c1a15fd897,553,120,579,627,642,86
f636412ba2dd4aa3b8610a16df7815be,575,92,830,704,642,31
9ee933ab2f404494a7a531ae062c13aa,574,91,830,708,642,31
5a009c38e8c54817bf1fcca595d76c8f,846,349,836,729,642,86
70a2123772304e68943edd720ca47737,1235,427,665,383,1196,89
537fb99fc0424168a944407f5260fb25,116,512,663,354,1196,90
35366cf486a74e8682e541e4ef3c87e5,1234,425,668,362,1196,89
21403161720b4820b6f38402b1b9f777,112,568,662,355,1196,90
5492d1e32c1d41f3a4e8cdc19ff8aa2a,1208,442,665,386,1196,89
103372bcccb343f282ce73492d9cb137,112,567,663,358,1196,90
60ef7df5a0c7408f97816100eb3f711f,1533,126,386,373,163,92
29b73337d850436babb9d99f6b3ffa5f,1532,123,387,377,163,92
38b284b7043f4b089e9ef1c3b0710ea5,1266,364,635,418,163,59
fa65241f6e414499a796c84ad430cd1e,1532,124,387,373,163,92
b75ccb370e6d4217b9f773b4a9d6776e,1265,366,635,413,163,59
f6e51cf470fd46708a14e56055e31c34,1266,364,633,415,163,59
791694f7823a4457b40c39ba412c2cb7,1197,109,721,478,266,85
7f5b938c918c46e491721117fb985ed9,750,381,871,687,266,82
bcc7357ac8f04f8db36dc31c1bfda7e0,1199,116,719,471,266,85
3ded0e77ef694f69a5d6b6df49e052e1,750,381,872,688,266,82
380827de6d434316957f70d71acdead5,1199,110,719,478,266,85
d68913ad93e14a99bd92d0a1df937061,749,381,873,688,266,82
8ae31f73c20749c4b70bf7d140eee3b0,568,201,617,469,897,71
67442c0552704f92b536f1acd6ea3426,623,485,798,595,897,71
350d77f3519c4254a5439a549a967169,603,267,806,585,897,48
1bdb8e13cf634b7cad7852105c86d69d,559,269,808,600,897,48
26b9ac7e8f164bee89e24288701a0494,558,272,809,594,897,48
5ed8243938684955b4defcefa827a891,882,556,879,491,173,81
e9a740ecc8fc4fac8f4a4b39a3d65d61,302,181,352,372,173,30
d7b7aedb86f74df4bc50c1f408004f1e,881,556,880,492,173,81
a57f21f102e14c189eb0d388f651acad,771,314,534,538,173,63
f8a8c3d329c54aef93da91ac94d3e0ec,304,181,353,375,173,30
0301bab719b944779b1e86cfd8359a83,865,452,869,472,173,63
340f87466c8f4f25a6b59952ac29bc3a,301,181,354,374,173,30
d85cbf3567374b09bc948752f3235342,765,312,567,540,173,63
8bee6118e6184e6a8adf0d85db0a0d5e,1205,503,548,423,473,90
237076e0f0f0401eab20c876b2c14ad4,115,408,570,451,473,89
a6298c823fdd4a9cbcfb5338d7c971b3,113,406,571,456,473,89
ea7227620a6b4dcca9d9e930277a010b,115,410,570,454,473,89
2d20c60d3ca440eca63fe3d8c9ecc42a,507,335,490,403,1167,89
987e6b074e62453d809dc5e73fbd7e08,748,390,451,470,1167,90
02d9fef0075e46a3b11bd5b9938fca63,655,333,724,502,1167,43
a94ad7748ece45ca84ed5604bcf5f596,747,379,455,469,1167,90
67819dcdec6d4a83938eb165bea02cd0,510,270,488,404,1167,89
363be58e596947019875ec7745203da1,751,395,454,469,1167,90
0bc3b834d3544a709653998b775f591c,325,267,827,509,1167,43
6084ed10996848f8b0b8551fb17459ab,739,35,998,696,293,90
a1917badad4a49ef84e4ca054dab34c4,1,15,860,737,293,90
b8d3b53dcf7e41efbc8afdc1be64b9e0,131,150,675,715,293,89
369555b4946c4dae8567dd4c1e14ec3a,728,124,991,682,293,90
68a5545c9b3c4e0fbc04a5375c03b5fe,80,179,698,733,293,89
a3b025be60cc45cc95b3560e3606b221,100,207,669,699,293,89
81a331d08d4e4347b105896360d89bcc,492,539,640,541,1053,84
b5c178dbcbad462aa489896807df80c5,0,373,502,379,1053,7
b2de1269037b42e0ae47b2e1e69d7365,1,374,501,377,1053,7
8b7adab8b8b54735bf20a3a477ba7be8,493,540,638,540,1053,84
51f40bdf9e3c4e228300068ce6a65838,676,293,448,390,827,12
3f79e5bae49544ea834989f49bdecb98,674,288,448,393,827,12
4d6f0a92de49449aa0878d2d8f3645ac,675,289,458,391,827,12
0fcd7e7b478e44dab7d9cdd84075a610,1027,485,847,462,827,51
735ba650c327433aa768a39c8fca43b4,1060,468,849,464,827,51
d881a4cbe7a04cfd9ab0b8c027f63a52,1044,473,850,460,827,51
ca793cc4e61243d2b245d1b1549a1d1a,302,344,577,376,1342,62
0911a6bc60b24809a74bc83babd4ce8d,196,299,563,364,1342,62
0616b7561409498a84566cdd921c868e,756,372,593,493,1342,67
a69bd82e05d745afbf71a4bf2c538cf1,402,324,581,473,1342,12
4ec38a158862427f941963336e1a8a11,765,392,595,471,1342,67
d2b09bf6f6744c968d039e8bc73deccf,439,347,663,446,1342,12
fdb70abb4445409a8065a128b7634d06,490,480,558,420,1342,72
b8384361e53b485eb1643811781643cf,486,486,561,421,1342,72
48aba143886d42deb85f9c7e9f49d0bc,380,325,569,571,1124,53
87b7acd9363443dd982ff436ef911ac1,39,141,677,474,1124,12
e47d1cd5cf8c4c4795488c6dc415940e,176,343,646,363,1124,6
8af51d476e05418c8074ca94ef17ba24,694,560,713,520,1124,53
c5d554ab7949496e9c436ba01849c1b7,41,136,677,474,1124,12
ace091a307a64233aed147610fbb7f43,43,134,676,475,1124,12
c70e8e7af9364de6b64710b019766580,708,168,918,753,1124,33
98ee0e0fe5b64960bedca79bfa3feeaa,177,346,643,412,1124,6
135860865834427dbb221200b8a580a9,433,322,490,515,1038,90
a9d483e6d60844109bbc5f4f723e4efe,728,430,956,649,1038,39
b86f6f1c279d490080ec3805aa7d5793,729,424,955,655,1038,39
2da2685b7b644d9999974a428c9ea21c,432,322,492,523,1038,90
27cbe30efa0149638087c48e79d2efb2,730,419,955,660,1038,39
49e28049816b4600b9a171023a298a50,430,325,505,517,1038,90
98e85b1b359d4fdca69782fdfb035ca2,513,262,967,630,1271,6
be69d05287564aaaa9b430e7dc027d14,633,449,858,483,1271,19
bb5099872ae742478c07a5a4265a97c8,1135,126,783,512,1271,6
d55f8b9406be4ac6bcc0ccd5557cc6f0,641,446,858,491,1271,19
2ecfe75d9e1940dfa83d9d0315855d4c,247,269,630,370,1271,19
c1e6f58d80ae499aabebc74156ab67d6,510,257,969,633,1271,6
23d67547febb4ddb97ecbf587acf44ee,979,481,607,355,1274,11
85fe4a3d602c44369b15354e427d695d,0,198,512,441,1274,66
35cdad39c3a74a4eb5a46a8601dff904,978,479,608,355,1274,11
81fcaa0e90a4408b85f961a1fd66a3b7,0,200,511,438,1274,66
7d4d01b1c9134ea1b19c8f1a52805be9,927,376,684,440,1274,37
409dd7af66964398aae80bfe1eec4992,0,196,509,442,1274,66
46e9141d2f82455897a5a44a3aa90cf2,557,328,852,676,1274,68
76661fd55b95407ca25f611ff4838123,485,135,623,549,841,92
427afa8d0c834faa8ecf27510c35b615,486,135,620,549,841,92
fe106b59486040dea308e6e4eebdf2b7,738,268,421,400,841,52
9f70ca8e12cd41fc978cc057cbf2e5ba,484,136,624,548,841,92
fba2ebf419c2458dbb1241cb431e734a,738,266,423,402,841,52
cc43ccb573db4a3c86e04c5ecfa0c869,737,263,511,404,841,52
c692c6465f04419c849676a328f5e46a,1288,133,631,608,1278,33
8fd08affb2554b028943cb9884489854,677,126,440,399,1278,86
58d5c4dc10be467ca912ea675610a702,713,378,1085,699,1278,86
e8a9a22033b6465f8095e7408d56e950,677,126,443,411,1278,86
dc8c4a50608841f494e1ae3b9f7d2c95,1268,133,651,608,1278,33
6b792af4e4a24354a1c5512357a2d2de,1284,136,634,609,1278,33
276ad03513d049ce9c10c5377089cb6f,1271,462,442,416,1485,90
52f3aaf4377246bda0e96acb92e63e70,657,426,305,229,1485,92
1f42433b66534d31b3ca8f5464c0eef4,135,416,534,414,1485,89
e42a099395f84f8aac5e320bbf00fb5d,137,417,516,412,1485,89
b4c8970e11ce40bb8fbe1473fbd6349f,1233,462,479,405,1485,90
b0576330900646d5b732fd32c94b9b8c,1235,463,478,407,1485,90
1d5837e49d844d03b918b39704bf9d45,659,425,305,227,1485,92
845ce4c5de43478fbba3e17a1f7f2cf5,658,424,304,229,1485,92
2d2262df3b914dcf810ec3c88406b175,850,315,801,587,352,33
918b79309fb84227af861c922149281a,439,519,550,425,352,19
7d3f508809b6468a8f898b9ef085e2fa,865,319,785,587,352,33
1a432c799f754614b305b734c33aad98,435,501,555,429,352,19
b56a6ef2031e41069ce76342ade841ae,865,317,786,588,352,33
f1e1cd321e074f1d89b6d9a2d6b26e7d,432,501,559,428,352,19
c33839ac2eb447888bfa828799995220,744,335,742,476,271,92
37765664aeed40759b867cebac947b9e,349,114,796,569,271,69
a458fa1fafc04a8e83e978dee02e0b80,163,124,951,573,271,69
6312ab22f36841a9985cf41a67179a69,566,0,878,665,271,46
53aba15ca8df40b5a449e7aedf1d4322,550,0,630,565,271,46
3f6ec552257a414a9d86cd293b774825,351,118,797,572,271,69
9de8dc4697db4ca9a60e71f5e8533a7a,566,0,878,685,271,46
508719b497a64cabbd5f9e7b545f76df,745,334,741,478,271,92
a64892fda6bc4adaab8aa2bb437ebf18,814,60,454,460,1416,68
0252b490e97c4e0fbb4bcf31f7aa8232,812,67,456,459,1416,68
25cb9713981146b986002acdc4454fe2,456,168,717,600,1416,77
2e5b8b40c0534d5a897b2d847eabfb7d,455,189,717,592,1416,77
6445863fdf174b7e844a5dafbe29ecaa,455,189,717,593,1416,77
374183af76584650a51ab3c3eac413d8,799,61,456,463,1416,68
6dbe4622da8941e380401bd5d59a3ccf,378,255,566,465,320,20
7d7cf192556042c0812fa4e4474b897b,25,500,1132,580,320,82
ea312e087e5f4af297ebccc776daf052,377,252,563,466,320,20
f111a20394a640d0967f902530cbd89f,0,506,1136,574,320,82
8eef70fa18504afeb50970897dac1c3b,979,101,736,539,320,85
11c01c158359432ab34bc2450c8febf8,981,103,730,538,320,85
2cf4a4c5758b4570a5b7c9dac81cf80e,1067,103,648,535,320,85
5d262840764a4a239f15638447926c85,23,499,1134,581,320,82
da6cf11c2c834199b7846ac67960cfd5,1067,384,437,418,514,90
5ba90b3ac9314e9680377526ec229469,647,342,645,555,514,89
43c89831c5fa4a418dc4f242cf64ee43,646,342,645,558,514,89
31d8dfddd63c40588a71e71054c7261a,645,341,645,559,514,89
98f32b7399604d77a1c25eca4f3c2726,1063,381,467,422,514,90
cb8e22c1782244178283c0f989abd95f,1066,392,438,416,514,90
e260d43954a84c3f90743d055057e3ce,257,206,1011,868,1126,56
b7c6cb79bf6048ae8e25ab4c3e8cdb3a,341,412,869,540,1126,45
138c838bce2343b29112ecd036062abd,349,416,869,535,1126,45
0380091f29324b2f8d652af12eab2f44,580,153,721,615,1126,56
9c1f058188074544aece88f99dbf56e7,680,435,744,549,1126,82
e9ffc75cbb3e41b78b3f02bfc51fc21f,681,436,741,547,1126,82
8f76ce7b604a46d3b520cc09545b075f,451,444,729,447,943,6
88882cc5930841bab9731a2da9c33f8a,988,66,767,634,943,33
6cecf9c70cb549529f3c46b3e7489a1e,990,68,765,634,943,33
846ab3b9ccbb493dacb72c748c30f805,451,444,729,447,943,6
5e91cdf1bf804e05bccdf85b90a62d25,647,241,617,604,943,60
9925854d2e48431381ca66f36b4ce0e3,147,173,685,629,943,60
3b32f71726a74256a8bc1dc944979df8,896,71,864,628,943,33
cfbaaab5684149c79ea0981c8e6b20b9,652,249,667,597,943,60
1b7fc4c4c6654f179b619a27ce093f67,209,326,575,518,879,89
6efdf99da86246e6bf15e63b8c8ccf0a,210,326,580,517,879,89
684ac61449314f84b3e9ccf147f6b1bc,778,372,494,432,879,63
57234dbd0e5d42c7a18fc68e851e18dc,781,267,861,507,879,90
b549c71b5f7641f68e2c79332fe17834,201,326,638,537,879,89
458395a10248497c8cb37414b38291cd,685,237,362,324,1515,63
0b6d9e8a05e44b889f1b553ec074bc11,482,135,694,562,1515,0
6f137762935b441cb130c15ddab26f83,751,371,544,351,1515,89
051f1b9d962747d2909fdc44a893e9ff,663,371,628,351,1515,89
2d1e418d605a4558b094757c4580ad26,692,237,355,324,1515,63
a0344a4460b64886af4a6db0a17d6ef0,676,241,369,328,1515,63
3839ddb06ccc42e59394e7110b44dd17,135,168,805,477,1515,90
486a24bd703949c283644ece1b0bf758,465,139,751,559,1515,0
e391d7406af84168b84da4f2426c9c50,1371,235,529,528,140,89
24b262b727f44683bfea1f8698857d5a,598,501,747,577,140,22
797c3d37e0b54dc1a7456db2e6c2f18e,1371,237,529,531,140,89
bd57255c21b94ba1b639ad5254d123ef,512,382,654,557,140,31
177cc4ab8c37454f94298bcc7f1e05ea,93,50,667,478,29,39
a39cfa2e577248ed88bd4a5bc355890e,93,47,668,480,29,39
353cdc2b04d44236a959b08789e1bbf4,601,247,590,765,29,26
002418170b9a44eeab6eb805f42ebb7f,852,128,995,569,29,85
478618bcd6b941198990ef85bfccf2ca,600,272,596,743,29,26
fc82f9f2922548b0873b57919a8dace1,600,267,594,742,29,26
ba5c46d476744f82856a49978969df1d,93,50,668,478,29,39
e67b1e0b4053491bb699e25adebb51e2,181,335,571,490,429,89
10e5b7f709bc45ca8c117099a55e321d,915,223,716,480,429,90
54b123ca769d4afc8f1844b8484c8765,914,226,715,477,429,90
00d8167be0084798b3a0678e16f55779,191,331,571,495,429,89
df35d449c2214113a6b2325f5b6f33c6,914,225,716,478,429,90
38b8563b90a54f278a2deaf27ce91238,192,338,573,490,429,89
0db3eb8d6add4594aacae9b7eb615d4e,657,253,664,554,226,31
e686d0200ce043119d30bfc0e068611c,660,161,661,649,226,31
c058349ed2c44c1882f638c657245e03,0,234,808,685,226,5
32b93891df7f412fa9f081eb11c3323a,0,231,816,686,226,5
302bc40edfa94d118a3f4846608a83a6,477,94,528,673,639,73
4878b8b7acb44524955f91c1dbd11639,490,92,519,675,639,73
c470ecde3aa146589cd8757edfe4582d,454,252,792,566,639,39
103bf3cebaf04e93a185f595337debd4,472,295,789,562,639,39
7868d3bbad56429f9749186dd69f146f,472,293,789,563,639,39
30b1987a8a284f72874cec009a742f83,229,468,800,504,30,91
3d9cb136ffe84d31a814078628702799,926,559,944,473,30,91
d2acba7bb8934d66ad240975e64b9356,139,288,652,376,30,51
65b3a9c5242644b991c400a6ed258b42,612,346,762,530,30,12
147432c2c2e94f73bb79e3403fd957bf,376,364,430,315,30,69
0f2ae5db4ee6476fbb0e1a8a9b90caef,295,345,414,298,30,69
9b87f7a0af4f4214886241416e87ea05,138,288,653,376,30,51
dec1341e36cd4f8ab32b48ffa77e7c97,697,285,492,399,30,90
7f652bf7924c4d268c01a90369a3f491,318,245,1062,592,1358,74
39c9b8173784499486cd9a36d0e6b05a,480,383,450,341,1358,33
55fc517d51644e50b3f298ab3527e934,482,382,449,340,1358,33
4a9cf37cddc6454282f07ad7636f2245,521,131,1121,674,1358,57
44a01d24afef4d258cc6a6adf7b632cd,520,136,1120,671,1358,57
80145085568d4f51b9fb4f209ba596a9,480,382,450,339,1358,33
b27e410ae9c947eaa14996d74edc84ac,523,133,1119,673,1358,57
f1376f6a18f34042a4fee498e75ff5cf,316,252,1065,587,1358,74
8b8e05a339bf4071895fc5de4e097526,605,274,1097,638,725,6
20dba23b28a44041952a61a2f08095e9,677,288,1080,652,725,6
deebc808e91c4b8ca613de78eed1e420,1090,191,598,444,725,33
b967a2746db94a47b8ad39c00311145e,205,583,970,497,725,85
5607a372116549e7a9b2928fd7dd761a,1090,153,637,416,725,33
c57da080d4c14486a4ae486fb07d6e60,195,585,978,495,725,85
6af31bb65d704ecbab64daced0608403,238,584,938,496,725,85
831e27a1b7bb4758b655b2e292ac91fc,676,290,1081,648,725,6
3344587085f64e8aaced00707f516f56,957,109,953,661,1305,33
8ae96fb46d6f4c6ab176b5de4c6ec0db,354,421,676,435,1305,6
e79b88532ebf43adaea4e2ea837953ea,957,110,857,660,1305,33
332b481b45464c1390d27b3272af8910,911,188,880,684,1305,33
892f141bbed2420393e95bd83ed7e605,158,395,618,403,1305,6
62d10ccd85814649a70f4a229517ed75,978,131,694,511,493,35
7101e7a6df774010a0c16881f6aa9c2c,979,137,696,509,493,35
fbf7637350b14ce0b89072f1fb508db5,977,136,696,508,493,35
e725afe7d0e34925a9aa76bafe4360ab,732,287,721,552,493,55
06d53809c11d4bd6b03c072b1c9c96d7,731,279,721,563,493,55
4111b3ef03484a65ab73554e9a9ec2dd,731,293,720,554,493,55
6e442a26be194681af1b7417020f1d76,667,250,395,346,592,63
0af6eaee9275457f8868b80707c59f29,668,286,415,352,592,63
59e34b4cf345435baed6431c9dc0ee0c,742,441,392,379,592,42
2c92044c672c41faa63ee56b073e72e1,740,440,395,379,592,42
214b3eb0aef741b08a61779a44ea35e8,735,442,400,378,592,42
58a4ef54c36f4b63ba8018da4b6d2dd6,665,256,394,341,592,63
74398394a6d44195aaabf45b70f788e7,653,309,547,493,523,71
4ef9f2a5f65d4269a524811b242754a7,777,120,638,528,523,21
6307d88be3d94c91bf12984a9cfd9ce0,656,307,522,491,523,71
87b69a7ba9e443a1b244f69dd590173c,657,308,521,490,523,71
7feaa4a17c3b4653b5a5fd94390ad565,778,123,637,523,523,21
3d757703461640b88274346ee99ed708,778,124,637,525,523,21
ab97f5be0a9e435da03732382f0f4556,900,364,604,428,755,85
45ae39a731bf4e679aa6f852a21e2427,902,364,603,428,755,85
64826cbcf7df48e9bc734f1c7e109a28,539,300,774,489,755,82
3d25faed5e2d4565ad6fd22d7923270d,540,292,774,488,755,82
a0b18b5719a04942a5391a44928743f5,542,292,774,487,755,82
8e445d6e4cdc4d3a9d91b3730d100329,895,364,608,431,755,85
5e20a74c7db14275a3226e22b97b0869,348,295,711,552,618,90
972621c719c04f17816ff2a76e62e8bd,608,357,583,383,618,89
d67f2d31a583469599a0369e19a680c2,609,344,582,396,618,89
b6ff12cec7464615bb6c44d6e642cb3d,396,293,659,554,618,90
f1830abaf6054ec8bd86f84a68c633f3,347,298,709,551,618,90
1ead1e291c644035a213d82eb379c5f1,608,355,581,383,618,89
9bc9f6cf5a604b59a8e8437595fa9ade,228,154,447,380,72,30
94b5527fb7a64204be76b6ca858952f4,1240,345,657,439,72,89
cd6b47b70c3f4aa7835d12101cfec139,227,154,446,380,72,30
df18ab73608a4791a3a35b59bf4ce03f,962,273,818,584,72,90
ab5bc899550a43e19b59b427d8704522,1192,228,704,532,72,89
2eec8a24ffa847c4811d4cb9d9839104,982,348,797,584,72,90
beaff5015bc54314a86c6e3f8ea6d2d8,1234,318,662,441,72,89
d98f4a389a5849c2ba01bd1d2eaab911,964,271,815,579,72,90
36da6fe6033248c09474d9ca9dd2936b,1207,412,653,457,1010,89
6ab2a5e6467c47a3b224530e21a5e17d,1189,249,547,498,1010,90
8248e1fc56174124a1e956718c5e8cbe,1223,376,664,460,1010,89
260f5b7d316d40ab921bb218760bbcdd,173,378,667,420,1010,90
313977778462437e9be84f55192c4b3c,1188,246,670,501,1010,90
8f8b75e177dd4ae4976761d58080ba63,1202,369,661,466,1010,89
dbdb963a5ce64412bee3c14cf96d1325,82,241,725,457,1321,43
e3bdf621cfe84d7faaacd7f9ac2d14af,158,350,817,424,1321,90
6b9b6ca6105342699ef0c88d3817bb99,85,241,724,457,1321,43
617d468e9b854d6085ca6c2e3522c2f3,156,352,816,422,1321,90
7efdf9796395421299f1797215bc71af,85,242,726,457,1321,43
becbd791ed814adbaae9add71f0dc00d,1156,117,561,416,223,33
dfde0ea252164011b4adf0a49b9842a3,1156,113,562,420,223,33
399ab98cfba44b9abf2333b92ec88751,710,245,1044,714,223,6
306e6bb0629741ed9e42e4d6604462a1,1153,118,563,416,223,33
77b5646fa88d4735beee83280952cd1d,715,256,1038,703,223,6
85434147c916445fb2fff690477edb1f,711,242,1048,715,223,6
19446b9c559649349ac99d0ec6082a53,715,0,505,295,386,64
83d26d4ef98f40da80bc50b19531f3dc,429,408,512,440,386,90
6cfc225dfeab49a297f46b1d4594f546,429,405,526,443,386,90
05809398918346eb894af9947442bc96,727,216,927,557,386,89
19a5e93b3cd14045be78fcdd694cc68b,715,0,505,296,386,64
6082332dc0c542b78f85205b3ea8c9dd,716,0,504,296,386,64
890be01fcf3e4636af1cd277fd6e09ee,727,215,925,560,386,89
d55d3dcd951c440d8395fac18663056b,430,406,528,444,386,90
4ffc13e61a2f423985e0cff42f92f105,1164,357,737,499,42,90
4e1112b34b4f4530a642412e7941496d,216,482,625,372,42,89
cd517b4a4fc34c8e8f89821e79247243,196,491,638,385,42,89
f890635d8d7c4f37b723c13a3db62ef6,336,387,555,355,42,89
f5aff930a69c4f7a9c6e259865ea7f28,1164,355,737,500,42,90
e244d59d3687472b8a3ca9c482c96a51,706,295,843,502,328,92
e40a24da40c944138b95193a43d2ef0e,706,294,844,503,328,92
1b1b411c6ecb4a08bd7c2bcf0ab4c17c,697,254,844,501,328,92
08c692c87e6f4ebeade36d9c66673db0,739,325,1180,649,328,86
ca87b93a486e4c72af436861927ff6dc,784,323,1132,596,328,86
0b1792be263947dfb5126e48c9273249,786,326,1133,651,328,86
77eadedac05640c0bc57ef3edf6202e2,232,264,582,486,1082,89
1cf008937d854706bbefab5faf23d94e,962,174,765,646,1082,90
493e395737d74896b0fb8b71d12cf516,146,263,669,485,1082,89
17183ebd1e844c07ac6e6fee4f59e170,231,263,579,485,1082,89
602fc2ae757f49ada2a1f08e5e1ef03d,961,169,767,646,1082,90
05b6143329d745d291a78f33b6f47a74,961,178,767,642,1082,90
1a87a2c49adb46e3a779747a2a299165,626,451,627,366,176,89
386a781d0fa94c7bbba1182782f5cecb,644,443,628,363,176,89
7b4245dc4768481d8d857867a6aa788e,308,281,669,334,176,90
09c841f6306741509a79c1036aaf10e2,606,350,739,446,176,90
aa2ae39b7ebd4419a7c5f3ac677c1201,613,351,730,444,176,90
0d3eeed823784d18b108da481923ded5,643,437,628,358,176,89
edeac5260019462680d91fab862adfa9,683,724,698,356,877,69
4a5b141c1f414f68bd5aa7b43c74ef10,883,26,752,575,877,24
3e984d26d9fb4beba80dfd475b63bd10,749,81,561,498,877,21
2e0483b974c24a5cac374b3e2c6864dd,664,705,670,374,877,69
fcb6057450fc4b069638328f7ebd5fe7,772,12,568,532,877,56
f81246c10f8748c2a9657c21d883ddd0,69,265,827,459,877,1
3243224b39be4e33a273426b06602fbf,726,81,585,503,877,21
314c1df83a5440d5bde1a31b3570587b,109,239,1041,835,877,56
b17fd1bfdb3e41bea6bcce4499eb424d,1257,408,594,399,1464,89
ab7dfdb360ee41a29b7f0c6dab14ac66,170,596,566,349,1464,90
0d23578662464642a14d0a673e1be39a,170,598,566,347,1464,90
5d86e9c7adc449718d57c9c4f861e88e,1246,400,593,414,1464,89
f73f463538964aea8fc6ead34c4a31db,172,537,564,348,1464,90
420b3ea39c7c4ed9942d26282b138832,1261,374,594,415,1464,89
a3225815914e496c8a2c02cd9dd3d1fd,831,484,560,400,303,90
a60dceb654284451b27eb6dee54aeb03,902,436,537,388,303,90
aee972217a59463f84303521cc18c704,899,438,539,383,303,90
90e8d9e23e364ac5b75295a4ebe6a613,469,468,634,413,303,89
b44666f62aea4750a5f0f4f1c2854629,468,465,599,413,303,89
68f397aaafbb412baaa07f42f5cdc0c3,468,455,592,426,303,89
f4ff2350656948d9a83f7e55808bc429,1153,208,766,679,703,89
5956c4838e534db080a43e2b677c3b5b,1001,348,511,437,703,90
fc50739ea434425593518b33969031a2,1153,207,766,679,703,89
2084e38f0fd34c7eac3484e4208c4e7e,1001,349,512,434,703,90
aa95d146f3fe4a1697b8cee683d34c42,1000,350,511,435,703,90
7b7af654899b4e3d816799c7b71dbfae,1152,204,767,681,703,89
deec678158354a06a83c2b3b491ede7b,649,161,891,747,1311,24
2850d4d419954cb5a851ad5e7ef9ced0,542,335,829,502,1311,27
80b2eaf9ab584abaaba98e8bc7263dcd,649,160,892,747,1311,24
e3254789fe914e7392827b9b59cf1b67,648,160,892,744,1311,24
ed0f76d7f8db4682984595e322fc06f4,495,115,426,354,52,73
3a5da3c5e15744c8bc787317b63342ce,464,82,1007,595,52,5
b73c1292f50e4ee19fbcd754df6f5ec6,489,113,433,387,52,73
45457a94f8904a8d839d222f21eaf5fa,370,78,1103,599,52,5
fcbee74bab224e7983c8e23b15542d76,497,121,429,380,52,73
b0f824b088954b1db7ee47af12fdf054,56,306,818,444,1445,16
8491dc402cf440ae971e5a9b328ee254,583,128,512,542,1445,86
08aebb98964a453293af497e8f77e898,58,310,815,441,1445,16
e9ef6ad169cd4cda9163bce72cfcba50,584,128,512,541,1445,86
06f871bdfcde4da8854825aea2fa6f2b,59,309,812,407,1445,16
03d47ddb49c342d387bf29c2446253c9,582,128,514,543,1445,86
a38a9ce82a554e4685764d4f39ecb5a1,985,480,811,305,927,90
88420cfc9c284ff6ad6e04f04d5cb516,377,295,774,362,927,43
e13b8f6833b64a2396a6cb157be038be,1,313,624,311,927,43
1bc02e16fc654fea92c766b17b0ed7ab,985,481,808,304,927,90
c77f5263ef81462290a5305d030a298d,1279,409,637,286,927,90
316c6d562a954410af901088d8f3aae3,732,527,549,353,1064,90
13befb5a9f8443acb3e079ca520605b4,858,380,517,424,1064,89
0deab641bec442eab7a0b1449f894ffa,862,381,714,427,1064,89
e5297c440d0b467191f76eb496af0def,815,256,827,503,1064,90
ec274c19a67543e98be5ee5fcd1c3ce6,335,316,721,463,1064,90
3dd45aab82494a7c9a01bcf34d25fc66,617,439,618,398,1064,89
a7b349970fd14283886e0ea4b46b1ecd,594,463,771,617,404,82
e80d08ac7a5a4ee9a4ea09b80dc30645,612,391,915,608,404,82
fc4c26e920a2499cb0ca08d59ba4f926,616,391,913,606,404,82
d51fc943c5704b7fa89d79f901e3f6ff,1324,264,434,307,404,85
4b2493bc8f4248e69a31153835bdc6b1,491,215,743,692,683,68
af5e63f74083405793be92cd9a77c728,495,217,739,693,683,68
3ff3976817004b84842bdce633178573,433,91,885,894,683,13
e7520460cc5b4bd5a83a2d86559f11ac,480,215,737,692,683,68
c351bdf423ce4346beb476bcafc2e336,434,87,883,895,683,13
ed660fd056ec4ea286a3b15f2ed8ff34,434,83,884,899,683,13
0fed09a1fc044696832778ed10534131,652,382,781,596,714,39
1b2d9832d1f4499ca94c7c68ed01066d,651,385,781,600,714,39
dab58079934a47bdb6014fcc7d341676,612,399,557,456,714,73
4b40982fb0e04f60bbb0e1994bc2b1b4,613,398,555,457,714,73
eed29cc6803845778cf70f29992a83af,1383,127,536,403,119,35
b44b1eeb412649f094821d1e869f5959,1058,241,529,563,119,5
d54e8cfa8a544435ba5ce3c4f9562223,1383,118,535,408,119,35
5e7dc2adb57144b89d622282c16ea86c,1385,119,534,415,119,35
46583a7035e249cc9838abc3a6d5bfe8,276,457,730,375,443,6
48d92e6c2ce947feb97575a01e167ae5,904,206,817,608,443,33
96ccb70f01bc479bb1dd977d52ee53d2,277,462,728,369,443,6
c98b04bfc514497ca011f2466c9eb08b,902,212,820,601,443,33
e8c34fbf97c044be9005717ba24d8469,901,210,823,599,443,33
44cdc5d829ad4d9c963cb3dfd6d462e9,802,403,633,522,937,85
f024852dda3a448297ae6f8d17f010ae,303,297,766,578,937,20
4b4c7196cb834f84bc5eef0e5a05dbbc,549,317,765,539,937,82
e3505af9b4cd432e82e19b1720d1337e,624,512,568,427,937,11
7f08ad01b7704bba935ca5ed65e13dbe,305,297,764,578,937,20
c5ead71e129b466185355c2a9778ca1c,625,517,568,426,937,11
8d2268b8d7c4428db62ab33c9a92c38c,683,359,493,448,1220,90
8cf011ec0a8c4602a982460c901c5ed3,683,360,492,400,1220,90
97193f6d4a984869b6b732417295c90d,479,457,683,567,1220,91
d9e0000b048049c791a3efedf2efd640,721,341,527,477,1220,89
0251131a56eb4fe284fcca8b412a70aa,722,351,532,459,1220,89
2ca51b43fe89466abb8b240c366693d5,478,458,683,566,1220,91
a85adcc44f524b55ab9367bd2f8e35e0,479,456,682,568,1220,91
6899520ef2d94317b30b3813f161523a,777,80,888,707,805,85
8bb507c20bcb46649a996b3361f86b2c,783,66,889,726,805,85
03fa015d35ac4840ad8b1620f684d3fa,161,106,590,506,805,20
ce45be5c39f04d168f11a08662c53717,150,111,600,501,805,20
18a5c37c6590434db1291e35cb9fb000,781,74,882,716,805,85
c6fc4278e5fb47118df2f952ac517f0b,145,111,604,501,805,20
97c1cd59ef8d43feb5caaafb196aaeb3,726,270,617,765,217,11
85d37294707b4133bd8ab6347ee33a4e,726,270,616,766,217,11
c23e88daed4642d5b2b6ecc69d6fee61,1,201,741,559,217,1
009e78d6557947a4a5a64ee598fca247,726,271,617,764,217,11
7dea319d83af4d32a8777bd4f0235750,1,206,741,563,217,1
5ef9741867d6437bad5d525ba3105e89,411,440,495,410,1520,90
3b8fc5864110444f82e94f624b583ad2,414,437,494,413,1520,90
a01e5fa4daf64f188c3f8cb2832efef8,827,494,907,487,1520,19
23b465e68ad543cdb8adfb9ad4b88a34,1137,114,698,483,1520,6
6d310939d98947a3bd1019c12c60ccff,429,439,502,393,1520,90
e506614ea9704cf3a61f52af164a6ca6,1145,117,703,482,1520,6
94644eac928a4450b087eb7086d9c416,833,491,906,484,1520,19
1c505eb0f5274f629086efc0467322c0,595,327,742,480,845,59
432caae01b93438ba6d0652777a6f4f7,881,182,656,585,845,54
0b646741f08544b09a20c2d563436751,658,510,499,385,845,33
c200047a656641bebb5c44022759137b,597,327,739,479,845,59
f5f4da07b4d244bb93e816ce2a0b83b5,0,209,732,424,845,80
893046ea616f446a9fce958c9766cfb2,594,325,742,481,845,59
505614d7dde14f3c94b9f28dc756a2cf,15,208,735,425,845,80
4dedae0bfcd54ebf9ed037a80b741a50,658,511,500,383,845,33
ffb83493992e49f69f5c7d6a0da9f058,1132,170,656,460,1502,12
93ac53b4b1d44c11ba7a3d5195d23cda,288,435,857,575,1502,12
fb00f38eb97347ea8806cbb189c41f2b,655,494,1263,586,1502,25
5dacf6a02e674434bc8014c466b8601d,288,436,858,570,1502,12
0f47416cb2ae4ab8836a7112fccda688,979,306,760,531,419,89
21a7f4b6e4354de6bb0f105d5d596128,578,368,724,400,419,90
82fb20c439864e25844e6040f6b098f9,961,317,777,529,419,89
2548709da3124ff3b8bd929ca9b3529f,909,304,829,544,419,89
13a3b3ade8684de592155094ce9018fb,615,384,562,469,234,91
ed5abaa5dac840038c790ddddca779c5,614,385,558,473,234,91
f50dec8cc046488ebb2548e9570ba334,618,204,782,584,234,69
ece3d140590745b1adb881128a06cc4c,663,203,736,582,234,69
9d78fed2a8544dd8aa32237608f2fb46,637,33,705,654,234,94
435f92cf31714e3cacf54ea5c63a3a0a,532,182,783,589,234,69
7c42cc48ea7c4fb9a111c996819d61eb,638,60,722,650,234,94
07f396ed1e014705ab1cdf9f0cd3fa58,638,55,699,651,234,94
c091a9ae9838436f9607d46e0c5d6749,1323,375,521,554,509,90
2a11dcfef8bc4674a904c064d72331a0,731,365,478,554,509,90
1fbb510a505e4166b3dac60414a4721f,1324,377,522,554,509,90
db0befeb3dcc42b7b1d5088c060a3118,837,128,1081,759,509,43
40db947e2d6042eab39bdfa19659d4e9,837,151,1081,764,509,43
b51dfdbb9fc247bb81f9b706e90c608a,671,372,608,423,713,20
72e9ce6687bf4e7abca36ac46ced5c7a,1029,478,533,564,713,18
4087f03111264cefbeaa7b7c0ddea964,724,353,947,716,713,74
2ed72c56e5014e6a9f480ac4714427f5,620,220,528,580,713,70
b1ea10c9e6b04cca88b7775b87f0b6e0,1071,243,591,437,713,12
9d80e183006642e4a94d08ba36a8bb74,975,517,363,363,713,17
0df22d63a5fa4086a47db6b393f45b11,922,508,414,273,1531,90
7744c96114de4414b2b995256c72dbc7,617,502,719,310,1531,90
1a0365d2cebf435b89f0da47e1a249fb,747,341,272,271,1531,17
0edecc145b6e4448ba3b257790090f8f,632,363,719,353,1531,43
59af67f063764c159d86f3464d5767b1,630,362,723,353,1531,43
e67aa2f0a2de4121b70d3f760f0d1a21,587,497,634,576,118,69
cec1d53900334c5c8ffa72d1ce258e43,520,266,592,514,118,53
30b28df284cb44449668d53972377f29,636,318,699,587,118,52
7a3b8eae4cf142488eabd87d1e0751bc,637,319,697,587,118,52
50a6538228c745139cb65869407ed704,712,666,681,414,118,69
e293cba4b80340f0b78166602fc46e44,639,318,696,586,118,52
33ac91433cc54075b21a66c8fbe99004,591,504,630,575,118,69
515e9f025c054515ad16e92d13bf9f93,519,266,592,514,118,53
071272671bcc490fbea437c7a18d3d9d,874,59,559,495,114,91
af282ecbbbd54aa3a4fa3391de07daa8,866,74,560,495,114,91
e903072a8856472c84e71a4f70b87eaf,524,237,753,751,114,71
d393f748ba0b4d5cbe194e1edc8e9ef6,647,267,862,812,114,71
00c992c0c3ee49948906a09b6a1b7464,870,81,556,495,114,91
e37b414ad9b244b79b2c7cbb2898329f,331,241,994,782,114,71
87a71b2a0e8040c19b3f98ef27d99892,95,296,1168,686,417,37
acda94a89e7d4d64ad7464b28191fe34,605,400,656,566,417,1
7fd41ad449ce49398e018426a0bcd958,95,298,1172,686,417,37
7bd10913cdd9489a99c36b2acf6d3b02,950,443,868,477,417,15
5cf573846b9a4d0ca5e3794f72aebab9,993,312,693,411,417,12
098002fa8a7a48c9a085fb1b7607d8d6,96,298,1166,688,417,37
8098ff9d6ef6424bae5c2e27d728712a,303,248,971,523,141,28
f19bb61bac5a48969a56bb29c46c5d16,1404,146,515,368,141,23
48c2e996ae094b30ab2ad11f4925c4bd,304,248,970,524,141,28
7b4a7e4b306043d182f42e6da299df60,304,248,971,524,141,28
502256cc667a47f5a89c8d9d8bc3940e,1402,148,517,365,141,23
fa531f73a4804ee6b1cbabe0d266d68f,770,383,989,530,819,94
d53fec58850f4e0582e6c930ec9d790e,206,351,921,500,819,81
1eb1a9d8afbd4795974b8fd03c36aa4c,844,0,421,352,819,26
6a87e54e5b0e4d12a2be8554507b2be5,771,382,988,530,819,94
f96e053c19c14af48c946c3ef3555c47,206,350,921,502,819,81
7a0ffba6ae9d439abc10092529ab452e,205,354,922,499,819,81
d5096a50643a42d390acedbea1e059bb,843,0,425,354,819,26
c2cc54732d5545b98125f7f77467bc9e,769,387,992,526,819,94
cf267b7e411746209d7891c21c859220,738,321,715,608,484,33
a99125be5f9844ff879d418f325665e1,450,389,407,473,484,19
5a6a794804a04cd793490cdeca9c50e5,756,316,715,615,484,33
5055d46b56264a8bb8b54293b2327aea,519,0,648,606,484,58
43bf5898a12243ca983edab1c68b07fb,736,319,715,612,484,33
5590cb52bc7843348a8cf1f927761a9c,732,375,815,633,1435,33
ac67c8ea36354d6399a71d54a513c171,699,334,305,325,1435,17
603e11cb9bb74f6a8da38b2c2be55302,716,372,816,636,1435,33
e6465387142f455ca138c4b276f9653a,501,326,927,576,1435,6
0bdb23bc684a470cbd381677e357bc05,685,351,314,334,1435,17
2fbed30b5fc9477592455eade4d11f53,750,368,809,639,1435,33
a343356b445746d297c21b78b269a155,1304,78,421,305,1240,52
531cddd94b4d476e978d15f705520709,1304,73,419,310,1240,52
e4ef7c91a42e41ef9b5465ae465471d2,1304,80,420,302,1240,52
6710b862f1db44d5bf5b3cdc37365c90,733,433,623,453,1240,67
0ca4dadde2d747f0bd14a87280f23a36,1290,401,472,404,1240,90
a524b8f9b5ff4a15adcc0cd2cba3bff1,1290,401,473,402,1240,90
0b4502bd6ee04cfcb651e4b790369c01,743,434,613,463,1240,67
680cdc2ed3dd4f739c663272936e47e4,744,428,612,468,1240,67
ad4e2110946a46b3ba89fbbbdd7dff69,1293,322,418,343,1009,53
ab0b9fb18f0c4c958af627794bd0bb88,913,430,426,270,1009,42
556bf49fc8454b319ac2f8327b828be3,1029,611,816,449,1009,61
c914f52c34ed4d69b2fc75971c9741eb,1293,312,416,339,1009,53
20a20396f681477287e91e5ca9ac9ba0,913,431,429,270,1009,42
4e9f7065e90645ddb17e2b7ab196ca1e,436,393,635,415,1009,15
a03baa49a3b84df0a3302f4278085e41,1018,608,812,450,1009,61
ed4ddda4a83347138ae387b40373bd9d,1028,610,815,449,1009,61
d7695b51039049b7bf1a4d1c2477ee99,413,369,1118,559,311,1
a1cefd6ece6c409994bce04865d223b7,1194,457,407,338,311,95
dcdead2c82c9477f918b2cb2283329e2,566,288,551,428,311,69
05e09ce7bb5c46b09dc88894e157f066,1195,462,404,335,311,95
b11c9b1bd43042fd9f9a5900b197f27e,565,281,547,426,311,69
6e8f4eb26c634eefa14cb6999147acc1,1191,459,409,336,311,95
f7b7f7e17716410389b336e22c8df419,193,356,563,501,1380,89
4f477aa4ed8746f5bbf7e1e0aee1e7ce,192,348,565,509,1380,89
21f0504374a14b35bdcc3d00b8eca3ee,851,213,737,477,1380,90
3403a05ec17640259576f195c461c823,842,273,740,474,1380,90
4a9c7e690a3b4ffba7828f52f083d224,192,360,564,497,1380,89
f60b712682b340bb94d3c5a91b314cb3,850,216,736,473,1380,90
a0e23255507f4132ab3a1683fac6fce1,1051,190,594,534,336,50
a0d61003f2f2447186aa9c184832a5da,851,0,277,318,336,79
52536399b67149a28fc1f8d689784eb6,1052,189,593,536,336,50
115eae59130441769c1da4ba89f093f1,872,369,635,528,336,73
55738e5940204baab2cec65f791f1bbb,1052,187,592,538,336,50
b3f836f6de7b48c2a0051221fff97c28,870,377,636,526,336,73
971fe642731e4809afd5aa1fabbe0b80,851,0,277,318,336,79
cca1340c20274e808ab85da90a96ae18,897,409,507,478,498,18
b71a68e3f2a74b8aa5e15157bdd5ace9,817,12,600,834,498,0
76cd27b1860741998152ef62d0792269,636,385,663,525,498,71
f501c948186145ec8e93f239eace3bfb,668,383,630,526,498,71
d1197565eb1c44959805367c3372f818,819,11,599,833,498,0
e30b7490fe2543cbb25c2bf6f427308b,819,11,600,833,498,0
8988ba308ebf4241bed3dbd1e42de2fe,893,410,512,477,498,18
7c724ad9fb2a4fb394a6b70ccf6c3e48,669,384,631,526,498,71
4f06098f16644055b5ecee76ea36a583,32,335,823,501,83,59
64ab3201bfb641af9626ea80bf951966,35,336,821,503,83,59
9d50337fb3784542a4555c822ef05673,430,358,722,543,83,38
b3f8b265f39342d5909f22bfeb22db5a,181,49,690,548,83,22
6e57af2f9c7c42f5b42f91ab16285b49,34,335,820,501,83,59
981a0a910cda43969e78ff219deb40de,433,356,722,544,83,38
004b6e6d393f4f0e9fab6d188be7ee26,181,52,691,547,83,22
ab47ec3b4803462cb85ce18ced37946a,431,356,721,544,83,38
052d9565e1c545b69509364d80426804,754,544,929,536,297,90
317cd9680d97426d81e18dd2e094a3dd,844,280,646,483,297,23
5aa146b8aaaf42129212ff178e43815f,845,280,644,490,297,23
6b6897d96f914ff996bb2fe13ffca2ad,262,414,527,452,297,89
33687898b8c74c418206e3adefba4bfe,843,301,735,477,297,90
d05a5b1a335f4e83a1e5ffd75a69c7bb,846,281,644,482,297,23
bcc188afff734e82bfa77cd4735ba773,846,303,724,474,297,90
ae00de811b514c0abc0bc74db2c1721b,263,376,518,401,297,89
3d1546a5ecd143ca9b30fc01ee040f92,1121,32,797,588,1007,23
83a5a04a56ed45ce8fb56cb6a4fca237,471,346,688,527,1007,40
1414559b7a234f28b57db4d13f445c93,627,351,1011,714,1007,40
6870f49c139c4d49b976300911a577d1,476,351,684,523,1007,40
5093b5d5bacf407ea9219fe375ee60b4,577,96,490,444,1522,36
4b5b3e4291184339adf6c5b4ecb6281f,488,181,594,476,1522,45
5ce7e15b3d254cb8945f9a9a03229f41,582,96,485,444,1522,36
6e2583ee4580488393b43e6901d91514,123,310,745,373,1522,1
758f1139f2ed4841a3df943f5a70d6b2,134,309,738,375,1522,1
5a880cc95d054236b6cd31c731d5b4ed,132,304,739,381,1522,1
3a62f10411aa4a68b1be3e3355407735,580,95,487,446,1522,36
e0f977b79df64e459fa8d3a0dc675acc,517,179,590,475,1522,45
5de4b61806874ad5a97a62532fbe0a4d,547,338,593,606,556,68
1a4515d0d7c842f79ccb825059256754,581,354,745,603,556,77
3e1796323f3d41e6b63b601d4012e58d,585,343,745,604,556,77
8e1402ce0c2c4304a782898152db4b3a,555,342,596,598,556,68
c2aa59bd42184db5960199ca3b6e9696,553,348,596,593,556,68
c13a0a73b3694557ae1b4d95b8310549,584,346,745,603,556,77
3f8d534b786744aeac2a90565931c4b0,727,376,903,677,799,40
a308eec6a7234e77b7661126696342ce,727,379,903,674,799,40
ebf016562f9a4c55984e1e70e3dc1c24,846,396,972,524,799,81
8773f485149b498390b156b2fe875dec,727,374,903,679,799,40
0d295e4357674c03850fe8c03fbef2e8,516,442,1055,542,799,81
f8841bb6923b4cdc92b4dff2b9dae49e,785,340,746,629,613,33
47c77cd2adfb4d73ad43178a15c42b84,410,432,542,407,613,19
98389adb4425425f83dd216cd6460ff5,409,431,541,406,613,19
8e24c4e551444b2280d8e322220ef03c,784,331,745,622,613,33
996526e23a03475cac26ae90af0f70fc,409,374,542,412,613,19
b8e38b7e31b346e1929344de34bd25ad,202,212,885,502,613,6
9f1782b3fc3c4440a63ad0b8a77db827,783,350,749,618,613,33
105cfd87f57d4995bb0fcb48d872c732,513,423,752,447,938,87
984fb9577ae24e3faef299e22e6d72b5,13,441,802,401,938,7
d1d9404ab1b844ef8942607dbea9c73e,14,440,801,402,938,7
3f054ce65bea420d8777914cbd1b3d21,458,435,753,442,938,87
efc9f3b3b90b47aa81883123fa24264d,12,439,803,402,938,7
822dd4c723054639a649284e16e6a31d,172,215,704,445,1536,19
408ec3f510ab4b61bf3c5543a94f7f2a,705,0,659,690,1536,64
e6d569b65b644f9cb05a35b282f09f3f,168,216,709,445,1536,19
b01eadf8a5264fc684b87ac714870423,727,0,631,684,1536,64
ba8a425eb0a54c828ae20e3392809805,168,216,708,446,1536,19
454c4d362f4046728eb8f2efb8af0819,233,322,1026,758,257,85
8155b5e297e5496e82d757abb1ee0f6d,200,285,1031,795,257,85
4b7335d0649349988f63c09ea2d1bc9c,235,333,1032,747,257,85
195cd4be93764676bc3be87a018eb8f7,310,232,905,630,257,82
8319b90f19c74770b3bb3411a4d427ff,429,258,815,686,1322,82
61f01969a86f4dc28382a5b2925978bb,197,83,609,499,1322,82
f93abddf315a415084df34f6f1baa782,149,548,763,460,1322,11
080d4b06781143559eacfc0089357a43,150,548,762,462,1322,11
baf00e38e5704400af2410a96741afdd,149,549,762,461,1322,11
0f5305fab94b40a696c0a23f341cfafb,197,85,608,496,1322,82
3dd2f622c4234ff9ac2677eb0800799f,729,59,610,545,693,12
6519f823ccdb4028ab4c5fdc32d1506a,786,307,501,409,693,95
6e54741c973840e59a0e0a9ab61e2231,1261,242,499,367,693,12
fe9bf3076855472596ed1a12d1cb6799,794,312,497,409,693,95
07f59f3c687b4bd78b2dad41ad655048,652,225,481,435,693,12
084cb76e709047469a76e3b6cd3bfc2d,1060,468,585,507,693,51
27edc82ea5e74d089056073c4a32bfe8,745,307,1086,655,1197,80
712d062389254052ba45495f3ecd37c8,744,306,1084,657,1197,80
e7e27cc64c314b6db99dd9047e7243e4,743,304,1085,658,1197,80
aed343ac7e4f46e2bd0368950b4e7ec2,150,191,1314,693,1197,43
4f65b3005e844e168b9376850d101471,0,394,402,414,1197,43
5cf195edc13d41ffac3cf7099f9e9d0e,0,400,399,411,1197,43
8072d66443b84a95bf96117e23565b2e,332,384,504,360,510,69
5a98cef28deb42ecbfeff881ac52d415,113,619,632,333,510,59
4524d0a6dcd345878b90fc4f3b011b03,136,618,655,326,510,59
3d1c5c44094343529abea9ad61e47fc3,340,389,487,355,510,69
cc244c4d72d946f3ac5a25e3fef14316,462,94,1327,669,62,43
a764040c54b74140bea40324c6af698c,451,609,762,471,62,1
0afed9f8a2574c048df6c678d144fe1e,444,227,674,454,62,51
6e936b41389147c88f484bc58a982b8a,487,240,674,453,62,51
bb377fecace14a7d9b6758be5581b22e,459,232,672,453,62,51
382249ce2e6e4b3f8959b13e1916e03f,838,1,576,471,62,1
097f48b572d4421ea784e6030609d59a,465,88,1311,668,62,43
b234965f288e4a22b034036c878f6d9d,696,384,669,379,239,61
c0ee79a985254d399840d44eb8ab44aa,604,389,744,423,239,15
b3d43096cdb84fdd90b2d05a587053c3,625,289,433,309,239,63
d7c1aef7c599468aac36326766a2bb31,605,390,744,422,239,15
766c323d59874ecf8d566e4940f62e08,720,396,671,378,239,61
d9bfb1afe4e34dbfb5c506802ca16b70,656,80,269,217,239,63
fe24e9dc9ac04149afd274c839d66679,604,388,745,423,239,15
e2afb16df8c44659b1981acba06a9a48,618,294,437,309,239,63
b8012abf309c4a459721bd4204be320b,662,208,533,582,731,68
fb4a798e1dbe49809b9caac415e13f78,524,214,712,649,731,77
279d07111f0b4dc8a125d4cd65f36acc,627,207,590,581,731,68
dffaedb7e53242009a34e575734ac84f,524,212,711,652,731,77
2b69d562ca4d4e2f84ef5ea00fa96e3f,520,201,715,664,731,77
0afe919824dc49e3856fd3949727b195,501,226,607,517,1089,68
b051fdee8f9849f0810a673295def735,453,99,478,463,1089,68
962b87df7f814873b8de56b2506c5eb2,561,337,716,601,1089,77
fc6d66eb5f1e4dfabe7efd8ea3a73a6a,562,337,715,601,1089,77
02631795a0364521ba23719baf71b759,559,336,720,603,1089,77
8f22dfb065164a79a3439c0b7ecfaa0d,507,348,716,485,362,54
22859dd4530d4a3ea28b46ebdfbe7e9c,410,228,679,540,362,20
d6019ea10d78482db30803c9ef48b4ad,1355,80,454,409,362,22
c7917cae605a413496a7664e29406fd1,753,353,654,708,362,47
5feb54d104104cb8b8864543ee05ff4d,1245,187,501,335,362,44
45c2cd155531444c846fd758f5b24065,697,147,911,624,362,88
82aaa1c739984632bef4ca3c76b8b704,654,380,662,562,362,31
61b963a7bb144e13aad1ebe838bd8a8b,851,171,560,486,350,21
68f50d1317cd4535b18a413ce67bc0a9,401,74,266,326,350,51
2a942bee1cff4b169ae4e6d9bfffbb76,631,451,1021,532,350,69
4eae92edda1945649c35187380ea74ad,0,349,696,398,350,69
d495239571b04ec783f8384fa9136583,833,201,904,552,350,12
9692d6049937418fbd121fbb825554ed,707,413,483,437,350,51
43f846734d1f4e8ba8a77837e0e12f33,641,235,1022,566,350,12
7c2644dfdee840dbb128f09083133afc,761,464,1076,533,290,25
8cff10547bcd4b6f98f5aeda2816481c,709,255,340,405,290,17
d28dcdb66adc48f196b827406776aebd,469,70,837,837,290,68
88a38730b10b4cce867a4500e6284160,467,56,862,841,290,68
3ce718aa62404794b8877b3c894945e6,710,253,340,411,290,17
8237cbb3b7f74544baaca8ee33c626f7,763,463,1075,533,290,25
4c08377d8c98426791c7b3bbebe7b3ad,762,459,1076,538,290,25
c004dae2c35d4cc8bb12749c86f337bf,432,63,832,843,290,68
6d4062510aee442c92889038f66bb47b,766,82,412,353,1480,83
9d21f31104c84504a2507fa364d24ab0,890,471,934,453,1480,15
4c3b1c5033d847c38be1910ae6bfb508,766,82,405,343,1480,83
d323be5433bf4fc0875e343a42735dd0,765,82,406,341,1480,83
758db92e60c64bd4bb4292f38dc27e8f,1010,462,793,444,1480,15
0de617b0712843ba9f26f5ea0b6f8319,980,174,938,653,926,43
3aeadf62aee242a88dce3d1a162772ae,606,489,790,466,926,6
d5d36042817e44bb809f26f47e9e32d6,980,174,938,653,926,43
78da5dca302f4cbc847cc1c9d430c6a4,606,484,793,468,926,6
8d2d836d91004099a39238db04f1d806,981,177,937,651,926,43
201cee157f9b4a4781025fd4326880ab,607,483,792,469,926,6
c2d1b32ae9834640927e4e46b1768732,485,244,723,512,1309,51
5c17b2811a904552a6f4171978e56b76,570,259,745,525,1309,51
0eb09f752a3b4f6cb883849eeb2cef78,320,327,1071,650,1309,82
b4857013dd664a31b904cbaa9568e7e9,515,242,736,521,1309,51
8a92d08ffea540a39a2cf9113b6d476c,589,407,724,439,466,89
047f8cff8dab4783b2f5f7022bc351dd,589,409,725,440,466,89
6125ca0dd60445c5b9a0463d3fa8878e,1294,283,479,487,466,90
a9669e0c48c04892b9ccdee654fe213c,587,411,724,437,466,89
3e72d2dfa42d4eb5b5dcc787b70b5bd6,680,295,500,453,466,36
e3d88d062fce451a9c45a0bd927d1ee1,680,288,501,460,466,36
3ac16774c96f4481bd0bf3e18671084c,1295,285,475,482,466,90
8e4f1af4d5cb446ba08f0afe65575cba,680,279,502,463,466,36
cae0768c2a654e479f4613cf9783212d,561,337,677,452,224,69
aae1ddec128c4b6bad708752dc04d4d8,646,238,839,662,224,32
7602b1a810094f54bee57ab14fac50de,333,176,641,514,224,65
794e399485544b7f874e6fdddd88d698,800,244,535,461,224,91
8f2e73672b4042058052461e7a45be8c,703,78,486,420,224,45
a890af5e587f4a8797f38372db2901a5,646,239,839,662,224,32
ea565ecbd8d54cc386c492d8fdeebc96,605,428,677,450,224,69
302d758f299f40c8a5a427686f851bec,334,177,642,514,224,65
ae6f61149f3b4b9d98f6e0eb2128c3fb,356,148,929,781,1507,56
910e799398664598860f0fd43919a7c3,356,147,932,786,1507,56
ccb5c2feef034ed891f30f8d6560a1fa,1268,90,525,402,1507,0
3c50b164088e412c954eb46b8e0a4ae5,1271,90,522,401,1507,0
6680803ff4cd4749b9398ff0ddd46f72,356,147,929,787,1507,56
1d0236815f684175966c77b197fbc469,1269,90,525,401,1507,0
6d135bb4cdf54106b9986aaf52791003,1044,360,519,472,1095,90
0a7f35ded3fb4b27b2934a072caacd13,1054,368,531,490,1095,90
1194e05ccd15414bae793d4e88bc95bd,1106,258,795,675,1095,89
6fa230afd3544c2da2dd33799489cc48,1106,263,795,674,1095,89
dc6aab418dea4fe7860e0a802aa8a65e,1044,363,518,469,1095,90
c99e98d5cf884990bcd5e997cbd8f161,1107,261,793,676,1095,89
3f72c5f1590d42dfaa218f678ddcd999,802,280,427,515,912,11
8aa2a52a6f2d4a1fa931722f873cbe14,801,279,428,517,912,11
1219ea6c541944c8987a5b485e5d50a6,805,249,783,482,912,35
e1ae65769ea548838f4aa9ddc2ce886f,779,255,766,495,912,35
832b0cb87e944f839787ce119b9d87b5,801,283,429,513,912,11
3332c442ac2d479fbbc7883bf7230bfd,482,311,689,473,911,50
8a70708e717e43419de06ae41457435a,482,312,689,472,911,50
b302d6b3505e4297b6964e269c5b2fa2,779,319,308,287,911,17
5922315407044b37a3351c2d160d664f,777,318,313,288,911,17
646d6fa87b7b4069b4407fbbd322301e,485,311,687,472,911,50
124938b60cdf4f61aca1e369d1ff0737,772,351,328,308,911,17
fd89f0faa4fd46e3bd73d370fadfec8d,0,312,554,310,39,43
e42834e242f14226bf08425ff0ebb236,896,429,770,358,39,90
bffd8422695a47299899bdc756d3b5a4,1443,395,475,331,39,90
82b420b867264bb7ab86ece2b64964b2,344,250,791,428,39,43
300963d974c24a318e3df1804184a71e,0,311,555,314,39,43
c6ca53c3d4e34fd2a616c16c1ef1b182,967,252,952,597,1247,2
c77d866c9c3a4cb89218690c3d400473,967,248,948,608,1247,2
3b256772905d497bbfd8c729c2d37120,189,27,786,729,1247,5
bed218a9271c41b3b045da7c0b859f3a,190,13,784,753,1247,5
63b0dcfa5c0c4e3681c4ee2966645107,192,31,784,738,1247,5
145f112aff1c4cd1948b0f704dd0f5ca,969,248,950,580,1247,2
96e83d6203fa49b2923a0981fdb6f185,737,432,861,648,539,82
6b17f6640d704db9bb3c4ba6a186ed73,740,434,860,646,539,82
dea750d0262a45d6abba6abaf5b7ca82,228,501,945,579,539,85
2e244117adc14201b7cb4b0486ed3384,229,505,945,575,539,85
89142875ceb84465b665ef999283e77a,228,504,945,576,539,85
056498a8ee3d4d9a9974ca124c65c3e3,776,324,324,322,539,17
90b84e7b9b614741a163e6beb44ae109,787,326,311,306,539,17
b5e2d620134f435e8338754b9b7e481c,744,436,856,644,539,82
292bf84b9f984114a8ac1e3f5d2d154d,1215,398,646,458,395,89
681cb37301da4297a09a96b466a33430,109,367,661,429,395,90
ad15da816f2840a1a4f7597a41a7ea25,1215,396,646,460,395,89
544b3f3385d54b519dbb21d3eed83bd7,104,370,668,430,395,90
b08440ef0b614cdd94bc2c12b0e6fdd0,1216,399,647,455,395,89
e0d6f9d848a54298845a9e3edd9527cb,108,367,656,430,395,90
075e970d18d14a258baa0b667ec5e1a1,998,342,699,596,1509,15
9cc9731b746d49d79ed6fe19353f8134,510,12,869,768,1509,56
46d9d6f9b5da499a8396dbaec0d540fa,481,8,870,830,1509,56
7334dadb9b2f4ff6826b18a4f64fc80a,1001,356,697,580,1509,15
984222e536884c30b502da9a72631177,508,3,870,779,1509,56
d2306da1ee0e46928b9d78c0265ce3c3,1028,354,667,584,1509,15
ae80738c5bcf4b0f8cdc53bb71f93c0a,878,679,797,400,1518,51
76bd19b9f9d94b0a819f7c9a07314a10,773,149,340,366,1518,11
d21f450f4da24f519372307b14854ce1,850,568,798,456,1518,51
cf14c79e6c9342aab4bab4f03e38e3ea,874,677,798,402,1518,51
8dc9200054404b0abfdc32c3a4c2b222,772,145,341,369,1518,11
0edd7ff4ac2746948b6786c0fce4f9dd,773,146,340,369,1518,11
3b99958fd3ff4748bb94bab5cb4454b2,1108,439,578,346,766,90
47128b05aaa44dc49931b8c6563bcbaa,1114,440,576,345,766,90
fd9c414b5b3544938cc44d833bbdcdc6,763,334,763,375,766,43
96299761727f4ba9aec20798e6392723,1116,440,572,345,766,90
b562ea9478a148a680a7fb902ca041f7,761,334,766,375,766,43
b8abc2ce23854e7cbffc6b4c19868378,763,381,764,372,766,43
44173220b0bc401a81da3b98f53615e5,698,585,959,391,749,25
3c19bc6fb0934afa96468f825b29b230,721,491,475,382,749,63
a24341e025cc437689bc47ea7c7739d8,699,578,959,396,749,25
49922ab3b6c84c9fa9f4cd0b9cdc33a8,716,485,476,375,749,63
eafc84773f514bd7aa25d56cc4d0cfa3,710,483,482,376,749,63
e41a8f79ab2e4803aecf0d03b48f0f29,703,578,953,392,749,25
42b9c9c0fa03407da5aee0a3eb2a8e13,253,336,595,567,341,89
17b20471502f4961a62c9c6adbe28b4a,899,220,767,522,341,90
64a7269b6ccf4d8d917a5ac50e756449,897,220,772,522,341,90
3e40ee225d41446d905736bd2d8cb49c,253,337,598,566,341,89
10bc8f20eb424a3b881e15509a0d1368,242,314,685,566,341,89
89d4157c233a49e6ab3f7b58cc4874d6,897,222,769,519,341,90
741dc639db224d6795f5ec9cf403628e,629,178,978,650,1310,12
6e5e56cf1a6145369f559bfeca38b0c1,655,107,978,648,1310,12
0e5ba4bda0d8407cb2858f3a1d193a11,627,155,978,676,1310,12
9c92ac2bfffd4deaa67d329e0d305a76,833,365,664,563,1310,88
27e69f0da62f4bdf9972c76a5e6598f9,203,239,660,457,1310,15
86c90a32d7b84fb285e702a4df949e59,755,393,671,586,1310,88
64986628cbb241668ac6734a37f4e8b0,834,366,663,563,1310,88
4f386be703cb40b796396310b5cc5ae7,1039,67,712,665,1310,24
1871d11cf6f341cf929e84bbed7f0667,1008,433,465,439,1270,90
c9c757239e9643d7af996ceeb8b1d937,1008,431,465,439,1270,90
677e8b7261114fa288cc350da33dd0e3,659,327,626,591,1270,89
fbff6934d83e4b3ea72b0f62c59b0051,656,324,678,590,1270,89
a42821b22e5247f2989646daf87db90e,1009,434,463,439,1270,90
0a587752fc92482abbda3f4d0afac1a2,658,326,673,591,1270,89
48ee0f4e4aa04ee8b1d3b9b9ce1bb1a1,1132,227,559,490,653,43
94ade94f373d4c468db1e7fe53febd69,328,233,679,437,653,90
01aac40dd4914c33acb394f05a45e6df,547,324,478,395,653,89
3f773877af9b490188f2dfec21566b84,328,236,679,433,653,90
c872abb4f8784dd49c59eb52dc838415,328,236,679,434,653,90
7b78437df6564a3088887ebb327adc63,1127,229,559,484,653,43
a0a34498649e4b3895cf4d3d82615338,559,330,466,381,653,89
f07367be069448d8b35192989f862b38,657,0,795,536,823,46
849d281dc9aa4143a6d33f7153ada812,509,61,1011,572,823,2
7dd00ab2aba942c0b100cf4f81f32408,1083,129,511,601,823,5
60c1251d35d949fc9c5e54226c281197,1,524,682,556,823,5
1d499a5f71f44464bf28495831ab0a1f,657,0,796,535,823,46
9bac4f1ad8804fd293c81e83418de86e,0,598,678,482,823,5
64d14f52a6924c8c8f25bc7fa5185c77,630,150,749,787,463,1
d4f040e2fc1f4730b5af6a39da322f33,940,361,979,546,463,1
15b603964b534aedb90cdb8f75132dc6,661,366,755,544,463,61
e17daaf8e468423d8d5966c8c9df50c0,660,365,755,546,463,61
11e9d9307b9b4ae6a493901d7be2da80,569,0,545,551,463,1
71c85649fcab47c1a1951391474368fd,801,479,477,432,1313,95
80933352e3464347bd52add8dffa1334,795,507,479,416,1313,95
2d6f0957136948f2be711e399cba9c37,660,304,768,552,1313,10
11fed595edd040eb97ba1a57b39e9143,802,477,493,440,1313,95
e9d64e9e9b19498c93aaf7ca5146eeb8,686,365,808,478,1313,10
10af960714cf40a08bd1727807d15ffe,809,404,1013,647,1313,10
bb5c0a589e9f40f8b626877a3f25052a,542,0,688,531,198,4
08109fca73604a3a8695b2cfacd4ff7c,541,0,689,533,198,4
1b92a24a385944d7afc9152a22f11ea9,548,395,618,610,198,57
caec5b04d244475aa25e8ed7b5b5b9fa,271,393,882,473,198,17
1572fdaba8de45f8af7af0616e548b10,542,0,688,534,198,4
a263163648644347ad1b57db955c5d18,690,480,646,413,198,17
15c23300bb7b49d1b3e444e67f239721,547,386,610,611,198,57
3a58c43b59a643a1a174c412735367bb,547,393,620,610,198,57
a2e79eb08fcf4ca4bbd812a48d0159a8,723,219,620,519,1337,31
46fb0c66d0e44624a206dfb8d088b019,798,319,1108,761,1337,86
7dacb56cfc034d72a4c06de4c1a3cf4e,799,319,1106,760,1337,86
3352071b6e224a80abfaa375deeb33bf,798,319,1107,760,1337,86
5fa73ce98c48415bbdd0dcd58a6439be,729,228,614,510,1337,31
e071d9d5d14040e39f169af69fbf96d7,724,209,618,520,1337,31
3cbffed1f6bd46029b75810445118fab,161,301,987,652,1439,51
4959f99d36e2467eb9c74fe23f63ad4c,528,349,1046,662,1439,21
661b53d4995743928c127df8e59e4839,227,285,961,635,1439,51
e2682b559f86414dbd43a6f1cf0f5711,527,351,1046,661,1439,21
ffe38d51860348059d9b6aa45231be63,1374,260,545,329,1439,12
663f1a16c90448e38c4db40ff1e319a5,154,301,982,653,1439,51
efc66302c48746d9a682671cd7608cb0,1326,253,593,358,1439,12
ef6d4141db724a0a94237d71ea344c84,525,352,1047,659,1439,21
140ad0834cda4b40b924b6c7d0d9dfdf,1032,302,613,595,1312,89
cf4c3ecb4f9241688d5151fd08a6111b,1034,300,608,592,1312,89
52d2ab3c9ba54ceca0741ed50bc377e3,253,179,694,583,1312,90
37ec1fa9e640439f9f34cc09fc558c5e,247,251,696,585,1312,90
de8fb249aa3942ed8d66a70c04db65a5,1036,303,604,591,1312,89
cb4e2e6c63cf4ac99f7dc3212397435f,253,180,693,584,1312,90
6a052c03b2cf4acf98fbd0e5a228577e,864,253,895,529,1296,90
4b8a3fbc4a6c45cea8020302bf0d75a9,865,254,892,530,1296,90
a58bc7361a8140fe9f52d00b55b78b18,867,249,891,532,1296,90
3a297bad263e4dad80a6f8800ff348f4,714,0,452,506,1296,26
427a2699f78e4a4b97b7cd869b0f0769,590,164,1228,717,1296,89
7a6ce6970f9f426993ffa5467f25a4d7,712,0,454,507,1296,26
01c581cfa84d4cfabc9c1e4e03a73f44,590,162,1228,720,1296,89
5199a37d357c4be7b2205367a4b92414,712,0,454,507,1296,26
9937e47098c54530914ceba372b50c74,656,331,842,521,700,27
21c83f848e6f4f13aca6ee8093595df3,657,334,842,525,700,27
6386efc84c7143a3ad05690e82bfeda4,558,171,757,645,700,56
7f3340a317984ce9b6d9b84936fabd91,558,169,757,647,700,56
f50ef304a75948ebad42132365c9e08c,309,347,922,733,700,56
d07f43475ec44543b614f9dc5b9c7bff,657,340,838,523,700,27
7a9df2cc0a3649af8034e50c615c3f23,0,397,354,413,319,90
deaf12c54055409f9c8b37d173f3a87a,1250,381,579,404,319,89
f7fcdc06cbe24d47bb50bff48c9f9c82,137,459,649,314,319,90
1625537d0f724d098a454a582cf49a7d,1256,396,575,424,319,89
84918f9b370a40938a35b324fa9d2605,150,636,789,444,319,90
251ffb65783a43299f3ef4f5d1de72b7,1107,399,725,420,319,89
2a624f0e19be4c7ca0f8f7db5e20d51d,1344,197,512,372,1141,85
cf305ddb72064ba59b458bdce8a2c6e0,1345,203,511,365,1141,85
b5f23daf6d6f40678d253c27a6c10cce,539,256,907,753,1141,82
2a9e301021a54ebc886729669d324d78,1344,199,509,369,1141,85
90eacb98cb8c48c3a0163ad66e121efa,540,263,910,749,1141,82
3e2a6c1b4c5b4e09b7ae5ef462666f1e,541,256,906,763,1141,82
c7262037d1c54c0796e0a47eeac0ab64,36,21,607,417,1047,39
3ec2bf9b28cd406388d1bcc86d99a940,417,314,834,566,1047,33
906a3093c7744386bca1afef5db005bd,669,297,504,544,1047,13
f17a4f074cc24fe3a5040143f7d44c2d,419,314,832,563,1047,33
1c5a8fa8b64a46d59cf29c6ffbbc89b6,669,298,505,541,1047,13
3dd440e24be74d4f950ca1340eb3f57f,36,21,607,419,1047,39
99693178b1584034983b6eebe4ac00b5,670,296,503,544,1047,13
c1b0204895bc49b9867a29adae6eaaad,36,22,606,417,1047,39
32473c35a5ee47a781101ae80a68d1bf,1016,0,485,349,1003,56
394d91aed07147daa6f552bee00580d1,660,235,424,253,1003,63
23e97f018a7e4542ab8d52204592fec4,702,236,383,254,1003,63
b52ab2f6152e4858924590e6d3c673c2,1016,0,486,347,1003,56
8fd58602f10b4eaeb0c654ad8df556b2,505,186,687,503,1003,0
46ae8ab0864f4032b6af26e8fdb0243b,494,192,687,504,1003,0
234eca8502e4400089862aec60b3d55c,492,190,673,502,1003,0
edd875bec1394f2d99f2ff36662f0af6,1016,0,487,346,1003,56
3a7453cf9e7649aba4de6c139542f9df,1134,213,625,419,1063,37
4608452a1b3a4bbab8e3bca11f835e97,802,383,590,429,1063,83
1191a83c7d7d45e787a36fb02e9ad17f,1149,213,609,421,1063,37
0d5149fed39d4dca9c86c1a08302e486,1133,212,625,420,1063,37
356708dd064441f993bd443dfae8d57f,804,387,577,439,1063,83
cfb3e1fa07d64448a2ef30755fc40e31,294,196,890,609,783,20
df65049568b7445a8b3b9d8eb35ca04b,883,151,494,518,783,36
6e4f5f87a1fe4b55b0656a2630e9b9b4,698,477,625,474,783,63
9aed07ab8e1d4d8394f656466f85386a,256,112,497,391,783,82
fd8303ddca7a4342afed1b21ba82d65b,803,260,389,462,783,11
16fa1dd6af6f4b5da0c08f68dd15da85,874,339,649,452,783,85
e1d7e5d773064f40aafc27bae0c6f14f,699,304,458,412,783,36
0ae037762e2d4faeb883a188df3063e7,686,368,477,448,783,36
37d7d45c87a8445f99f9f0fb810fdd0b,999,93,737,524,491,24
89bb9cf747ac4283a9535ca29db0e5bb,371,3,1403,839,491,8
264aa75b055c45798ca8f3160673b7ee,1000,90,737,526,491,24
0fd52e6d716e49bcbd2581997c1c67f6,999,90,737,526,491,24
c67f31886c5e443a83004bd2bbe112b0,760,88,328,305,104,70
c447f51d52784835bd36435d213ff4f7,762,87,330,305,104,70
7066c4f0bb67482cbe6d6dc053d6c821,685,1,431,385,104,36
91c0f134782a42cab1f8cb99e025c518,744,90,344,304,104,70
8a7b8690c47e4ec69064a5294a97416a,372,437,900,585,1217,85
e397cc3590b14ee6916567fd4c79f98f,373,427,898,590,1217,85
5300fc52d1984aefa27b9449563eedcb,252,178,540,462,1217,82
f269bfd9c73442459657e9dbf0fb046f,251,179,542,478,1217,82
9ed00d9589bb44b4b80c94751c33bb0c,372,436,899,581,1217,85
26742e01ab184ab5b581b2a0895e8347,251,172,540,468,1217,82
58aab10be487470eaeb8edced629eff3,583,119,816,698,526,38
0a58c1212d974624a3df64d24f618027,1261,171,658,360,526,92
f65b4f0390c543f4b0da3958b82eee07,574,117,844,697,526,38
59eb946ded27436985084f598b58ffb1,1259,171,660,357,526,92
dd693d79673b4de1b6b69fc58eff55e4,1257,187,607,334,526,92
6498797458c244e48c3fb15675701b15,649,121,748,695,526,38
5730b2d213dc46bb9387c8d75e60a610,642,572,395,365,935,17
fb5f5309a6c848e19131ed9a15288b3c,528,570,683,509,935,54
08b14e8aaf9c4bf5b16767aa24710891,568,726,439,354,935,17
43e07606bd5644e7b51179bf7994498d,511,572,685,508,935,54
750a57623407425ebfaf3965038a50e8,520,573,683,507,935,54
9e798347edb642a9a7a3d38a778001b1,192,124,1062,710,858,7
a4a677a287e9458aa665bfe81c6b983a,877,326,1039,754,858,7
97bb8b6525f24eccbf2cbc5dccffc9cf,197,121,1057,712,858,7
3734e83cf4124413aec2f9a7000e321e,1349,167,570,575,858,87
c6973c93517b4e75b251c50319dcf284,1348,167,570,571,858,87
0319a833ee26436a8ab428497abaac60,1348,166,570,572,858,87
a91a88e6cc9e4c35968a6578e56ebe4c,704,514,458,389,1332,33
5c5781031f8240cfa105b2bf4dfdb7ac,152,205,1137,590,1332,74
5c8dcc4882df4c5889312c794d681299,705,520,458,389,1332,33
e87ba7e65265497ca2bc0a478b886040,714,512,450,388,1332,33
7f21f25d537c46ad9fe3339ef64904cd,1162,169,750,421,206,92
543bc8d336c445a78d023fa805b2eb37,1162,171,748,416,206,92
7c3d467059a94795813674f0e620199f,872,327,589,375,206,20
13307a162f6c4871be5ea4e702eb2cde,1085,286,455,319,206,20
67272d85df504864b8c627da93b8d822,1086,285,453,321,206,20
dde2bd0769a84a2293aee06d57eed513,1162,172,748,418,206,92
ff5cf69ad4da41988b5f5ec3fc430cb6,1069,102,850,603,847,35
8ba476c835b243448d0b4f965ab3d2bc,480,348,805,534,847,92
354f24a8c28541cd8ee72094685b5316,1070,100,849,605,847,35
7ac0de82d5264f59a791eac307efc6d5,1034,206,684,443,847,92
f979aac10d444b1ca119529922e149fd,960,268,853,521,1473,43
1fe0870283284d8fa3a81d401440ba14,959,269,865,521,1473,43
aab87e0ce41b44d3bbbc800c6afb228f,486,451,753,440,1473,90
5abaef7c792f42daac2ee82796788564,960,270,844,520,1473,43
a36f03c650d74f54878be23be409afbc,285,304,707,381,299,43
932f170e51c740a5a5d37bc9c255ba9c,843,396,734,366,299,90
bcfed115add340bd9486b2deab6e0cc6,287,320,707,361,299,43
7a82a9b9e31b4643939d9456eabe22f6,909,411,664,360,299,90
7a22d42647e642058cfd0f36e6de3bc1,842,403,729,364,299,90
d9dd0cfcf77f40d7812d99cbb0fc98a8,908,309,799,439,1407,43
20535155b09e473995bbfb2b70cd0088,1324,289,592,335,1407,15
e9365cc277eb43d7b691f5772c2ff2d6,910,306,802,440,1407,43
5ae02926d29d41829eecb94181e95a2f,910,317,802,439,1407,43
80482b07ea7e440c9cfdd06bcaccf32f,1303,346,597,334,1407,15
894b929302bc4cf99dce2179c5360883,1301,350,265,328,1407,15
776100bf31f14b55a13c918b391407e6,1,305,1080,773,1348,5
410cb579e31547bdacb2609857252196,840,200,1080,675,1348,2
7728e12282b044789068e4c1d2446d77,1,241,1078,835,1348,5
4bd464dbc4d64f7db0e33583e8a363d7,0,306,1076,766,1348,5
0a41603e707f40eca4c97f63b590cf44,840,200,1079,676,1348,2
bde8f1f50cc9494cbfa256cfe7f9b55b,20,574,608,347,1125,90
184a8ef48b2745c4b36b4f7860da9edb,6,575,619,346,1125,90
1e05f86f44a94b229df9fd216029f76f,5,572,621,348,1125,90
b5850fb5e6fd4871a2a532962d9dcef6,1040,403,709,401,1125,43
dbf8f8be344b4fe3b13ea09320b8e580,1039,404,808,407,1125,43
023599520d7b4d02a2b11ad3cbc135de,1038,404,816,407,1125,43
8b330ec00ba74aaeb69f6fbf54c3d483,880,535,678,545,1375,17
36d84b038c414789be5c538ae84ed53a,874,543,683,537,1375,17
26ab9040966048eb8cd968683c2bd5e9,820,101,670,647,1375,29
38a281c135bc4c649cd79a49a946aff8,898,533,660,547,1375,17
039cbf619f5e48d2a42aee27984db52e,811,103,585,660,1375,29
c079c0b787f7429d8d02ab9b46818c86,459,338,765,550,205,20
381e5df5f54a4489a6eb01d248d70c99,636,97,639,675,205,11
dd1ff52076ea47b2b0e4f3a4f322cf6e,456,333,767,558,205,20
698b90bcd2e9467fbf57b7103ea9e710,658,96,621,669,205,11
d54a5c5b29874f8ba5d00a2d8dd01002,661,95,608,673,205,11
38b0287944904e45a63515cc21562997,270,118,755,544,1152,32
2ed6d9d600634482907c40f5e653545f,530,323,675,597,1152,32
5ae3cfd286554ccd8e6a132dc7f6fb2c,706,282,263,271,1152,17
d304eeb9dc094af69c53394352649964,273,111,754,552,1152,32
d8cb88aa52314ed2ab206e8e50b8a9e1,423,201,872,540,1152,56
870225c86d8b4339aa7ce6661ab86040,712,282,267,271,1152,17
6ba2d42243034469a9e4d703130dd861,718,62,635,556,1152,56
f64d5d70431a4a8fa0693e6afb9b17e7,857,19,521,445,1152,56
598873f876f8435eb1bb3c53088560c0,651,199,794,534,756,37
3b5ce3d53b0c423bb7b504c7b9ab0862,1132,240,504,368,756,64
23f7d5e5479140709f0a2d2776faba8c,1131,216,504,369,756,64
f2824f3431ac46c1b9259ce8b8ebde99,1133,217,503,369,756,64
4d3437f3913e4f6fab21182453c9987a,601,307,793,534,756,37
55841f4238e942a68bec2d9400ab9633,653,198,724,536,756,37
17cb0c526df24028b745960aa09d9ee6,420,382,620,513,753,61
545f127f4e584f5dab421848438ea814,99,135,1127,551,753,83
06a280e7fa114f48b10fa1d8ab85e5e7,421,383,629,511,753,61
03db140d92ba48ee9a1377a1ca874b18,421,385,643,499,753,61
36b67422580648f79aedab84459318ad,597,412,655,503,229,40
a8416c9eb46243b1bd8b1771acbea5c1,847,223,297,280,229,42
3d864e75578f43d998c267481df8d540,597,412,654,502,229,40
64f7531e9de2462ca3e1e599d04d59cf,597,414,654,500,229,40
59a81948fba94544a26d2ca5a0867c3e,846,224,297,279,229,42
2c43cf73087b4d0cb874530db34d6d18,846,224,298,279,229,42
29226864e56044c8ace4747094a3e28c,331,287,1042,586,517,74
11a92f9665f24ccb9a0fdfd0aec48b0d,331,280,1042,594,517,74
0b2cd2ef60bd42f2926922d44908e954,443,395,448,339,517,33
613527a36656490e9cd8b5402a7526cd,442,395,447,340,517,33
ac5d886ea5ba452fb44691ecf313ff17,442,395,446,341,517,33
1970130fabdf46b89f86269fb3c89ba1,664,422,444,327,985,42
eba7d0b689804114bf1f3d11a94c7578,776,367,349,313,985,42
0b65354c890945af8a67052eae9352b3,774,375,353,309,985,42
efd32a0784184992b8d9b7549872158f,566,257,757,546,985,48
33779f65d40a4c66886b7684cf6e4196,568,261,755,538,985,48
f56331c4450544efba6dd94f5ce31afc,569,268,755,531,985,48
3d1e305250c24c8589f509170de2c96e,271,427,708,533,982,54
fc265073bee5421cb7ed40a661459f19,777,282,658,510,982,54
d0fa03169a3d4d2980c2229e8b2ba16b,268,426,711,534,982,54
9d96fd2586f3483080e057046bb01c8f,1,390,872,690,982,8
26cc7dfc562340759677cce84f341278,1,390,874,690,982,8
5515bdb5158c48168ee1fb5b9db75c77,755,313,526,440,915,63
1ffb6f0948f9470da02566f9e44c4778,1038,154,546,414,915,55
d971ef122f52452c888e3c667e5a3884,187,371,794,490,915,59
ef55d68874594b1cac8913593e89052a,188,370,792,491,915,59
853079fa649e4b05b18b9e4108bba09b,755,313,523,441,915,63
7424f0d428744d83bb72de3f92e2e14a,190,369,790,490,915,59
1d1861ab480e43f089affae88ae8ab1e,1039,154,545,414,915,55
e4eb0a8f45e04929a2774dbfb84e1296,1044,154,540,414,915,55
1c68e32722e143dd903c337080c048e0,77,369,1045,457,1415,7
e7cdd67312474f36bd0c7d31ab3e8a34,797,364,898,459,1415,87
17c17b288aaa4e899a34fa91e782d292,81,368,1031,503,1415,7
f98de6783e0c4013ace9f1c1c080de7c,795,366,899,456,1415,87
1f562994e9cb4179a9c64e75b39fa434,676,433,616,410,28,89
686f3767556d4a609e5aa232c17f5860,695,608,728,471,28,90
ba58b6b0eb1249538732f5e278612a8a,670,432,622,411,28,89
94fff624448a4db19673f66e5e6342d5,695,608,729,471,28,90
07418c8839044b12a5210a58260eddf8,674,433,616,409,28,89
38601e71e958457bb1594eb46e82514a,627,517,588,396,28,90
0478c7a79dd9449e9ee923d5be9cb371,620,152,1055,739,1308,35
0580bf9012ea4ff59c557c382db1a55d,622,151,1053,739,1308,35
c1663afb76d946528049e3f586e121fc,657,65,526,540,1308,86
05692a643d894b8fbe682e36b83e22a6,622,154,1054,736,1308,35
9f8caefe63134689a8da9dbcd10f18cd,137,200,612,411,1308,19
d92f73478460436287ea48b0f407b1ad,430,183,1105,765,1308,6
4772c33b785046248ca4e9276962da24,429,199,1042,707,1308,6
92b19237ca454d828be36078f0d8c63e,1101,469,762,575,93,90
daaee922d1d64658857679e6e057739f,1100,466,762,578,93,90
5565c42cce0a4782aaf74a3dfd694909,1098,470,761,575,93,90
db118d3018eb45119873d438b3613507,498,146,1183,607,93,43
20226d27ec7f423994c07fa2875d503e,211,420,569,476,1096,89
7e29f5128c614f33af5b1db3ee942468,1377,603,542,476,1096,90
ede6b60cb44348ce9bf3699b700920ff,943,414,862,514,1096,15
b221dae7fb7a4bcfbecc9727bdffc2ba,7,311,550,535,1096,89
cae85d2846bc4be08debaebcffcc921f,753,178,973,559,1096,85
ef158e53208b4687b48dced341014504,340,450,676,494,1096,61
478c4e4a35d7432f8d7f16153b1702c4,1033,260,802,559,1096,90
6c3395385d064f4ba64c931500a11d32,371,179,840,570,1096,69
5064e800d93248b2bb5edbdc125c49c5,1154,110,697,497,1378,6
24e97d8afbbe444998e1f03a1870ec1d,745,175,554,408,1378,63
2978fe38151349d2b75431af3f6937bb,706,483,856,465,1378,19
e444d586ca204d93b4620c618fccb3fa,746,501,587,450,1378,63
c97cac122cb249878a4b91e009f50ec0,1144,207,599,351,1378,53
d30eaebd57a043d4973c98d6869634c5,662,463,830,452,1378,19
875d4a00beb6401890db45f864c68708,691,126,524,483,969,73
ffd065a391544701910c9969d842e794,329,166,614,459,969,50
7a4f9c98c98f419fb46dbbda123a4f59,573,254,669,592,969,48
d5a79c60388a41bf8f0437a7b730e83d,643,198,1170,645,969,90
01e04259e68f488ca893ff2868adc2d0,332,127,579,462,969,50
26b1e83abe0f4ac985f06806f2c11016,737,0,748,629,969,13
3a9bd6ed72e64b59bdcba0c12146f7d2,737,0,748,628,969,13
63a9c4c655ea428b9678c8aa9e950a55,639,285,1172,648,969,90
c1d7f31bdde84c3db6f17ad611f2100b,956,266,715,432,213,90
b4756524339c44b199f3b4df055d2679,950,262,721,435,213,90
66f4ed4787ab4998a8705a57bcbba8a8,884,412,784,382,213,43
3c9162d4b6644be4a5ef1f6ab947ada6,198,425,498,427,213,89
e851d631dda8468480c16c3749b3a84e,875,410,813,385,213,43
d90d5ba4d57e4cd59c409b30be251ce5,198,426,490,429,213,89
0e661d6a00f340f3b359603df76a8728,198,425,485,430,213,89
b0bef52e412b43fbbf52b5c5574b61c0,612,28,730,680,1404,12
a7f491756ba04aaea3444f360a4a6b3a,573,453,867,503,1404,85
72cd17dd42be4279bef9b19997b65988,199,286,607,431,1404,82
6c1714d5c0974fdcadb95cd46d982669,182,285,628,442,1404,82
21ee0d1e670c4c978472ee339d7e4c8a,158,320,879,383,1404,51
3530c03f68d249c4857c66bc6bb734bd,188,286,623,442,1404,82
d6f40912198a42dbbac555fc1fc83f84,409,493,730,463,1404,12
411a5035e678406390fcb5365ca05147,144,319,879,384,1404,51
dbdce53e3585409bbb0115362d235add,685,374,313,316,929,17
1863109a9bf94efa89324c4f3bb22aa7,611,425,1032,605,929,0
20df4c2c09dd431a952313ab01c415ee,690,373,312,324,929,17
1c1d2c8402344119bd4e8ecff1cafdc1,611,424,1032,606,929,0
bb4b75e8180847979f64f6706b20cfe2,613,424,1032,605,929,0
0b332766c60d4613afaf13720f54b1f7,793,0,560,423,764,71
f7b63c3a89aa4ea9b8ba6b24383d5389,805,0,368,290,764,36
63a770bcfe3248e88e08e2368fd2e37b,791,0,550,426,764,71
6c02ec9bd16a4bc0a884d51622e5a496,1314,392,551,297,764,11
946112b62a4741b6a96ad68f31768be8,788,0,553,424,764,71
efb256892bd342bdb8e49c7e47fdddb8,1058,191,421,371,764,42
2e372f399c824622b20528b660f6ca9f,1313,384,553,299,764,11
746d00eb787c4bee91edd0e4c6fd7ab7,805,0,382,289,764,36
15a8228c98f34922b0df48f1dcd88e44,1200,263,549,382,467,85
04203507ed1d4657b4b8c94e543a65c4,428,363,787,607,467,82
6ab267d2274642cbb9bcb29c481b6214,429,363,787,609,467,82
a1bd2bce769240d4b0c7e9aaf32b27be,1185,262,562,355,467,85
891ddfacb73b4574b17d23eb92d7f86f,1202,266,547,378,467,85
0c04a2fadf5349fa949f216367c64948,428,363,787,606,467,82
c76b30757dc84b72b63d5bda341e45f0,1127,488,791,399,977,90
18ef9a6f48d44828ad82b181fce8b20a,36,210,779,480,977,43
8aa48fe707fa404e9d921a9b2c0472d7,1127,490,791,396,977,90
06c0f6c29afa4131a344a79623a2ffba,1131,492,788,397,977,90
cda91988566f4860a294435245681324,42,210,777,476,977,43
bbbd2877ec35468689b5fee3585333e7,35,211,780,481,977,43
8829634db5fa4372a74e70585bfcdc91,1139,250,656,553,660,90
add16726aded4acea49f94c8e636e18d,60,369,531,469,660,89
cc91f39bef214514903d1963ac713d81,38,371,537,466,660,89
7c474d4fef9c412793f36425ea8b7ce1,1318,249,474,554,660,90
435cbecc19f84b56b0c4249f6729697d,1438,93,481,401,660,92
51736132520d41739e934db744368a6f,1439,92,479,402,660,92
247b95dae6534a3ba1e897ea381730a8,1317,249,479,553,660,90
52f66a2b92cf44eea064eecd38e079b0,47,369,529,469,660,89
f454b1c81f0e4bc79cece4c722663c91,1001,479,511,393,166,95
32381a0060f74faa8770f9174208f1c3,1001,475,512,396,166,95
825ac435cb4b4b13bd4ea28be80ebb03,1000,481,511,392,166,95
43c79b5e4aed4ddeaef383bc59db5ae9,476,201,518,426,166,69
d36018096ab34447bb9f7e9f70af76f7,434,199,562,426,166,69
2c255fec175e43dc9304ae9e0946960b,476,205,519,419,166,69
2949194a1c1148a4b7d808ec2a47bd60,218,0,506,408,866,77
ebcea049ed954e6cacccabe2b969368c,596,259,798,777,866,77
15cbf0238f404fbf88ce95a1b198a579,542,225,785,782,866,68
0813c5fc686f4c30aee1354dc6327453,391,191,907,632,866,68
30f51777f3a9459b86fe75f994e16330,844,0,449,512,866,77
a2c0ee9e9a9c4a9daf5545d1a1861305,336,170,886,620,866,68
38115514f48b480ca57dbc98efae23bd,644,298,733,650,355,77
34c2df1001964bb8b48fe6442d67e300,584,287,649,661,355,68
7e66a690ebff4d1e81128d3af498d20d,574,285,644,664,355,68
91e75a78167b46b68819f02e2a159f03,632,327,735,652,355,77
aa1b25023e484d2f9aaf750761310869,575,289,648,658,355,68
b97d36d0a6c4415aa3d36edcd7e52255,654,336,725,642,355,77
0204489acbfc486dbdb02919e0d68942,365,19,639,600,487,77
4fea43e3c522406090bcc3e302857ab0,409,128,681,623,487,68
37def538aafa414b838f1f18ac7bd13a,396,128,682,622,487,68
30175fa502104ab88e7c98baf331e795,412,125,679,624,487,68
c896c8cd07ab403dbbff451df2ff55b7,366,19,638,601,487,77
55020afcf7a844aa80348ecbc95a0c64,366,19,637,599,487,77
0a395bd9bf0d4048a162b2c826c153a0,523,331,904,544,1237,82
d36efccf75fb4279af671869200739ee,281,377,990,703,1237,85
7444f39ae2994a478851f377e6fb00d2,281,378,989,702,1237,85
a35a099b8ad04cdc95c8aa712b3595a4,521,329,906,546,1237,82
36206b77f9224cd0a19198fb0b93e642,520,330,908,540,1237,82
664dcc614f3543c09b663474aa5c1884,282,377,990,703,1237,85
c15ee2d1850f4b7093dcc2131bea5934,526,299,503,406,878,89
2866f35cc4ac44cdb4340fbf0333052b,705,455,565,366,878,90
3b4c9a892f6e471e8fff61a2aef8d577,570,336,546,411,878,89
7a398b6a2ae64a46a38a4a3c2f611158,695,447,468,511,878,90
14ac3aa1216a4f42994078e60caf53ca,537,274,505,396,878,89
2acef0d6c96f4029bed4ee21b1557c45,693,450,470,502,878,90
a32ba6154da64b459eb146cae42193e4,148,260,665,431,4,15
14d5a9fc8cce46b19957eeada24065ee,146,257,668,429,4,15
f2bf07d8f391428d838f881512c11c59,148,271,666,428,4,15
bf0c7ca1feff40aa9f907fc039622af5,632,82,596,524,4,1
44c452a6382a4423a9182b908e6e7df7,635,80,597,525,4,1
b0848d15aa504999aad8f3342df7a4c3,630,83,598,524,4,1
e47e2c83d25441279e040183d037472f,695,152,806,631,808,48
c9373777b66444caacdd16a92f3e3bd4,552,336,845,652,808,19
ef407c125b024f478300f29f3f147033,553,320,843,667,808,19
842ad22313f342859a1af9c79b1bccf6,696,154,804,632,808,48
d79c1980053b4ed8a36b25aee6348506,551,338,846,651,808,19
ebceef0f111e49b29ec1943f1a6c5794,696,156,804,630,808,48
ce40489285bb4fbd98368d0e1e61d3a6,260,682,535,334,949,59
2ec564ecfe634712b6a78ac43d452c4d,323,133,408,337,949,92
4e797cca47b74afdbf2a909b3e6af571,261,683,349,334,949,59
d3ee77865a3f4eec947bc39999e48822,323,134,409,335,949,92
1969efc012234586bd05beb6d6aeb1a1,1035,354,694,423,150,43
698fa2c99b934ad7ae226e036cb564bd,761,389,453,492,150,90
11b0cc3c380344c2ae15d745c53ae3b0,528,276,747,448,150,43
56c25f4e8e2946eb815cc6491f2fd7ab,760,331,455,498,150,90
575c89d7ca8d40d08b13aedaf2ca5fb9,619,339,496,462,150,89
ff3fae0b07f3419189741d9b799065cb,620,394,495,404,150,89
46f8bbba61f84feebf7f2910565f040c,621,405,498,404,150,89
2297f6d9871c4462a688860c73f733fe,1001,352,702,436,150,43
2b1cf739d1aa43c7b0ede502b30fd2e9,1002,327,870,464,934,87
605f69da48a54e36b8e4270e0aed1e24,250,392,1064,513,934,7
166fc84e6a0b4378bc08107cc9df4d7c,245,379,1052,551,934,7
5c11bb2763a346d197424e3dd1138f45,1001,326,872,463,934,87
e8cbd55a363c400ab8d46fc326dd05e0,1002,324,870,468,934,87
9af78793d56640e28dc69ba4757e143c,246,389,1072,538,934,7
94945598ed5d4204be76594b932b1695,79,26,666,477,816,39
509c9df9dfcb4509a5676437750ce388,527,53,544,685,816,73
9176ef255fb8461abf0f72d07d87a267,80,26,666,479,816,39
c95ff4142b264b93b2d13692a66e074b,528,55,545,681,816,73
5489c5f6e7394ce9a53d892d3fa0fc75,121,57,684,490,816,39
e4d3adf2be5e40ca89d017fac2f6a5e2,510,50,563,682,816,73
b08c42632c1b46abb523f53665b0604e,635,534,510,345,923,33
af0398c393b84f449392d00d4bdfeab2,1,278,792,440,923,59
842e97350e014534be291a3beecadd3d,631,535,516,344,923,33
120c9a9cd413427dab54c65c16e491da,0,278,792,442,923,59
ecec80efbd9e42b9bb4c319d942a0dfe,636,535,513,342,923,33
f58426ea50a84c20ba9281497f4fc757,1,279,792,442,923,59
a0ab59619ada46489cf96e8ea947d758,897,415,957,517,233,90
903b0b61761c4126a05879ea0a183139,0,421,388,332,233,89
8cdbdd448f3a4772a011f05bd419b443,0,416,389,341,233,89
3f6c6d6bb17b4d5e96947eb61c9f76a0,0,420,388,333,233,89
0fc6fd6d6e434764970e8c2544c50319,951,407,920,509,233,90
f18ab39ae20d4379ba65743e95264cee,825,409,489,395,116,72
15688fbde4284f0f9a4bc54f3a04a4cd,1282,223,637,376,116,92
ea35c34c61984d62a3c886c3df76853c,1282,222,637,373,116,92
9aef4ff8b419400bb51a01fef6c818ee,1283,223,635,378,116,92
639d396c1c584671a79eec69f735bf8e,401,382,442,383,116,29
a1f77bde9a88483bbd20a4b090834857,678,446,800,365,629,90
a7ef1fce28634df6854930e48b78092f,148,296,586,337,629,43
d50f34bc48c742ac82b9d224fa6435e2,553,329,727,375,629,43
77fb8dde4e5045a69d241784c08af7c2,146,296,588,336,629,43
dc00e32e74144cb497522ca2767f1f6b,703,445,776,362,629,90
a712bf5cbebb4618be2711b018d72766,1417,193,501,562,774,57
ed916d6bf0584b4f9d6520e149fdbb5a,973,141,865,515,774,57
fcf4dca02e8e4354a1c9b9fabdd1719f,691,381,659,445,774,54
6fcb0b798dfd43bdad0e3e567f6d00c9,702,374,653,446,774,54
6eee0265bff34dd69c18bc229a4e30ca,971,144,865,512,774,57
2e816fb3519643889ac9f927d9f9c56d,699,374,661,447,774,54
66522fbcd3324433abb0adcab3ccb072,79,312,638,389,50,94
fac4dadecbfb4a73ac98ef45b1af1cd1,80,307,638,395,50,94
7a359dc628114defb7fc51554ca3ad26,552,517,675,538,50,54
5f0ad3cb7c2d49f082bdd4d9678e84de,551,475,671,575,50,54
901259ca6c1c4a90aade698147433bfc,82,309,637,393,50,94
affd460ac7cf48ba811bce1e6bb71887,560,475,675,579,50,54
1465b23cb552455897f6800e8a6d0e1b,55,298,745,303,107,43
49bba56f920147debeafbee5e60325df,1255,375,508,426,107,89
fd8b7c00b7364d6eab1d098263d96711,55,296,745,306,107,43
050fb43ab4bb40a49434d3df0a9c2b2e,61,296,743,304,107,43
0eb5d1b856c141d194cb02cce9c4e2c4,1256,374,508,426,107,89
7812891aad434287869e8f05bfe988f9,1255,372,508,429,107,89
d4f59fa70301442d86425bb9990e46bf,686,464,569,402,111,90
938055674a334b8f86650d5313b30b3d,686,468,570,417,111,90
5b95b33ecfab439998b34138562c68ae,654,404,615,451,111,89
725a82ce9aee47c2bca5c2679ad15079,657,445,615,446,111,89
c2acbd4ae8c64cd99d847e50e1f1a078,655,394,615,456,111,89
a76417e515164243a58d20727e5244c3,688,431,569,394,111,90
711d8e0994664c9ab915a122e381f791,608,445,688,447,650,90
2d7ebe86d90a495d855e2661d80b4e80,392,394,509,351,650,89
b63baf2985784fcba80eeec10e955719,608,447,688,445,650,90
1e6693fbf2d745d79ff6bb623f6f316d,609,444,687,446,650,90
e51e2489b59948ff8ada2da473f2fc3a,393,396,509,360,650,89
b9bcfa0ac3cc4f15a2b1fe3e0842fb8a,396,371,506,374,650,89
7f4fe0f72c6b405d8aa268a3d212128c,653,146,322,251,1353,63
7c5250ba520945a2ae4c97550418aa6d,625,145,317,254,1353,63
37e0dd0487c540579edaea12e5e565e7,923,537,800,495,1353,69
2f9fe43109364a919e584bdff2b7bb3c,924,535,800,496,1353,69
ed9efad4fa0e4c4bbf066c3c31394191,924,532,800,495,1353,69
0e4bb33ef68b4570afba223919c5e84f,626,143,315,256,1353,63
2fe26b08dd2a4928ac19d01d49a92d39,258,371,783,381,765,90
05555f0ef0864a28901f50ca77380738,1186,407,708,425,765,89
96bf2f44235b4fe39da94b525238b55d,1186,388,709,425,765,89
77bbb9f1551e4b2c946d07f6c5dad087,255,370,757,387,765,90
4686907331c9416d95b6a7cd618de06c,1187,418,711,417,765,89
aea3bfb0bc2148cfa166fc320280aba6,257,369,747,382,765,90
7c2df585cf564188835103113bcd2085,523,286,777,658,727,68
18cdfa04a4884f0b8fd5562094c40cb4,390,337,476,468,727,90
f2e3dbd57f564c7fa83f103d408e7bc1,587,262,758,658,727,68
7600f31e768248d3af8acc4bcfb655cb,530,287,762,658,727,68
4cd1ca0617a2400bacb13ff01ef73a7a,389,337,479,469,727,90
6391578e8eef49ddaac233d50296f67a,394,336,476,470,727,90
89667e1d16d442c5be23ea04da6cd4c0,714,18,449,431,707,86
f86fbb195996443aac04585927734a77,384,388,876,692,707,48
7dba07eff9e64b4dad8812c29fef620d,382,390,879,690,707,48
f3ae1dd3ae1945269c099a3f3cc043c5,715,19,450,432,707,86
385140e7679d427293393f7639a01826,715,19,449,431,707,86
32b564f3f00c4c7888f60e0c129c624d,384,387,878,693,707,48
be639f64ae5140abbb2eff44be6b6651,726,156,364,408,1222,78
86b2edf9aa664c84a8b466fbbf3c2fbc,725,158,364,406,1222,78
61a0747aab2c48efbda90478357edde7,0,207,862,530,1222,27
cb242ec355eb4827a903ac24248da099,429,209,888,584,1222,27
89dacd2cb0be4b2fb92816093d1f03f2,726,156,365,408,1222,78
84337568eb5c48d5af05b653959dd02c,1120,99,754,475,1222,27
ebeda665972045daa73c0836258e0c41,609,275,483,441,994,90
f82f308b9a47413e8347b85b78862bd4,609,272,482,444,994,90
4d88cd31e25d46dd9333661af33a69e1,498,242,802,468,994,43
aa0ad0bac6ce4df89c748943b957cd16,498,205,803,505,994,43
67e771313a6e458dbd706e8ff2063894,608,269,484,448,994,90
798395e7db2d4eecaef4610acf8c3a62,916,266,570,431,1080,69
4909862ce4e747389e0411f6b142f560,295,443,735,510,1080,91
7c0137938d5a4d51b35713fd16c5cf18,422,462,775,538,1080,69
353cc66a166346be9b6d1f3f17024b05,315,434,822,491,1080,91
b38404400c9b4a8090b7975455b756cd,841,472,356,272,1080,95
809f43c9b407495b84b8d20171bedd73,847,458,354,271,1080,95
a0c5985c23e544ddb4c97414342f5703,849,458,353,269,1080,95
7dc2d81063e547f089a2ebb9ead90d80,0,0,1053,687,19,67
15506dd1353340669b73769a3f5ff286,0,0,1053,690,19,67
b42d27af59eb46ab87795cd85641ab88,424,0,971,956,19,68
d980ebfea3b54048a7ddc04d9b4c8e63,1,0,1051,689,19,67
4f4e24d916e84a29a13164a2d0f917c0,449,0,954,956,19,68
7b57671cddf444e5b8c48414a6f38309,1257,464,652,422,540,90
7294a4bdac5d46378e2e781259adb5c2,42,234,665,436,540,43
0f7e7d72a596435cae6572a106cb31c2,39,234,667,436,540,43
1398a279681647ec902e3e9616b7ff1f,86,238,621,442,540,43
0d3b96b3dbfc4139b23b74f435f81735,1258,505,657,379,540,90
93d6d23a8b4048d7a0fe13ba8b41c35a,1324,508,585,376,540,90
df9b21c857224ad8ad424fa041b3e40f,904,367,493,349,924,89
2c0c14290a4e48778c927e0bfb5f43e4,904,367,493,346,924,89
4a76c822118443c2808ef7b6da40125b,141,158,738,453,924,90
4430aeada3244c88b04d9d69226d2565,902,368,493,348,924,89
b4875f9df85a4800b49e07a9115376f6,301,549,932,369,1097,7
2f9adf38847a4a8087cd7bf154e5a2ec,584,492,683,368,1097,87
836205998c084dbc8ca6a2f123f68aa1,0,493,790,322,1097,7
b8b26fc92d3e4a2bb84ff7cef5afff5c,302,547,931,370,1097,7
8f3cefd9c38443f38a7c0c160582287f,583,485,684,370,1097,87
8bbaa60e430c4440ab40df7f3df4889a,584,483,683,370,1097,87
8e41f3db067f475b9e70cbf54a8189ba,484,323,871,553,863,16
0f61cf25283d43ecb03b3a79b295b210,484,323,872,553,863,16
1fb80bbe12de44c29302848171acce3d,492,343,659,538,863,40
c85ee53fa4d34e0890cff1f687e458d8,489,586,761,492,863,71
edc44cf02c114bdb889785a18f1916ec,488,306,644,530,863,40
9fbbbf0899ac405eb8559bf577687065,538,348,668,548,863,40
b3519e1122734d4d996a9669c416d700,618,540,558,443,1178,19
6fe521f23cb942de947c8634ec8d7bfe,413,226,888,642,1178,6
bf02b455f45b4c1bbaeef7fb5d4bd307,193,297,713,504,1178,19
4d80c464f3404538b3b181110b9155cc,612,546,527,442,1178,19
c2cd6d4c79a04f4088954a966900ab39,419,229,886,638,1178,6
7f81e15eeb39447eb44cffa920bc3f86,200,251,811,478,1178,6
1defaf2d048d46ce9dfdc3beb7ece76d,737,259,456,371,918,63
2dd9fc92eb8046649c37f8f6c462fa6c,527,152,541,401,918,83
f89e47fda3624347bacf4a371420ee16,736,260,456,369,918,63
ebfd2d8c85274c589bbadb62885f5c16,528,151,542,400,918,83
7a5ebf58365143a5b1c1e3f776d1d54e,736,260,457,369,918,63
8ecb434a9edf4b269522ecf5af0fb0ce,531,152,539,403,918,83
4ade5b1fba594b48957e737709fdd14b,481,94,671,596,956,45
fae955ca180144c487a8a9d3cfc6b777,325,83,854,603,956,45
90aa49a05b70497b9e8f8428b2d56aa0,480,92,674,597,956,45
ebd933caa4d94092bc38250d6b725879,154,294,634,452,956,1
a07421f1ea274e45b41f50e69e1ab2dc,150,304,708,452,956,1
00dd09939f9d44de901760c49e0b5094,141,305,718,452,956,1
26e4a7c4215849079ca75eb4f1f0d734,450,81,749,702,455,82
9fe4c9061cd64cf199d03d7a0ae4b325,434,79,764,704,455,82
3eb16aaa29f043c08ae5b54dee7d9725,142,137,565,429,455,19
55b72c44a0c1402b874bf14a8b2d5676,451,79,749,705,455,82
0fbdcadb4f4a4d3587e409bcceee1035,632,254,838,606,455,19
4fa36e27057c47d1a67ef08b1eddf0ad,773,48,869,722,455,6
d4db1620ab314df49d1c128102eccede,630,256,842,602,455,19
42c3e883586e472f930129cab9250438,1044,0,790,649,455,6
d7486acdce9f4755be604e742e8ee145,635,634,683,442,583,80
a5ac6dc996694ec3bb253b1f962c3fb8,633,631,683,445,583,80
a9945e3ac3fe41b98c2da90da5d67d2a,912,420,559,548,583,86
f92fcbaa3ac6432e995227e0bb3b02dc,207,655,642,356,583,59
ebf0e8d60a0449eb8632b468a327f820,751,339,355,298,583,42
f25206771a6348489939c8fdb5fa06a9,752,339,354,296,583,42
facf859ed5e34fd2978c19cbba2c056e,214,658,635,353,583,59
8053e22138a847e49385c3ee4f72fedf,915,420,555,549,583,86
7d120d655d3146c2859cbceaa99ccc40,626,225,504,436,623,86
116c493e71324b7aabd64667ae6fc73e,700,203,566,579,623,64
8cce315a9799468d9593586cfda00bb3,698,191,567,601,623,64
39cf432c619a406f8f95c1d50395caa6,700,171,564,618,623,64
38ce4d5389a247ea93734ebc9b77a13d,628,225,503,436,623,86
158a43d324ec4ef191b3ff0875316a4b,635,219,499,432,623,86
04fb2ee1877349ddb21df94c2b600cf7,359,403,804,464,1466,7
0a7d73c39a4c4174b2894057dd3f74ab,151,239,723,464,1466,69
39a30a5e5dc04f87beafc7b4c51f86c1,364,402,799,461,1466,7
d7095ed81e044147b22deb5e24abc374,618,394,614,494,1466,91
7cc7b32451a64bf9a7ee7008e1da4fb5,364,403,799,461,1466,7
38eef0976a5e42279cd8942c47d58744,396,217,684,564,1466,45
4c3519439f6c4f9aa67f6c785770dfc5,618,393,617,493,1466,91
20989b84dc76437fae42cafa68b02593,155,241,860,464,1466,69
4e936b9d60fa4025a7e7743a414f6ef0,660,143,406,371,694,86
839121f7fd1648f6b171f6f2142279dd,701,223,737,582,694,37
b80de433c7c446cf9b95c1b2d174c20a,677,144,411,365,694,86
de780c54f80b4a20b9e215c1b337319c,700,225,744,568,694,37
31eec009c0b1463ba66a1c22f1b52c8d,671,144,407,364,694,86
9b5054fc798c438bab8bcc46b3ff7d69,706,225,737,580,694,37
c9c5b770aa1144c4a0565b70df74e2da,1030,271,588,539,255,49
26f6b7149adb45e9a1e5dcb09547c57e,576,246,803,622,255,49
ffa26b6d7e93456ea69732626ae8e9d0,548,354,575,474,255,40
b0bad48de41e481887a67306ace3ccb0,757,436,544,453,255,63
d40a0bff7d0c4fe1acfd794353744155,549,364,575,463,255,40
f20ae2748a9343a8b2daa47fbf480983,817,470,501,470,255,63
513a434cff8c4a0b8167c94572305b8b,578,253,801,615,255,49
ceb42e7ce982453d86324532f819b17a,819,465,502,472,255,63
c7213a7e7ad94e7e87ce7a222dd292eb,602,341,722,550,1344,82
6a38f391972642bfabd41c2fa039c452,595,345,719,544,1344,82
338777ca5ce74150aefb36ca21c49d74,192,305,673,394,1344,15
04ad5a7c44af4c0eb130fba81632a127,601,339,710,543,1344,82
9a4fe29c386f4204bedafda0f87b510b,192,305,672,394,1344,15
559e9f3fa3934a2192918791215ac6ee,154,308,711,391,1344,15
7d4a9dfc10b94868a3c17247a75e2027,622,357,594,621,966,13
1571cb26f7f645aabdad9656fed4135f,292,587,965,493,966,68
80ae4d7f56a142d88c95fda7cb9b9d5b,803,248,522,476,966,41
58c9cacc3fbf427e9adc8b34bc7ed243,833,240,487,495,966,41
dc8579d65d1641dfa8e69ae778299c6f,621,361,593,617,966,13
3b6b65464aad4c869825b9ca0c06bf49,733,66,433,450,966,9
67e658d89f7e44f2a1deeca8cb715a79,130,315,619,394,122,59
3ec359b328074deeb3a08f05fc45753b,129,310,619,397,122,59
d5110abe882f4001a5c092f614b19e33,1175,92,744,548,122,23
61056aba884a4530b074d39d46b46dec,1175,91,744,547,122,23
85a89d63081346c9a838dda6b3c98cfd,129,312,620,395,122,59
54827a99a8184ae2ab9740a014b12254,536,363,788,438,227,27
79a20339878e490ab864be9d2d71c9d4,1245,317,502,412,227,90
2c42e33110ca4e93b1f7a4163f8a044b,1244,287,500,417,227,90
c8c1ad36b5c54c368fb40a47bfd2d620,536,360,788,440,227,27
a9c6f9ecfffd44c19c411eda4257623f,1244,318,502,417,227,90
72b4e8f5905a47ff984409d788324ea1,538,359,786,442,227,27
6b2aa378d6074e82ab35cd6c1e7148ab,36,160,527,355,67,19
6c78bc024a4f48939f346c67f8253b62,0,323,1158,757,67,6
505e86e3b0f64d4f9150e6d4123b5035,700,533,1006,547,67,19
1a730c6747054be2a8dcbfa49dc58422,36,155,529,360,67,19
19472f835fa747dc9c352cefcd8c8df3,1294,15,624,482,67,6
7cab0ca30ba7404091cd97424839b05b,0,323,1159,757,67,6
79c71846fb8844fab5f57678a7aa31d7,969,0,575,581,16,23
b10cd4a86da946d490ee5968bc755b55,751,65,615,650,16,23
7c513fb9cf804731ae081d51cd493486,129,133,430,439,16,76
d3e68ae3b62a4a3ebc641c782ad03795,151,127,409,439,16,76
09cea991940e4b0f899f0b5474dec92c,133,126,428,442,16,76
5206b12196d044d2b1d9ab5fda35988b,818,284,508,434,680,63
c98afaf8b06e437fb127f5743845e5e5,0,115,437,369,680,20
bd32513a14254a75bd09eeb0131b5797,0,114,439,370,680,20
471a0ae3e86547858b91298e6648f9b9,820,340,508,432,680,63
a4c978eaff21448994c2716907de3ca8,215,338,1078,742,680,85
26d4ce8dc4d14d1d8e84784d679d4673,880,225,536,542,680,36
24a7e7a6895e4298a8ccfeba81c4ab51,1267,458,543,417,242,89
a6d4623a474a45819db4f008930e49b3,1146,38,726,528,242,24
583c0e71886946cf8b0d05560c35a827,1145,448,671,449,242,15
691342b4dd14455ea0b95b2fc811ceba,1065,433,748,429,242,89
108340ced41a4176831642a5a552c59d,1116,26,758,531,242,24
d12b4252f58a424d8efd414ca1004dcd,1187,50,680,525,242,24
eeace42f173a486098fe0063c4c22d0c,693,414,568,442,242,90
9ff5088988ad4aa4932b40ed6004ff4e,113,391,551,401,242,90
133bdff833fa4e97ba2b2493b0a8cb4d,1166,395,753,490,258,90
b105e923e38449e79b8a2f1067d6e776,1166,395,752,490,258,90
2ae3cdbe314f451ca17653fbfaea7f2f,1166,395,752,490,258,90
9ef99379ae5142b593350293691d0441,39,425,702,409,258,89
89559d8fabd14240bb9741fe352e23c4,52,417,706,415,258,89
1d60c75546e44072ba5c2ce20c2b3035,39,423,698,408,258,89
ef5dcd94825f441f850c775c545e2199,590,328,623,573,1336,71
ed6b2020912945b785709559038a637f,442,208,751,622,1336,22
14eadbc34ef14f938c5141fb4b69fff8,387,222,805,618,1336,22
a268f35c64c24124b6100a07ea4c881c,165,245,713,460,1336,16
aa78654ff8774a8580d7d8edab37c6b6,312,96,678,496,1336,38
7f66144098ba41fa92efa48d1d56814b,75,0,585,374,1336,32
3c3c2528634940bab51962ac49570536,119,231,750,453,1336,27
13b3f796ec7e40eb8291cf9d6eaaf133,165,257,713,462,1336,16
51a1dd02453a41b2b71e1be57628b913,1386,393,533,481,537,43
5c3e398e1af24a8a8e1a495dec3ce97f,1386,394,533,482,537,43
fec56998e8f7487f8de14957ea769fb1,0,470,501,451,537,90
7f3f20d43b2e436f91465650f6466a7d,0,471,502,450,537,90
3d5b8613680045b69869f475bac244a3,1385,397,534,478,537,43
45b83e7ee23645f589a9736fcadb5761,1263,527,500,394,1136,90
900cd9a9acac4995a445f72987b374df,1261,527,502,394,1136,90
d39d1f38b5f740c6802a529814d77923,1262,527,500,395,1136,90
29aac2c6e4eb47fe99d4a5a26e1cdb87,1279,409,514,430,1136,89
770d98e9eadd458896684fd85b48d321,1278,412,513,428,1136,89
24cb4c2da31a4a668ec21b9e9f709bed,1279,410,509,428,1136,89
2355a990620f4569b34edcfa66e9b888,494,344,772,506,327,40
b93bbe39b1bd486c830a90ebe5cee82e,493,343,773,508,327,40
78d781cdf5ad427f88cc2bfb18562e09,493,343,773,509,327,40
f6854310c46b47e1a78036b61bd398ab,451,509,663,567,327,91
b14ced72c63f4fc3a7a68cf3ed6af4ff,438,530,666,548,327,91
980f5a11beb84a458e0994a05db3184e,206,296,865,448,1108,1
75453bc1b60e4e2c9a71f6d69a4c89e0,366,314,888,469,1108,15
d9ff19a9e55e40158e9f0bb75230cda5,553,324,788,475,1108,15
bb0b90d0b393424984f03335ef3fcf23,1,305,686,523,1108,1
641e7df1be0d471ab27b0a262bd6eecc,774,411,966,474,1108,1
60702bf48fd6496ab31549a82878edf3,551,321,790,478,1108,15
67b6ba36a5ff45ce8659394d052e03e2,671,366,557,516,1255,89
96d32ba664404d50b54f9c9d63ed6f88,429,391,527,468,1255,90
1f8315d481ce4bef93952e0a04520ecb,647,375,574,507,1255,89
9e31366b53d341369511fb080c060880,670,374,549,514,1255,89
a65bdbff54ad499e8dd2274c33767ed4,426,391,529,408,1255,90
c2ae18e96cf6445d9554e177ee55461e,466,393,487,416,1255,90
0e9babd430ab4702a8412ab7afd78aec,1154,323,649,397,75,89
03c0c978495440559870a82bb60e8451,374,390,527,407,75,19
231538a8fff24324b5f95e5b4aee1f03,1153,342,647,403,75,89
7413198f11e34533838d32e7504d2ade,909,143,712,509,75,83
1c85af6c4cc0495aa19156beb8af6719,861,284,729,557,75,33
2432dc3410ee4d268a6c4ae85bfd0944,374,383,499,415,75,19
7c0f9e879db24824b9ee2bea07bb0a60,906,145,715,519,75,83
fb551ce363e64fc5b3bfaacd8e614344,911,144,715,516,75,83
66b12faffeec42e7bac0ac656ad1ba96,563,248,665,609,782,77
e44e44b734d04be584d20bfd283b349d,563,249,665,608,782,77
1daeacf73dd74b3a9a0365aee9686739,829,4,431,443,782,28
4ef6085e2c094ba0bb9e2405b512397f,853,0,391,443,782,28
48f0e2ead84b4bbcaad5ac1e8a54d457,852,0,429,452,782,28
2a069c39f57b439bb8155b6c1ac998ea,646,209,626,621,295,89
5e389dc2a528466fb2c87512041f12ba,537,364,967,555,295,94
99854cf4f9ab44e8996cc50dedcb670f,551,228,906,469,295,43
5a80fff2b8f94ed0ab80e6086433e434,661,95,337,298,295,63
97434eb9aebe4b8282a6220316ff3500,701,399,1092,605,295,94
4d47b5ec7f0447dba56ef407f2e780da,699,398,1094,608,295,94
973c4cf7fd574598a4b23d57d7b4d38e,661,93,333,303,295,63
d4768d0fa2c646eeaf6d02569b336399,552,231,904,465,295,43
c953a73c74704c158517a4c9704689f3,637,518,660,406,1503,62
513d06889e484ec3b4346fa38679985c,647,514,649,406,1503,62
6cc7049513304bbeaacf9e368d82ca6e,182,187,803,500,1503,24
df5b3f7df19f4eebae8bfda2060cc24e,751,441,772,549,1503,24
495095229aca434daf13ea33340b9bc5,569,528,632,405,1503,62
f9b1e21f2b7c45478980347db05c8be8,705,193,682,501,1503,24
8c786a6ac9084ec18ff114752094c23f,616,429,500,466,1239,90
a68b6d1d57a349dea85b20b605006443,616,356,466,371,1239,89
b7129012663c4340a9471e9bca097d0d,616,429,500,463,1239,90
2e4b2428e081495993927b6dd3486de2,615,427,502,464,1239,90
7a5ceca2351c404ca55661a4918cd452,615,356,465,371,1239,89
43a6ad4ddba741b3afb7aabb8b3da371,616,359,462,372,1239,89
b7f109546f3e447fb87515f35d202127,848,148,307,285,1368,17
940aa08379b94a8aa3e82d0b50a95dba,636,542,630,538,1368,84
7341027951614dd988c902cd11c89d27,637,515,658,565,1368,84
242ecdbe127a4ba79a318c333de8bd44,636,515,647,565,1368,84
881bf46c584b4b6db875905901c99790,117,352,657,438,1433,90
2b13209604e34246a66d16a9b2efce9a,932,323,496,374,1433,89
c1e3ca8f9b2c4ec59e4efbe87037879e,114,354,662,446,1433,90
4d5de53a079045a08f29b6392041bf63,932,318,511,381,1433,89
2f8bf6c15b11426ba7ff77641e897e9a,115,352,660,447,1433,90
b7b2a7a1f6fa488c9d25939a09a01c99,931,303,502,392,1433,89
da7552bcc2c24a73bcf7c0af907cc8c9,490,307,605,508,705,20
465ec7faefa54b64bcc7e3204c5cb4c3,490,314,607,505,705,20
d034e56f6ab24765a25f88d4642d420e,379,380,897,539,705,82
ae6bc813bb784c949cf25f3c324c37d3,491,313,607,503,705,20
44dbb346887a4b28bc50c147aae5d781,1310,263,476,325,705,85
bc45a47e13bf47a992085c43661cd217,566,317,607,585,705,82
9b95dc7a2640446381e2bb39211bf3d0,379,380,896,539,705,82
a3dbb597ea7449658bb201595ed344cd,1308,262,477,323,705,85
15455160a3284850badace1186e014f4,357,558,639,522,739,12
c11315b6d8a1419380b31a5bb537e597,356,558,638,521,739,12
53674b9b4b674fd8bd38ae30856f41a1,219,247,751,412,739,51
f22db70382964be38a762c642609db95,357,561,639,519,739,12
a1e699e7d7ac4b528b5715cb0b0cd5f5,253,248,750,412,739,51
cea9f2e62e9347a88ae8961fbf986911,253,247,747,411,739,51
67d04391afdb4983bd19c833e64bb668,650,235,531,648,1280,89
8c871dad1fc74d45a18aed861fae5443,649,234,531,652,1280,89
c404defce42d4590ba091e82245aa373,628,236,550,653,1280,89
e0d0d28492e04d9daa4aafffe0cf69e7,652,0,562,612,1280,77
b7df9142ca4e4d52902384f4f0648406,165,232,582,378,24,19
9a36084f91414ce3908fe2daea281125,734,256,716,676,24,6
eac25a2837d04f7e9e1a5bd4dc8c9f16,167,231,580,379,24,19
bbe65479307b4521831b105f33feed82,284,244,608,390,24,19
16242516365f426797c7b7ca320725d1,506,224,912,656,24,6
49c2e2c877734253a217f64954575d33,732,259,720,672,24,6
b60a84a8b21d41f79afdc54e6b8c3636,876,128,404,465,1110,77
14c52fee69cc4ae3a8666d34bd8bc7ef,160,258,564,444,1110,68
a154b7e542cc4f12b353e79cde3419e8,876,117,413,473,1110,77
9066be0126cf48f2b649c8ea0e9eb7cb,874,143,407,450,1110,77
bee70e100e2b404ea294a1aa1f19f2e0,161,259,566,445,1110,68
4859f03492fb493dbd0df2a727ae6d21,178,265,563,440,1110,68
85fc1c12d3fd440ebb121520976cb43e,758,203,344,277,496,63
3ed4c3cc7f894ef0b55e9567febe21d9,556,337,645,526,496,55
d798965d8fa04306945847ca841aef31,556,337,645,525,496,55
51417d39c6324252b3fb0d95b0692cfe,644,112,303,239,496,63
e85f5f26e70c4d5886f8dbf1c7d9d7e5,757,204,345,274,496,63
c3c7bf60b1c2432689112fb9d83239e9,242,208,553,398,496,82
43425da0e50843c5b41e82348eef485f,717,464,724,497,496,85
7006411be2444d4ba109a39cf4e72bca,543,476,644,430,1161,90
b6875a81ea6d44208e20ac18a59a583d,118,257,720,613,1161,90
1200dac370314a6eb92aba592719d99f,726,375,627,453,1161,89
d55f5fe98b2a42e2b6db574fa44a2965,729,376,625,451,1161,89
db642c4a19274ae9ad941d7e1e7e14e8,120,257,719,609,1161,90
d3fb5901eae14837ad0677b30da62dec,725,378,627,448,1161,89
a3bca4c6acd14264b1756fda78c55209,770,176,601,547,810,42
d3ba8f4aeca640b3bbac9b8eedb816fb,338,335,814,640,810,68
bbea84982a8748239626c8252ba2812a,777,173,587,552,810,42
2ba63489d182441c89ac972dba0ba740,827,217,610,552,810,42
b50012a3f06b4751ab424ff7b9459b14,814,200,517,420,810,73
3cc1024774c44fbb9194f514d4e21e8e,349,343,814,629,810,68
e8ab79e0a0e94ca79a93d6af6dad3288,810,201,542,418,810,73
326ba7149c464bcaa85e9bdac9699e23,814,200,541,420,810,73
c8449e5feabc4e159966bd48ac240e1c,448,188,787,580,1298,69
43c92f8d1c6948328f06046c6b8bf0a5,450,190,789,576,1298,69
1d3654b274db48518d6f75b512e55ce4,449,189,786,577,1298,69
cb2dad8ec7df4f0c91d3a97aefd92b70,158,306,685,365,1298,10
2a09711475d942a0b725eecfa6c1775a,562,203,707,679,578,77
920e7248356448668e0acacff68a4d37,562,204,707,678,578,77
276e15b76b1d48519a846ea0090a2a54,404,40,541,524,578,68
66a77104aba7483e9d5d090b7f1ad584,423,34,496,519,578,68
a6d27124cb9142299b2c296f0956c0b8,533,193,687,657,578,77
ea2d8549270b4fea924db157e9b365e4,1311,282,483,459,284,90
0520acbda530492d953c7f8e0129209b,651,316,508,575,284,89
649f6c21909f41e8afde06370e46701e,650,308,510,582,284,89
61e63ea5622b49168a66267abbd94511,1304,282,489,463,284,90
ed89cddf50744c2ba2b44eedb4e5a0d6,1246,314,673,492,284,90
f4320d748aa4485695843775409f643c,811,0,411,417,545,26
fb9d2e6903ce447d81317f17986393e6,810,0,411,417,545,26
821a5e498f3b469aa7154e691576a6fe,810,0,409,416,545,26
5da9371771154a3f802917f806a410d0,485,66,675,604,545,38
6d8fa09ca92a4bae8c0915d483c59eff,464,83,680,589,545,38
af4f764bf3d14003b2af58994153734e,869,236,667,588,545,22
12d9961a35fb4396826df92754ebbaa4,483,85,679,588,545,38
09f1c1e5cbf2405e8e3b50757b77d306,868,237,668,589,545,22
78e82ff5cd484532883957b92f6d3d4a,84,30,887,598,822,6
1566d9bfc6b646d3b7f0b68bc3dfb739,228,351,939,633,822,33
7e250642d0f2429f94cd0fbcd97ce31c,680,303,558,582,822,33
f7ae8a8347dc4377aa83456e52e77eaf,228,353,940,632,822,33
406b8cb3fc3e493e852939ebd50ce22e,160,27,812,601,822,6
690f69046708429ba88d181b81dfa546,160,27,811,602,822,6
2d1c32c39aa3444c857f73c66fae02e7,337,243,577,410,398,82
186405d817e44d62a3ccdddd0cea3f56,756,447,677,463,398,85
00a5f6ceb8514f3f9e4a144370f6e018,336,243,578,411,398,82
68453e63eb094a9eaca36e772558510e,755,444,677,467,398,85
36032281f8fc4ca7bb8331a6784f6a2a,335,251,578,403,398,82
eded011404ee41dfadecca4561e3701c,754,445,678,465,398,85
6c9f64e9e9694bf5b40c4be36ba067fc,906,127,530,429,1263,77
f483fde9f6354fec9d8870cfb13f7a30,905,127,530,431,1263,77
d865849009264ea28b75618fc175c608,906,128,529,430,1263,77
4e5fb1303c534e4b909ed7af631b92f9,673,366,1051,578,1263,94
09af4d3765f24eeeaec20e8bba819cf1,674,367,1050,578,1263,94
c2bf4b37d85f46bda9de67ea132b87a5,672,370,1052,574,1263,94
cd6712e74b7f4341ac9c85c405cdcf9d,1116,694,801,385,1463,6
cbf7792babf0425f87461e0a54b309d3,1116,687,802,392,1463,6
63c46a7730834925b7be2d68e751d282,629,453,743,481,1463,6
9cd3195e9bbd4331b566585403afa2c5,222,288,1074,629,1463,74
5ec615b8d01345b894a5e6887c00c4b4,374,247,1078,597,1463,74
567308f1e8f54303b855efad0abda16b,374,252,1077,592,1463,74
f10668126b31410f8d554e50e2daf778,117,256,1127,565,857,89
c38c59c0aabb4738abd6c13c5641a9db,77,312,715,303,857,43
1d75695d71c849559ea1e7c4c880b382,120,261,1130,559,857,89
0a6b0b6417754d2e9fd7fe30b19d0cf4,120,263,1128,560,857,89
64395ea6cd34429c9c86a1409789eb0e,786,446,1100,516,1355,80
aa5fc1a62c30420bb7d829437fdd13b7,765,366,950,460,1355,59
c9dc6dc141134511af306e296ed91893,725,371,936,439,1355,59
774e795be6fb472684b6407da1e2191c,785,442,1099,519,1355,80
5f75e82c2fd24c14a9e3e666f49e73e1,792,441,1096,517,1355,80
46db4940540c423b9a6c3178a23019ed,752,377,951,461,1355,59
8d965941c5ae4a33b1ca86b710f8afb0,629,144,681,657,570,54
e6310018ef464cf79bb73c6c65b4324e,618,147,680,662,570,54
091fc6a09a204f53b3c94dc5d5d8d32d,89,373,927,593,570,27
dbf5de08f08141afb32f4ef216837323,61,414,647,428,570,89
b9b7ba3d25d040169f317da7881efd9a,82,407,648,436,570,89
bd216d0dc3404a9b92f7d3efc72be466,89,374,927,592,570,27
5660399177b94709beb9d60bb6c9ccef,89,373,926,593,570,27
bb700421b28846d6ae59acfe5bab5133,614,152,682,659,570,54
c582dc3db77042698a441d76cc856afe,570,373,883,484,90,15
0987c57c7c9741849c4a18d71fecd395,1099,281,426,381,90,83
ed88cfe485674b71bf354ed29c93c8e6,1097,277,429,382,90,83
82f4622142cd4c809f21f8ba0ee4cd39,937,399,785,511,90,15
f12103e1448741c5afd9e12fa4188d45,939,396,784,507,90,15
46bf836aab904a128d722ce1f6a3cb41,0,228,750,573,1102,1
eb3f7779eb0c4b788978d7d6f554027d,367,57,524,492,1102,55
de2358c6f04b46f7b9c512dded5f36d3,367,53,519,490,1102,55
630209a8c1b14dd09c0cc329b24b764a,1324,0,518,468,1102,50
62de15e037654307b242628f876a8ac6,367,57,521,490,1102,55
849334ad40e44f4aad259ddc522a5393,825,1,522,552,1102,1
b5850bab7d854288953974f04731d79c,717,302,620,447,1102,59
b82886287a5141ab89cfba3ae9abd23b,715,301,621,447,1102,59
eb274b31408a4bb7b8b28e6ba6f965ca,452,510,745,517,906,68
3f08c4c423984cd39aab187578f33228,464,509,741,518,906,68
a9f72e6fffca46898314706c1f5bf833,434,562,622,509,906,36
714d0ec5fa5c4c54b34dc3ca8ae80868,6,156,926,534,906,20
2e735fa9951a46d9a01826761cf987b3,529,410,645,561,906,57
c276484f0cdb4e2ca94276716985aa22,0,156,913,528,906,20
531aa1d972a94f9180849edb46fd9dad,529,409,641,560,906,57
d71a83c6cd634fb9ac9b9ddcec30e4f4,405,583,535,495,906,36
e616eb19319b473ebc35e8bf2af9d468,929,60,362,371,1265,13
18f69b56c4b14c6d8d27ffc23099654b,681,61,611,592,1265,68
c0537fb1c2ab44b29d7060a586b1b6e9,753,1,663,616,1265,13
29bafa099f98441fb72a4510f68ba59e,729,72,611,596,1265,68
24cca71aea6b4c79b2dc798a465b2b4e,631,229,753,594,1265,48
2058e2bddcba4859b37fb1ec725290f0,631,230,753,593,1265,48
7db8de4eb7524316ba9123001a7d8542,630,230,754,580,1265,48
676c67ccd48e48a5ada90282c55512cc,693,11,625,606,1265,68
0d6ebb17c5864946a54b637d7e3e63af,66,301,656,331,786,51
7c48561cc75e4a97a2e7a0ab7e152ad8,614,456,522,427,786,12
582d947911404f71a8c5dc739d2281e2,49,301,655,334,786,51
4f81b86cdc39423987938ec6b2ef5b4b,604,453,522,426,786,12
c30a6fa434d845eaaf3ca909866afa3e,41,302,656,334,786,51
5a119a38c4a74f32b02cb7714d39204f,603,462,519,420,786,12
1df655160bce48ec96909eb1b2de560b,1347,411,572,479,1204,43
6eddd7c5f67d45e2bed3d9cf25ba2793,1,533,632,392,1204,90
e9f66f92006248b486e7e75bd714a05d,0,535,635,390,1204,90
082c884ac15d4e53aaf330666b5f2de9,1345,404,574,479,1204,43
e2c359e3467e466bba59de357c5054a6,1346,407,573,483,1204,43
66b0916418ed486eba7605fd438dc473,948,264,769,564,1408,90
d0c9adc7bb2f4dccaf6ae3404a231e2d,251,229,593,530,1408,89
557582dce69e4d5a898e49cf15600b96,252,226,593,534,1408,89
74fa32c884b94fe9b57f7d00728ceb12,253,243,594,517,1408,89
61c3b4e059514963bb69871823534642,948,264,769,563,1408,90
fe0a10aad6d24b36bc414771e14864d1,949,262,769,565,1408,90
6cd709736e9541ec9d89d510b816d9fe,61,434,577,432,921,89
bdc007e8398f41ea8b31201fa088598e,1252,451,545,463,921,90
cc1e8d7bb8b64890a2d6efd84d6aac30,1254,394,545,467,921,90
531be37fc4d848178bdc02bfd14806fa,56,431,581,437,921,89
995adb6cae784e26aa686ab961c2c70e,82,424,580,435,921,89
020d7c83cb1b4f7b90163d21245e0214,1254,451,545,463,921,90
9e425bd72a3a4b3fb24c6f59c44a5565,775,103,870,664,1459,68
1affb42f90124e54ba9c249222af7afe,751,105,868,663,1459,68
1f0271213a5b471489dd13fb14da5b42,408,280,660,730,1459,36
56ee2e2cc0c24784a771996fc747cf2d,775,104,872,663,1459,68
613b9c45f0de405fa2362acc4c7729d9,534,351,348,415,600,85
8f89197765d7454fba5b1316491fac7e,635,341,840,541,600,85
5f0b28f932b4492c91ed6e540f7776bd,946,400,571,387,600,11
6f78768d44df4346adda3bfc4ab6e846,279,212,671,538,600,82
9719a9c45d664deabe678a39f647125a,635,342,839,540,600,85
5f9e6738afc84b8496d5afef2a1986cc,707,381,613,562,600,63
b70f0a39763749a199c22c426ff10328,428,488,588,472,600,19
3a8cb05a406241d7abfbac70bd06bbb1,538,353,787,384,1221,43
acbc18f331bf40649d34d9cd28b098c1,1210,355,645,423,1221,89
41b1122ac725411f94ec7b150bd59f1b,1201,371,652,427,1221,89
16de4790cf1f4315ad4abb8152e1af29,540,354,785,383,1221,43
475da5fddf774e69883e872eaf674f32,539,355,786,382,1221,43
7bdfb12e24cf4df6ad18d50695be489f,536,521,582,557,1176,36
947c387d3475482b862646fc8ced7c04,245,292,969,591,1176,74
25fe4ed7ba5b433b9ae84795ea909729,373,524,616,555,1176,36
a7f917475761408cbd4e3bf06f221b85,246,290,974,598,1176,74
17c41f0277cf40a2946e68246b8b8512,247,288,972,594,1176,74
67aab4d0862745cc85693990ea4c860d,760,164,405,491,337,9
b06c73f2b3de4489b4f50079799bc62b,516,426,706,535,337,50
5f049c42e83f4fff918e01c9c8b2be3c,80,54,568,417,337,39
7cc5663d1e7b47d7aa018899423146cd,500,330,515,523,337,73
94eac44878aa4dd78ba957bc198dd23e,128,91,635,440,337,39
fb471eaf5c9841e5b9eac01af7af8e0b,81,59,568,419,337,39
3337b8b8412f45a088d5ea386ba9a2bb,516,420,703,534,337,50
38d4dce3c51b4423be38472cf50c2047,515,426,706,538,337,50
cd21bed727284513accd546eb09528e6,766,298,758,651,991,18
badab624a2d146a992e90f5e1f2756a6,680,333,595,337,991,29
575571341a404f65a9460655acf96d09,145,418,936,533,991,59
a194bdec09424595b9dfd64600bae950,805,202,298,245,991,29
1f8ad85baaaa428f8df2e7ff4bc7e864,1093,134,573,512,991,18
25c7c6e3aab24734b958a12b7693807a,98,362,839,514,991,59
0ee751f5106747009c997a46919f2367,1089,132,576,513,991,18
0f571b3fee1142b88d5acd6fcd5f4023,658,452,835,445,60,54
74b157a2b19c4b86b9e16068ff49685d,627,457,852,481,60,81
fe8c773014094990aa2a6af6559bffe7,657,450,834,446,60,54
b24b44fd5f12417cb801526b28476b20,1089,277,661,477,60,54
cc9acf18a83d4dc29900bc0b1aa98474,626,459,854,448,60,81
430b25adbed843b69f4df8ad42672adc,626,456,854,477,60,81
209dd81a54984565ac90e0934f22831e,485,185,826,746,1244,12
97ef41a6cd1144c6ab963c0456eaaaff,485,175,825,753,1244,12
dcf095410e9c488d8dd30be7d4299369,450,277,781,476,1244,51
23cdad4e19934a10a7d0a231af9d2eee,448,276,781,472,1244,51
2e56f47d785b453d8455f64a7ef69b52,485,177,828,752,1244,12
d4fd6718f7364cf9ac05edf93b3ffab3,273,344,788,555,1159,35
6f530f31e9b84ea3b1e64bc08dcfa8ff,806,479,666,479,1159,61
4775864e0a8c4b6e90583414cec98ba1,273,345,792,554,1159,35
9a5816cea4724f0a9aedbf9bc1dcb4ec,612,277,807,546,1159,24
f7c9eea5074d4bf7bd9a5a58e0e9e627,614,285,805,564,1159,24
13b997d5bc9744d180006e5dbbacae9e,776,386,460,459,1159,51
0ea98ca9d3904433b6e6026054e1e1e7,775,392,459,457,1159,51
a94bed3139cb4057b886b07b3ec542ad,775,503,830,472,1159,81
0baaafe2ff8b41369ed7e5d36ba3887b,849,348,820,463,836,51
fbf2ed525da44d3da4f45de49b276a44,416,363,765,716,836,12
f4c8ee207c204a95addece4f19d467f4,415,362,764,717,836,12
dd15337a5074415e8d41297f36c50085,0,293,570,395,836,51
4d93d896ea3e446b8e63a0697fbbcd22,0,290,570,394,836,51
5295405f8e7240c9a04c75bca2f39b78,571,154,687,651,836,12
af87f45ea06e4291b50ed40381eccdf9,822,388,705,423,1121,90
b15f909856b141f6b1b767de9d3c3578,575,317,1260,563,1121,43
2a353c6ae43b4b99a46da2451024beff,33,290,977,557,1121,43
6585bf0fd7c54f9ea5d289ec7540e506,584,332,1249,559,1121,43
15828b22d85a4c638a09b0f90487387b,281,363,512,472,1121,89
56a2c05bfd084a8eb1fe99a58ff6ddc6,283,378,520,466,1121,89
b4493518a7654d2fb2c3411ac6d3ec19,822,389,706,469,1121,90
c149bb9deea64c22b03954cf4ec4cd73,820,389,708,469,1121,90
47a4d333f248429a8b4b7bbd2d812a41,700,250,670,673,1113,71
b0bffbecdb9b4b96a884f11f01b0f9a8,433,168,444,409,1113,69
5593d56323674f75a74b1314cbb56849,433,168,444,408,1113,69
f27ea8a28da64e8abd2acb014d8d69a9,701,250,670,664,1113,71
1b8f6649ae4a4dd1b3544c9657000631,700,249,672,680,1113,71
31a16fe088b847678d1f99cc68869daa,428,180,445,409,1113,69
71bd486c2b45487a95e9c84025c719c0,843,195,796,630,1012,90
734d77c711414df19b27de7a81627789,301,348,622,501,1012,89
ba16eca1d8904d698b6adf9e5e9fff24,843,197,796,627,1012,90
6628305f060e4397bed3e2bd0be907d5,307,343,635,528,1012,89
c96505f7ed6f416494271e7716a303c4,324,345,619,528,1012,89
af276674a347419e97d484612958e55d,503,641,984,439,1012,90
fc9c0d6e75e04c4c95aeb9bc40e05b56,321,202,868,634,13,68
d1b700ba340d4ff388816eca71799666,328,202,869,633,13,68
c4da2244137246c68ba30a498a6c652c,883,24,692,523,13,77
a20a4e733405421f9ab87e422f35d269,321,201,871,634,13,68
44310e14bf7d4b68a29f6f2d9e25020f,951,57,820,573,13,77
40f647824fdf4d63a0e99771bc6104bf,190,8,503,375,334,50
f34b773ca45c4bba91f056a86a58e799,986,169,414,348,334,73
b356bdc288d949b4986869798d2e104d,751,149,687,646,334,5
9868d0ea206d475d8fb8015514f7fae8,188,10,504,373,334,50
2a08e74ace18489c9434a4302ce03cc9,750,160,718,634,334,5
d6a515f2018b4c6fb7688a78d398a11e,989,171,416,315,334,73
5d3353ebf4a14446816af81439de0bff,188,9,505,374,334,50
08e472d1664740bb94f37d46a6a1f530,752,166,713,629,334,5
faa4f69ff2f1438e9fcc550d3222d903,625,520,734,371,220,62
5793ce6ab0164247baadb10841b4dae6,776,260,383,296,220,63
7685c8894cd14407a657ee8e03b2d30e,457,367,659,420,220,51
df6be9849f6c43998d269a25c2547671,769,265,389,291,220,63
9927dc56cdff40fe82e0848a02676054,627,516,734,410,220,62
c1706dc4fcbd4b5d9a16d3668fe7a3b8,628,518,732,410,220,62
9bde89a5ca5442a1b43beb59d3cce83a,673,120,302,234,220,63
202bd0a71e33436ea770f2daad51cf50,509,362,658,422,220,51
57be69b7482d4c90bbffd1faa0e8a0e8,578,581,976,435,1391,7
180afb7a00524fd992c9fc890e3d909d,580,581,974,435,1391,7
80ac7870a8574a918a7b14491ff318ae,679,310,829,541,1391,48
abbfee24bfd54c5680d9e0d66bca032f,548,272,699,581,1391,71
45b0cefc0e3c4b10b441e7204b0fa00d,720,425,656,488,1391,67
e4396aef3b4d4918b2825259af937db4,440,374,950,604,1391,68
d8f252d99a7f430fa963f68a0d9c8382,720,435,657,473,1391,67
ddd92bd0a0ff4fa09e9ed2fb865326c7,513,385,649,445,1391,77
f72fb853bd4c4100bc2f18d63ffd6562,781,453,587,469,1394,95
a2107654dbde4ba1925ae59de91e5c33,465,646,785,434,1394,95
9d5bcc430fa04595b8767f6d48f35ae7,660,607,990,471,1394,46
521d3db36ea54369aabd733aa6f95273,464,539,511,408,1394,69
dccc44fd35134284955548894c11fc0e,574,639,646,441,1394,46
6ce0587d639d467ea028c7192762ee76,459,539,516,408,1394,69
5f78945f13cb48d48c9c0c8e211fc90d,1123,151,465,401,1394,69
7d30cdf6f6f24ac5b1cf17cb97d8b60b,415,401,721,466,1394,46
04a8c3aebab44740aa26887c12d8696c,1038,96,637,448,126,24
b13293deffa34a49be0e31ba587f335f,1180,98,492,440,126,24
28bc651d2caf4ce89a279ce270f3c359,1115,292,634,383,126,12
d7ea4f3d4bd54fc5aa31f2b1cd419888,1026,97,648,449,126,24
4b74f50ab18140b692bed5e78ba097bf,327,632,634,394,126,12
c8a62205711d49e194279396d123ad08,325,539,633,392,126,12
d8db6b8a3e934831bd5314a8edfd771e,398,481,803,459,1076,7
ab9d4bef7cd140e19166b00cdd7d436c,404,482,797,458,1076,7
e097073411cc4f74a70c01214252fde0,398,481,803,459,1076,7
f8b77ebf6e63474dba4255a9d4b2f469,717,65,378,418,1076,86
546f9c8efe3f4394a0edb1826972e47e,717,68,376,415,1076,86
ff64e87ea19c402f97068feff6e7cd03,717,66,376,417,1076,86
853e1abdcae34421be85f9d692a78922,749,166,985,575,110,85
385f8946ad5449c5b9393b7bb63aa164,627,334,797,642,110,82
e7b8befd77e0432b9a221eac8ff0e7d6,750,162,985,579,110,85
d9fb2ea834014e7f95c5d2473d00f870,706,385,638,445,110,20
9a2e79f911cc4260952e19bc3f04ab85,705,384,639,417,110,20
94af2e7c88ea4fb4bb013b32a47cab5d,631,329,796,634,110,82
ea96cf5695b64754be32d444ce89ebc6,632,318,798,643,110,82
621be2e23e6b40a9bc111fbc52603877,706,384,638,446,110,20
644164bd66e444ebb77c3b11301c1db3,759,0,387,328,156,36
433bc5f564ce4952b2ad645254ba6ff8,733,0,598,554,156,70
ed5883f6424046198038b5c7b44bbda8,647,274,660,765,156,13
e27caf0acdeb43cb9d1a552a51c66005,670,0,661,552,156,70
ed38563bf0df48098dfd9a41cbe4c7ae,788,0,418,278,156,36
e3c7921d9b8f42f4b932d8941fffbe42,630,340,759,613,156,68
45223b3a34ec4fa9a61ff46ea46a3dc6,625,304,690,526,156,20
e9982140b08d4812b40b3b138eb7b347,865,481,942,543,48,27
a1cd219cb3184084a01e638dd6251a7c,914,25,256,227,48,42
b7b0b0bb973b489ca49b70c2039b92d8,546,269,513,434,48,69
c96df9cbf9c24255a523ebaf507c9fc4,717,233,488,431,48,63
5239444f6dce4a37b55f4cdd2cb8a185,914,21,259,230,48,42
6f06e60e917442ecb8a6ba3135f55fbf,547,260,512,443,48,69
7134a39bedbd44b5935c533cd2921e91,717,234,494,433,48,63
43f2c9b634a2423a839628ba1a60ff5f,717,232,490,429,48,63
ddd35d8fc7094cb9bf855b7f676a9ec1,0,402,724,324,507,25
232765e874f34b2fb36bef437f804879,0,403,723,348,507,25
430387db73084d44a907d81a7603e181,421,281,412,322,507,29
3dc3b06520c04fb4b2273865cb745bb9,0,402,723,350,507,25
07e86d0699d14399a54a7509442474b3,274,365,660,543,917,19
4b3f1e50bdbf4fe2bf3004bde4b35d3c,274,440,659,470,917,19
3c482bd54ff64cf58f14610520bd0b6a,639,224,851,578,917,6
bffe74b137e64418b951cc00629b7e71,659,257,745,604,917,6
571a40b4982f41be89b29e36f4e3dc39,391,257,655,410,655,51
3151a28bad064f78850438426b2a9b00,726,199,605,415,655,12
6d1c4e30d9514f65a2d1ebfd789d26d6,723,198,607,513,655,12
e4ed38ea65074afd9168eb0f0f57bf59,350,255,657,413,655,51
3468315766784e1a89e681c27eb539ac,588,235,726,649,1091,31
5e4fa847e5c74a8d84f68976e19a35cc,580,164,627,606,1091,31
f31d1ab00b2e46e6b489104ded5059fe,589,236,742,649,1091,31
5835acc3505745ef9d594ea72fe7da1f,779,201,340,384,1091,17
fd697349ed744dc48eda3a3b4a926664,759,174,887,698,1405,33
e71921d0361346dcbcb4ba11f449686b,304,358,694,570,1405,90
3f721c14eeb143b8bab97cfba211aa15,154,396,647,376,1405,6
35856d831286420ea1973cae7a9fe256,757,170,887,696,1405,33
d100a098869548bca2ad4a9cf3d562c6,759,172,886,698,1405,33
f1887418fda04dbca9f8c461e8e2d648,305,354,693,577,1405,90
01c6654b1e854717a12be47934bf382c,153,395,640,371,1405,6
87e060dff8e943a89510c9ddd2498a24,305,358,693,570,1405,90
ce6d9045474541128c3396a54c6f2360,751,275,605,636,1524,28
3f0eaa69495845d2ab32fede86a0bdc7,1262,507,484,434,1524,90
7e9d581d78f142cf83c68ec27b06257b,749,275,606,557,1524,28
86e7814bf4a84c7e8b792961f4ef6c02,1264,506,483,427,1524,90
766ba87f4d544233821535f9ec7dc6de,1263,507,484,432,1524,90
d89f38c8f0f0415daf4c9653190adac9,770,271,584,628,1524,28
9e55842aeb96479b9a83da5c637bbfb0,178,513,1036,567,1524,56
b91df38d4cba4a008a32af7ac11fdb1a,691,0,735,534,1524,56
6dddda3db42e4b5980bcbfd60706f06f,508,311,711,526,767,20
5763496db46d45ac801d87bcebe62c45,510,311,709,526,767,20
565998ded6674845acff1b3debc21d36,850,320,713,408,767,82
6c83d890c4d64c3aafba0d100b93510b,509,312,710,525,767,20
4a3fabe0e36e4b97a78119d8fc080167,855,320,710,403,767,82
f779664c0ba1457e90d3c70b632206f8,852,320,712,410,767,82
0af5ac6064a04fb19e6d1a26e4468fec,1486,483,433,380,316,43
b510497f1ee54d40b3e0cf82da298956,513,319,473,428,316,89
bc57b6af24de4478868b3caceb8a34d5,925,309,826,509,316,43
69a43c52a55a47a499a9f04a53be0e89,512,320,477,402,316,89
9e13860ffbad46e1ad368d03bcf57a67,1486,484,433,377,316,43
aa16c59443824067815d1ca6013f7ac8,510,329,477,413,316,89
bd8d1edfd6c04f84831180e657980156,372,294,914,514,872,6
ab6744d2922a4d36aeb3b7c9fd66fcba,373,411,446,387,872,19
2b3404914cf94687b583cff225c31268,376,415,441,384,872,19
94182f40f06e4e998dce5bce1202f82c,375,409,448,387,872,19
615676b020a64fd0bf8ed64fcc79c6c4,462,326,999,541,872,6
a5c31fbf4b2b428b9c22cae32530e072,404,207,781,490,237,51
c3548c6418174ab08ead4cda2aa803b2,690,0,427,425,237,14
0f18f0d2ecfa4a79ae5e158e4e777b1d,373,209,782,487,237,51
26186ecd0d634369b342866ed7b19c2f,677,0,440,425,237,14
2cd582f6e1504efabde1d03aee3bba02,686,0,430,425,237,14
500707bedf064e5f99ada230a839758e,371,206,780,490,237,51
27572086c59b4a88ac0c2b001854afcc,447,278,713,487,951,19
154452947cd74b0384856767d022e290,657,126,526,422,951,63
e77af916f7e5413ab0698fe14e97780a,1160,314,757,475,951,89
8879b2e4aac44614b09353690cbce5e2,831,93,892,658,951,6
c9bf8ba5519942f2af242d9f1e301ac1,1141,320,777,470,951,89
0ef9a67d828b4715bfdf02730bea7465,604,0,547,508,951,63
79ac7c82230e4762a4b000bfa6c8b6e1,1139,316,779,475,951,89
64b04e9d34434dfa8c33999e60a972e0,232,218,610,437,951,19
4c160c42e85048adb14d0b4c93c93293,610,300,740,551,326,23
ed0c9759342b41bdad7e23b03df71dee,611,303,738,548,326,23
d286ae15a8a14773b266df803eec4b51,611,301,739,548,326,23
cbe52cc90d8e44eca9e04e482a682654,399,465,789,388,326,17
b3cfbca2a88d45058aa2869759815311,398,465,790,387,326,17
ede0e202609941a7a20d43c9aecb249b,387,561,746,446,326,19
7d00002d94b4414fa5126c33f697fe65,389,563,745,443,326,19
7203728a5d1046b58ab33c05b8d52645,386,561,722,446,326,19
80852bdcc7e14e639292a303e6db8a27,926,381,505,466,595,89
fc8c77e7398946e1bf289ea5efbbecff,925,367,518,472,595,89
7778e71dc3744305835499a15a9fb204,230,278,774,436,595,90
a3782d37a4bf4024aa49f52abe7feb70,227,280,775,438,595,90
77635db7e1a944d3bc63ae0f41825d89,809,268,799,527,941,90
4fd67a6d6bfb42deb249467ae81bc6e2,280,366,660,530,941,89
8ee3f0e97a1441b5a4ee1420489547d4,285,425,735,539,941,89
f12321c18fd642c4a9a3daf8b0bfedf8,317,369,594,530,941,89
52bc40ec974d44a6b0833137ad324395,815,193,799,527,941,90
3729c2bffabd481eb532fb68f6b572bc,813,196,798,527,941,90
50ed8acf5d2149d082f5a4106f4edb69,344,288,840,638,476,33
5257a41b709548b2aa4c5bcae5f03c08,346,281,838,647,476,33
e7b43fb77ad2422e84575091fe4fa03a,228,56,817,597,476,6
ac7ec5fd781b44f684d01a8c65409c28,350,279,840,649,476,33
0acad9cf540945428c721710c05b0796,228,57,818,595,476,6
8685766c81be4bd9a0a7578fb3ce3fd2,660,405,611,469,728,89
92ede805e33b40baafb5056e19eedf07,602,368,819,623,728,32
6f75b22f32c54f0abb778eb55c253717,130,337,808,450,728,16
9d3b51a44602411bab2ab94ca0d86d0e,132,331,809,447,728,16
b2323a993a6048458c8e2e78bf73a471,337,115,911,804,728,56
0223562a12544d468ef29033359494cb,604,368,818,620,728,32
e71142c2261544ff9ef04ba5da387f40,327,115,922,796,728,56
1271c49b09c24e51b65222e3b4644a3a,952,375,317,415,1302,87
9315c18223e9497e9f680c5eab3c9a4d,953,375,318,414,1302,87
26bbe31f1580443dbe4c6d2e52b78ab8,897,589,904,474,1302,7
d884a233c3774911a3943184e2da5926,895,589,903,472,1302,7
5a7d7d08e1ae43b0a122d44092444ced,770,191,270,254,1130,17
6399ebe41f1949ecaea14c03dc0b074d,770,190,270,257,1130,17
9f47b315fc634a379af34290ceb6e2c2,1,447,660,351,1130,7
8cae4e1a9bf54dcfa3c82a8703e32cc7,0,449,660,349,1130,7
effe45a7d40b41ff919ede5f5cf06976,0,328,425,399,1392,89
7c1bd8d95ad3457a932cf6c860ffca2d,1165,497,663,507,1392,90
c311d055b9b04bee8a558ddaa9b04b0f,209,53,539,435,1392,39
2537734e3e9e429eb1a9e4574968ef38,712,370,570,409,1392,59
c23eec1e87a94fb1a93a938cf5fd83af,711,372,570,405,1392,59
b47b4696af734aeabb23b1b2b417b9bf,1,325,424,395,1392,89
fc8307ace16f4b2caff45c6303a9be6a,0,318,424,405,1392,89
b0e97900148546bca2dd017234fb588a,151,54,597,435,1392,39
c9e08cadf0e243a2a05d5050de9ea137,559,386,749,492,757,90
42c9e413c0874e2bbfd8c1ab55098f70,425,347,520,401,757,89
6013f1c6bf504c65b8adb87bdb355ab3,425,345,521,403,757,89
9cd3ca3316d94a0199bbce73aac4ab63,1287,181,554,504,757,90
a4f3bc4cd5ad40298bc22bef2b822e2c,444,310,521,405,757,89
97be900ce2db4d719ae96f7155647098,1039,219,735,434,281,62
d2ef91c239b642da91bd037587ad2084,460,356,1204,587,281,1
64e3ec9a117f49c2b212bb2b521a37d8,458,356,1206,586,281,1
2082905c030547a9be36f3774226d647,458,355,1206,587,281,1
b739d87f09a94745a8cbfe9e1bc9b5bb,912,183,532,508,586,36
860bb3bd102a479fa37496ddbc93aadf,909,181,532,511,586,36
94e0921840aa405689a8ee205ddde1b5,845,189,588,453,586,71
9fd696b4294b4b0792f06ba958b01624,752,470,671,522,586,71
4e9127cb6e074d4ea6ec86bea316515e,844,189,591,455,586,71
48ea6f91093243d0be9295388952a5dd,910,192,531,501,586,36
6bb796a0361f4949bf9fee8fb646fb8c,578,477,570,424,586,3
b34e10c1cf774f29a1bd3c365711c7b2,373,434,956,522,586,86
12f570b5414b4a6384994b1dfeed1f08,572,246,796,588,1458,60
908e794627c741069ae260cd9eb3f541,587,192,894,654,1458,6
696338b4dd4c4b43abcef7447264cf61,578,193,900,653,1458,6
4dd377537d884b908b430709ac4aa51c,572,247,794,588,1458,60
00fe3a53471a423ab7bbc255cfa4b165,572,248,794,586,1458,60
19a98b0afd7f453ead3222735ee935b2,222,253,618,409,1458,19
7f4e11361a0a4ccbba0a148d05abdb70,183,258,743,484,1458,40
403553bb125847319001d50cf55e3824,675,273,663,586,1212,89
5c2cd07209744d4dae9784e5b1b87be2,706,364,579,553,1212,90
0380d44a9aa44f9a9bfa8b50764adf32,705,363,580,555,1212,90
919f3f096eb545b18b78bb798cbc9817,673,270,662,591,1212,89
6be74ea8ca3c46f68a9067ff1d2fe02f,675,371,661,488,1212,89
b686c96d98664731843463579db08f02,708,361,577,558,1212,90
c3c21161fde44b23a11d9ea42fc3fb0e,706,257,413,384,896,63
355f48fac959433bbdafb603f460efb7,817,75,256,253,896,17
a13a9a740fe24d8fbc43dccbcc9aa6fd,822,75,256,250,896,17
29d17bf7e2d047239e25564afb46ae01,767,239,503,357,896,63
b7c5d7f02658408bb5037adac49d0580,706,261,411,387,896,63
7386906764da44f88db3329bc411100b,461,2,527,435,96,67
5e486ca08d92477a9d7d6601a3832ce6,847,430,512,516,96,18
b068d6ccbfce4f29be5def9844feb936,456,1,533,434,96,67
7eca6e0496734bdb93c54fdb26f29ed7,402,203,430,367,96,40
c1cbb26d43c548ce9a4d8e5e43e2b66c,867,367,493,490,96,18
56aebc1ad0714f04bf89f5b1bf6a07d6,402,212,429,369,96,40
ed391895f64d4eb78c21040fddef8f41,396,473,838,607,96,48
0cff224867d74186abb65eaf906c6254,462,2,523,442,96,67
9f3f212c18fa48639478947e0b951cdc,223,296,1058,511,423,74
d6b3c5f9b00b4fca8e6ca6393cf77804,331,430,916,550,423,33
602d2fbfe068435ba73f83744dee0e79,224,295,1057,513,423,74
fd7fe6a7b1854041b68dd69dd51324fb,331,434,916,548,423,33
90e36a12ebc04e20ab23a7730faef9f3,328,432,919,552,423,33
ced0397e59cf4cdcbc6631df415a0f49,201,336,1223,527,423,74
a7050c1ef361424f8e70c84a1b03f9af,553,507,844,485,243,80
227dbb56a992470c98e7eabe12ca5b89,642,512,748,480,243,80
5f46394e7920462cb0f41f1fc5045845,734,40,771,664,243,64
93efe22ec0ce4089a71b9f8c17de8306,641,509,749,485,243,80
082e59741e6047178e7a7313479d0dbe,955,44,339,359,942,51
6e3c8cbebff541338b2657c974d95b05,1020,126,661,503,942,12
1c47f5194e8d407d987242d3a14b2262,323,34,389,435,942,51
03951dcc3f8844458c3040931d70ada5,404,320,676,594,942,12
789ef58433c7448aa5f189429d4a0e8d,234,377,846,627,942,12
0451874ada43417698be94f1ca7cac3d,580,456,607,451,137,11
90da2d5354f543ef955f22d52ca581db,452,450,801,600,137,88
91065f8631904b0c9f2cbe52552b4899,451,426,806,602,137,88
e571d3787eb24f77a92cbf449e767825,578,455,607,432,137,11
35cedfd6b4c641209a42fe5698aadfb0,449,422,806,605,137,88
98f45790d86f4cda85b23febbc415c4b,613,457,572,450,137,11
90a266844d1b4666abbfb0662492a883,363,386,707,490,885,6
d287152b34384fc7a84c8096023a6b60,1129,155,790,684,885,33
511c64e363414eae8834d419e4cf9a61,317,23,778,692,885,92
d9419b4e82a0490b913458da61a92999,228,382,677,473,885,6
405cfbcdbdfc4f90a27fd96c1a0ab3d0,929,182,894,730,885,33
4b6223cc051743c49641c335f967b25f,927,3,909,684,885,33
e12b9f9b0a5d4ad3a173f78e2afe7965,365,386,717,489,885,6
f739ef90ed234a8e959107e5e57c2014,483,0,629,579,885,92
a994d63ac17545c793172eb72dfc736e,190,176,705,600,45,90
f68741e71a8d46288bee979fe01bba97,1086,279,633,594,45,89
368da2db0e33460db6c4177b46fcc804,187,176,712,597,45,90
4eed8d2ea7c74b088853b1a94307b051,1085,272,634,601,45,89
a6427aa1e5ec43aa8993be9ff3a0c402,92,179,803,592,45,90
db32f92eaf174f12b970aa905753e31a,1086,277,635,594,45,89
10a68513457c44eba4d8d429e31d564f,830,0,392,344,288,26
7146d821a32f43ca8de108daacb38c15,640,355,673,563,288,41
b67042ce44204e3fb62a9960d4bbfe82,621,357,693,562,288,41
2224d1d297f8401ca65824ab7546ba32,831,0,391,344,288,26
d2e1b2dd46714f7984c666a9b16169ee,830,0,392,346,288,26
8b16df2d0b654270b5eeade7f864533a,627,354,686,562,288,41
36e31ce5b020420bb0311a1906df52bd,96,367,648,307,1493,94
bacfbc9654b7408d9eec73432a4eea76,667,300,964,777,1493,45
87f2adf7e4654df79af48cc81215eabd,995,200,676,425,1493,91
c3ad0e2ea18241c7825068a3bab742d2,50,351,1240,601,1493,54
282c6df4bb234fa5a4fc718a301752d0,570,301,324,327,1493,53
29fe0fbeea784a34b2b26af216fc87c5,1343,145,576,398,442,85
522475d04f77484da53505417986521a,759,563,768,517,442,82
e3cf6b518c994cebabe65a14487a8fb7,758,563,767,517,442,82
e6d05625b5f24ae8b0f9fc458c4c047d,1343,144,575,400,442,85
7d4f1711d2f34cc3ac75e1574a030f62,755,564,767,516,442,82
d369f32b9dd74d31ba97bf6edc3925da,0,499,642,401,945,90
518918bb784240d4a9c22b1372a5556c,153,490,623,360,945,89
1c14a75cde0f4b5286ce3f66af875c8a,0,497,642,399,945,90
5d729664ad8b4423a5c3dc888757b2c8,156,496,619,356,945,89
e3c23b011efd4822a09b0f80dda23c70,155,493,621,363,945,89
7bcc7bbb62e74970ae51ca9d986e7d1d,0,497,643,400,945,90
197c86e64c1749a4bcf9a9f2e8746df1,1235,335,601,476,1442,89
1eaa7d49bf1b421c89b1c172f60be334,1236,335,599,476,1442,89
86738dc455eb4ec089d75e848a310546,160,390,510,449,1442,90
b7891fc3c8c942e884d3ad8e2fca9883,158,391,511,448,1442,90
0054d3fbcf38445a838567b2a8230bf2,160,390,511,448,1442,90
bd697f1363ba4d2f9b23ceaeba4c2bbd,1237,334,604,476,1442,89
5b1be1de918e4b09a393adb184caedc4,578,260,1280,744,654,21
ee0f0b5093a348d285c4304ecbe2e3b1,469,299,769,550,654,21
9e62b4efeead456eb59c54cdd4d50a9d,1,222,1122,600,654,91
c513273b54204641bea6f714b203b313,0,225,1120,606,654,91
a0fc853538a74985beaef9e3fd6fbd2e,1,226,1117,603,654,91
c7cb6efd91944b2f8cda4fc888b2a7ba,641,392,586,452,967,89
4a0c76c444774527adc1d21491aacc98,691,490,607,387,967,90
5d7504e919c04f29843ea03bc6a4021d,630,386,573,454,967,89
ae226303a6ec412e9d259af1ae21ed15,630,387,572,454,967,89
39d38742e089445fa54f8b60f56c2a6c,496,328,500,443,1000,90
6989821a0e00446f823b508b915325cd,898,0,511,236,1000,56
78c53f11ef3040a4ab4d9879c898b6b8,532,249,514,478,1000,71
dd3a9a15a8af484b989cb4e0969685fc,899,0,510,237,1000,56
f92108243b514ea69157abf2fa030295,653,290,494,498,1000,90
4682916c775448228e5a8b6fa9e19c7e,532,247,515,475,1000,71
6a05d893d4f546059d51e797645eae84,651,282,497,494,1000,90
467fd0c4828b4ffe9ee71bf1efe01295,131,204,656,447,1000,40
899efbc337b446179894532deb27f3dd,255,418,996,662,534,37
d359c4d829f0457cb599e19e11fdb17e,724,0,451,445,534,86
a035414874ff44d2a85fa2636f9a31bc,723,0,449,449,534,86
0e2f6b5a0b634bb88495c472b191422e,1010,6,825,612,534,83
df17ca9c8296497c915da3928d049aca,769,25,870,635,534,37
6cde4ff229c04fd69b79cc6ceb28b98d,1009,9,825,609,534,83
cf512e8185864ba88ad6aa3538a67eb3,253,417,991,663,534,37
4fe26eea959d4553a3f4f79a228e52f3,720,0,435,459,534,86
ac793982fd9c470eab6071f5d2d1c505,984,344,471,371,1242,89
72a3b20f48bd4353b9b88dc3fd78eb86,49,290,693,534,1242,90
1740d99083354f5685d523790291270d,983,343,473,371,1242,89
ccd4618ee0f44ce08f39b8d7f92a9afe,48,290,695,534,1242,90
00b4a783941b43c1884e9a855f89b97f,48,289,693,535,1242,90
b5bd429346af4b1a85f51f4a18536d8b,975,340,480,375,1242,89
7b967519f24e428ba7fabeea2f9f63e9,556,273,762,443,548,43
1d3e3dab10c14357b4d8a26d49acdb7b,554,271,763,445,548,43
d0a6f5748e354e58a902ba3da422cd8e,554,270,768,445,548,43
d8b9c2f42fd74f0891f988775bc20b79,676,447,759,305,548,90
db159309a5af4c0a859bc30172adc163,565,409,567,552,1059,79
7d7d6001583c4324b5a7df7234b270c2,1277,4,554,398,1059,73
d49f5c6525a44b72aff06aaa48273b83,564,408,567,552,1059,79
2796ae66b6f84d25afb29f9fad5ee674,1277,3,553,387,1059,73
9cb12fe2012c47db9a01b8ad2bcc3df3,565,412,567,550,1059,79
de0ae8ae65314226a8f71153b2c5bfd4,777,448,856,593,305,32
f848a0366e834eed924850afa565ca4b,694,7,695,667,305,94
e306239b44c444209d1d14befe9d5d44,696,3,693,663,305,94
89bc69f850fd4a06b6bcdb4cec53de8a,778,450,856,597,305,32
4b762d66cba2402e8d0d6a4450399e26,777,450,855,597,305,32
c5e251f7ea2c410891e47b4fdffa44bd,535,104,776,805,305,94
2f4b075d4cc34cea9d6e72298ff9c724,1136,462,781,422,1440,90
a4a2e7e3db574392b6bb92410d4e2d80,16,163,701,517,1440,43
5e4f98bd9b21453bb2c5450f9292eeee,1136,464,782,421,1440,90
da6d2e7a07794d48947c0c58f6e28fe7,189,120,762,482,1440,43
a6b6667ac6d346669f15daf0d23438ab,13,161,785,520,1440,43
e71e4da90a264d8db281b2840ae8639f,1137,465,780,425,1440,90
11869e5ff68f47a0ae5295cb9f7df349,465,209,409,376,1227,69
b50184f7929a4f67bae3793de6ff432b,464,203,412,376,1227,69
c490f8d9454249fc879af4915fdae3fd,705,520,468,408,1227,95
2020ad71f52c4c8b8192afd44eda0eb8,465,182,410,394,1227,69
a25570d747bf4511bd3c48fd67664764,695,533,483,401,1227,95
dd9226f06a0343fa8cdfe208f103689f,651,460,730,410,1331,10
107f27bf1e1945169726afab00212aec,751,480,870,428,1331,10
e80e07a6650741389671bd7e3f517739,938,57,313,296,1331,52
7dec0d8ab54145149650dc93fe035512,45,338,1248,587,1331,54
2f15ea8a4a864fea8cfd40458c4c4514,454,524,1039,476,1331,81
773f9cc483964b7bbe7cbb50bacf981d,302,230,686,588,519,86
90fc30ada28f414d9f2d823bcb9abd26,570,296,884,641,519,86
fcd5777c5672413fa3ac9173969224f7,178,173,981,834,519,24
c51bab7de421417e928c144fd438181a,177,168,981,840,519,24
be40dd0c96964b329d28f2c7d2eb7881,410,306,759,444,142,51
21b6fb5a068a4b6c962c13715a451e12,784,139,426,349,142,12
53ec57522d4d4bf28612c4c79bf3464e,803,143,424,349,142,12
2999ae8e23bc4019995583daf6b1df92,433,305,759,447,142,51
3fef12ac8f6b4570b7f91dcd9e0803ad,85,670,823,410,1434,42
42b07aa332c547ccba3e4f680625a08a,1,898,864,182,1434,42
651d2bc1cdfd40de80966295ff90ad4a,560,278,1179,765,1434,0
1f160c045a4941018af7e9ff5d843a37,1,672,913,408,1434,42
eaeddceaaef14f99a5f7fe56f67ba1d5,581,274,1177,768,1434,0
bf3f516474d1493f98079506b987cdc7,561,273,1179,769,1434,0
e92164bd412349b9b7a7a187bbed63db,605,456,629,524,204,92
8b5ad8690a3e45cfbfd87b17fd03bb04,829,132,783,524,204,93
26eb604790a845558a8c880ed00815e7,628,447,601,524,204,92
bea4da23d8a842938db17e0c5dc1b290,633,444,596,530,204,92
ac44320dadc1450bae2920c3dd3ca634,1202,543,662,506,677,90
275af6ee8dc24c4eac42c102d1d76333,273,245,1177,608,677,43
bd9d72f56d854a4a878f4be3f37c1c79,1201,544,664,524,677,90
ecd903e5e0034652abceaf3df61ce650,275,242,1167,616,677,43
08e7101b453747dea5c0e15f29f3e14e,0,306,426,425,677,89
d82b04799e9b4a40b497907daf81f1a1,0,319,426,402,677,89
ab455a3d25914386806964238ba68fa3,1201,544,664,511,677,90
7e6033a266ce48ad86c24459ee9f361d,606,111,1006,815,824,33
db382c6077c74ea099874c1f1c7aba36,619,111,1004,811,824,33
b9d2a234f8ed4beaa83aa46f9c24f8bb,906,194,680,556,824,83
262f02af267a4127a42fdabbec5e3a3a,912,199,676,551,824,83
0429e2b4be4a4abf9ddc5391c6621fa6,911,196,679,561,824,83
674f83e8d78b4f7ba93f45622f350bfd,1003,103,805,810,824,33
e053f18095ca40dcb5684c47cb694581,130,371,659,422,824,6
5dea7a5e1f1e4b33b3779cb5986ed2bb,740,264,741,570,1134,92
50fc0eb6f00445958bb8f2b1a906775d,421,265,722,646,1134,82
26936a85f7dc4832ae8b2e6d526f22b5,18,255,605,450,1134,15
c76087a11fb84c1f9fc939a8026a7c79,511,592,450,436,1134,78
22af3deec06e4b39848b43cddd8d59a0,741,264,747,569,1134,92
7f1ad4718355453cbb7a71215bd202c3,116,462,634,408,1134,78
76e52957efde4ec781064448e38c9d76,509,594,449,439,1134,78
bc2d0085b42d4be0ae5b9a640934a575,417,269,728,641,1134,82
482715ed41e944268307bd7b61de2ae5,894,154,477,375,1419,77
0fea1dd956c943839ddf494ba90a8c6e,894,152,478,376,1419,77
9f3054fb9762485eaf1ef8f8f86fafb5,539,129,794,652,1419,68
899a0201f83e42d1b8fda094c425ad2b,501,130,795,651,1419,68
ef08950516404551bdfc1e1f9c929e7b,524,130,793,652,1419,68
771162e0e00745349ecbc5239fe9d03e,873,175,433,380,1419,77
954ef59f5884471db82b802e9e79f1ac,893,229,855,630,1386,90
d8fe665d2fbb4eafbab6e196fc1722d8,277,157,567,572,1386,89
4d5cac93f3944a6baeb7170d01f8c69d,276,157,568,572,1386,89
12ca3434e7534cb88668b67a3e71eede,895,227,854,632,1386,90
682cb161b93f466383ae9f1cb77ffe21,893,228,855,629,1386,90
4c94a3ce723d45a890d81f2b325fdeb7,276,156,567,574,1386,89
99f2a979d21e4ec986c402c83f11fab4,149,533,789,448,814,90
e14f135f36e040fa8e50ccbfea7a3c57,151,539,790,442,814,90
40f266bddc234accb4a47073b015b051,1041,219,708,584,814,43
fe814c89ee3a4073aa4121442336b3a8,1040,216,706,584,814,43
ff8492859fed43cf8c525abe3bc7c08d,150,535,786,445,814,90
40d4834250d444099bd0b91a139b5841,1043,223,706,580,814,43
52756c61999f454d8195887155c36c70,740,0,322,194,331,38
0fd090f1be72498f9996f064ebc0533a,742,379,784,562,331,22
6fe1ea9db9234167bfd3ee48f6ec9402,499,348,828,479,331,31
4ebd4923eae948808abe3be58a47f5ea,710,0,392,175,331,22
398dd69070074c8589db2cece7783c6f,444,362,852,486,331,31
29771da6b4e9418d831b96fbb9c558f4,1114,121,558,437,331,22
feeb457e63f44ebea32f1867147f7bd3,709,0,384,414,331,38
0a67953be45f460c93657dea903b7ef5,670,241,642,835,331,14
f11a5e33b9b84bd6b1901f99448c6c03,174,547,736,462,1481,11
75d99cef4f384abc885c0dabc22d86d7,181,543,739,465,1481,11
99a7f08abba544738fdde45d8f929821,181,543,737,465,1481,11
91369ffddb7b409fb241a29e45328cd2,1135,228,782,463,1481,15
b167c9da9e3b4a7b9ebbc648510e0cd5,1060,299,790,425,1481,15
b4275445a0654734a0f49074e9c02cd8,384,608,668,363,1072,11
b6701fb8fc684c099c6a8c8a00c6257d,637,400,739,664,1072,77
8a0d96a0a3774936b7186abf4e70609b,761,0,394,315,1072,36
796f2c4a8e8f404991bbedcba3b90a35,787,321,595,575,1072,28
2ad0af9968b443c49e0f082780ed02f6,762,0,393,314,1072,36
9c377baf28174f949fa4caa5c386f062,791,336,610,517,1072,28
9d4e7b2b50ab448ba4962539a47201b0,637,409,739,656,1072,77
a6df6bc285f1405f9276176d8ddd2818,605,142,770,683,1072,94
5742f89b6a03431f933f4ecf9d542ec9,615,351,688,467,125,20
981cc022b8014b6cba2af94044f5533b,565,446,648,594,125,71
0500e22703804ffe85f3061433901b05,638,428,399,360,125,17
6d2adbfbce024e2d8ec2dc5ab4459e67,564,447,648,594,125,71
50dd84cf99e44844bf0b2045c1a3190f,564,446,649,594,125,71
fd85ba69b90841e7bee57bc3ae67e2f7,963,280,516,354,125,20
dec41c517ce44f2ab27acf30d5b57217,416,378,763,504,125,20
4fdfba6fbdc548028a956b97826ad3ea,183,402,1219,576,976,25
10883faab208465eb8b7b9d452559998,182,403,1219,576,976,25
8eee4f28f3bd4c73bf94daeffe9f4b98,842,94,271,249,976,17
322d0bb431bf4696b1948b6b588d1c57,185,398,1216,577,976,25
d72eed3e84684c738b2a7da1c5f77001,79,135,1614,640,1452,43
129097ae87db4a5ea4e80b54c6226310,1226,285,550,486,1452,90
86001839a83b4b0eb257dc152d4cb95d,1225,274,551,496,1452,90
39f6d6180fa34eeab430315714a1ddcd,76,149,1144,627,1452,43
0c76977492064e64913898f801019ce7,1226,291,550,482,1452,90
c373b3eec0004909bf69eb72961b419f,79,140,1613,634,1452,43
bdae98398892436cb1acc6c09e8cdbea,515,205,867,703,1395,37
8e82970fceb54b0ea3b509a41611c3af,711,87,488,371,1395,70
2d685ff6173f4640947c250287751994,736,71,393,373,1395,70
4648da56e5874407862dd27848afd3de,516,204,865,704,1395,37
458be5cfe2ec449fb36dc9d681ff0d94,738,66,391,419,1395,70
bd4c54c41b2147ceb96807d1a2175044,516,201,866,707,1395,37
bdd84c777d6d4223ab70ec7b1a0201f4,1320,308,541,560,651,90
df3d33a6d06649449011e3afbfa5cc4c,149,218,567,406,651,21
9c97ad9cd00e48bb9935af74ae65789f,1319,307,541,560,651,90
294b01193cec43ec979e13e478f8339c,1320,313,538,554,651,90
dbe144c36b6949e6955413f1273df7bf,0,297,465,401,651,89
2e76b1b42fc044db8027bdc7c4fb51f6,618,580,709,500,651,53
9540e0c272c24e128b581e9088eed3de,217,255,836,674,651,12
ff960a688a5847559c8e8dbf1caaef49,410,280,697,393,651,51
b7948a4641354a45980df8dd20f3c837,459,255,718,492,1042,51
f7839ffba6d74a3aaf985d992f78b0ce,312,179,758,638,1042,45
75ae30bbc85e4503a1a7e93ab1519182,487,270,719,489,1042,51
d5268595eac9476abfc4515b37da422c,313,178,745,652,1042,45
80d81f8c1b2149809251e3995b51d8bb,511,257,718,490,1042,51
770ef043d4f8485389aa9497daf48d2e,312,179,750,647,1042,45
33cdf405a85142d29b8db4f3ee47842d,892,175,403,353,781,18
c5c08b94d6cf446281db648048d4ec9b,726,325,642,533,781,54
75761d88031045e3a6ee7772511e5b42,865,440,528,556,781,18
f0800bc5b8744885940d65b0cde78883,580,489,737,424,781,62
8ce533e3abe74cba8d718be1d30b7e80,865,440,527,556,781,18
4eb64b357322447c8e72d068be19534d,610,506,744,424,781,62
333138565ec248a8a0cb815f35961162,728,324,704,532,781,54
6b4cb2406ce74f808723cfff67cb5ff1,725,326,700,534,781,54
3a392f35fe0048b197671e1a20bfc655,116,116,782,568,1267,6
6c533ee93f7647db913ad7d68f2aeafa,115,117,782,542,1267,6
c699e17aae0a485aae0fb50c9f1c875c,146,419,899,620,1267,33
7133a5b4620347689012d43c9c56eb42,124,465,950,615,1267,33
efa7fd05ae0f44c9aca2ecc5f86cbdfa,146,420,900,624,1267,33
1276afacfe2e44f0a511fe5e824ee43b,115,114,781,571,1267,6
79c7d4f1566e42398492d85cae6dd8d0,694,427,739,338,1188,51
8036bdfbebb248469d90801cb16a5dd1,621,215,620,486,1188,12
2a31126efe7a47a6b3243991f636a50c,618,213,622,488,1188,12
79cda99eeb154a8bac2e344a26741c60,620,207,618,486,1188,12
e0a9cdbf8f1442a8a4821a83419dd7cb,804,440,659,344,1188,51
a361da5883374188a7eeebe550704fb6,689,430,742,342,1188,51
57c18daec33240e490d82853ad9dedfb,702,376,783,469,975,82
7ce51ae168ee442ca393cc2a2d3c199e,523,404,853,675,975,85
77506de2fb85485aae093311a02d9844,379,240,599,631,975,20
3aae8aef43114ff2847989b8c6ef559c,700,375,785,471,975,82
afa69288ca74415d8443c1528af25167,380,357,578,513,975,20
3ac23d4eacf242299c57c51cc7735564,1212,17,665,542,975,85
17c064236ca84258807922d752a352c7,674,488,369,259,975,17
0fcde59b67cc469ab6e70f7bd2439f27,701,378,785,467,975,82
069b0acf99244979bab7054126a911ef,289,303,656,440,1259,40
75fa7356205943409151b22bedc21c83,691,356,822,483,1259,10
8963814965c0449391e0a2feb1a3eb5f,690,350,805,495,1259,10
a565e64a8c0b4855ab34a8c9b72ad2fc,689,354,805,491,1259,10
f9e86e28a7b541b881e20e0a540dc923,218,304,728,439,1259,40
a2c8702f2f65480b838e2513c6487af2,347,287,600,433,1259,40
f980854ccc074990b6280821bbcf8cb4,616,0,672,625,859,13
78d58d5f483e4d6eb2ff98e48d853a00,616,0,675,624,859,13
5978a8d24bf34899968e435b77850840,529,406,737,674,859,68
3ffcf6973eaa469fb8676b179ce12001,538,390,739,690,859,68
161d1b7ab93c4508bc33cf4e7833e990,618,0,673,624,859,13
6e64314aebc841fcb7ebe3c29f36dbac,553,408,738,672,859,68
fb9e353ede214bdaa1b70fe77d081db9,195,107,929,582,750,6
80354c95403c4f88a2249dea5f330a06,992,16,844,575,750,6
3c3022f7cea84b74ac4e085a37f2b4a3,496,227,889,651,750,33
167852b9df1e407880f518160d329303,544,447,919,632,750,19
853044db0cc54bc390e6d2aac124eebf,317,254,995,674,750,33
e9d1e0320e1342be907f67b780e2d982,1068,6,844,555,750,6
85f870a0467c4601b25ced37f42f3fce,320,254,993,669,750,33
f7ce477882914a91be3f5286433d6ec9,996,155,798,564,260,33
791e1e157b034f49a7392efbf3defd8c,430,510,684,395,260,6
9bf48a6ca5154f47a24a3fa17b4ebd84,431,514,683,396,260,6
b7ff87254dd7445c895903d62a5eb0c8,996,156,798,568,260,33
80a4f41e8cae45d69b34edeaccdd8959,1018,254,732,600,260,33
e8b4470dce804585b82f250df47401e3,432,515,683,396,260,6
a0bbe7fc86fa41d7892b1e89954a796e,1064,388,692,372,80,11
a0783657f1bc4f8a9c3ebd554d5680ad,873,419,724,379,80,11
a91dbc9438d84102a1d6bce217828f16,1065,384,692,376,80,11
c2c7fd15ca4b4b7baeb7f8bbe17fa787,89,229,585,423,80,1
62c60c3ae90d449a9199e11ed5357a86,871,61,231,220,80,17
cf4740a0c3ac4054b6d6e941e874a59f,87,225,587,427,80,1
6266d50673f24afbaa457a6af5a43cdf,869,43,232,223,80,17
b92447fad1564f9e949367e5f81b9ce2,89,228,584,425,80,1
cdc444bef8d348cab6532a989210015c,304,383,573,518,81,89
3211f7e3ac1f4367b7cda8a412277099,543,300,758,510,81,82
61a05a980db14bceaf29f92615477c4c,543,288,759,513,81,82
cfd821cd618447eb997059fa45cd6bd3,866,266,705,515,81,90
90c305267e864db88c7f3377cc396362,698,448,600,538,81,1
35c0e56356f347efa15a595b18b57ae6,870,266,695,489,81,90
ba90b218790d42d79ba2bcdfdc096359,867,267,696,513,81,90
3622c3eea40e4a708e8ae41997bc6d81,543,297,759,508,81,82
bc43d6a766424a0a85f911665d2dce96,1085,252,727,393,283,62
f273952ff6ab48af86db4c1e3a4efc6a,1085,253,728,392,283,62
1107f5e30e3b479d84d08d6a8a782661,798,315,739,448,283,62
c040a8736b054a899b798110deb3a894,776,449,870,630,283,82
83316e0c90bf457583e86223365b6bcc,776,441,869,639,283,82
92521b8d04714bba923d31cc128bfcc5,379,454,986,561,283,85
90785b7e8d9844d5a8c4ca019de708dd,699,556,612,300,839,17
d8fec6ef869f44368fc4efd843630179,151,628,583,326,839,59
475371f56fef495ca7f1a6207dd3296c,700,555,611,302,839,17
7816ae395fee49c58fff00b39784dddf,701,554,610,303,839,17
3cc3916862294af091a252c7ca31d8e8,153,628,581,327,839,59
d738efcd3c254fb0978795a8a67f147b,1169,347,672,428,1030,89
2f5607853a584946a574e1596b8855c7,659,492,584,434,1030,90
3a49ee68326c4edc8ea1ada25a661002,662,478,583,445,1030,90
c42498a8f78d43c9b068b8432d911f09,658,481,584,437,1030,90
773a78f9467c42fc82a496e8b71ee763,1170,329,671,435,1030,89
0a45e5d1cf2c4b3ea06484b079748c2d,585,0,851,634,916,46
a087e766a81c463eb9f7a626f25c1482,585,0,860,636,916,46
cd9ab16764cf4de1a2502d85d45a6d7b,296,102,808,538,916,32
b4ccc3b23c4246ed98c199fc52295612,405,186,824,564,916,32
2eac65fcb1de42f9969cf65fe243d711,585,0,861,628,916,46
8b7c85a5f58445a1b955d6c2f82a2767,296,99,809,539,916,32
18f1571066ea4af98edb45581e4a774c,666,409,1139,559,811,81
9fc2113b4cb649c19e3459f0526b2956,447,539,500,501,811,17
48837aad5bac4791aa9508613a435612,664,406,1141,562,811,81
f97b7bd9392e49c193256b6fa627ba04,456,547,496,495,811,17
bb49bb7cba5648148e8dc14f2375248f,666,411,1142,557,811,81
a1831181ebca44eab48c0481943bfd2e,511,323,1233,586,795,1
e50f5c812ac04b5f8c1adadce1d5ea0e,535,179,1071,703,795,12
83334899878e44beb8a970730f53cbdd,293,135,769,579,795,65
34366dc5ceca447aaf173e3f1454c691,599,59,246,230,795,53
68d80249e29d471ba7bcf43459a12842,292,141,769,579,795,65
6052f476da6946919a60ab23216976ba,512,326,1232,602,795,1
402759d58d4646cabb1809f6767e7492,535,188,1070,692,795,12
aa07f97611a74a828132a2f2b6ca8bc7,277,254,1093,766,604,0
84de49e45f00440dabe4132fc50c08b8,277,254,1093,767,604,0
47b28b8a63d34ddbb5e7c48690e937bf,276,253,1096,766,604,0
553cf78505c6462a840c70001fb14edd,234,448,1075,512,604,25
49e0dc15c48447f3806d59be89766511,544,325,589,478,884,40
7fb05782d0f74fb0b975def837c615c6,131,186,687,462,884,27
575b5f094fec4a748f5ba2caabc3da94,969,458,851,564,884,27
77b2301f8fef444c94c5933b0bfe4cfd,970,456,849,563,884,27
4d4efa55e410415693ca468795bf37cb,545,327,587,476,884,40
6ad2fe679bb54beb9344c6d9bc2e7af2,251,266,564,411,884,62
88cfa3e0a07946f88b1f24c2c00965c2,269,359,748,468,884,7
a9827751f89d465ca64e3a3047e5cbee,254,265,562,412,884,62
f6cd476a50564aa7b97ea112f8f0919b,270,280,737,516,300,90
d3bc59bd898741238812ef27b454cbf2,922,306,525,501,300,89
401003e8da7f41209e28ad71d643e6bd,935,294,526,512,300,89
e50612901603461296e4602a74e664cf,268,280,740,515,300,90
e7e7da804dc346a382d55c1a3654de40,165,288,917,506,300,90
d9b66b81b70f46a6b03129c3adeb59bd,934,306,531,505,300,89
e0af3a91b4a34c8ba985c5ba926960da,663,367,669,341,675,43
2c32f090af954a13a48c92d7f45f38d6,673,438,561,474,675,89
2cff79f76ef64acc808e977fa2aeba0c,663,363,669,345,675,43
a1f2d1a9b4d84e719b76c30480afbf84,674,446,560,466,675,89
a42d0525beeb4a4b94263122f99ba83c,673,440,561,472,675,89
08a36b80acb146ee9365033200edabbb,183,441,637,402,259,89
8740eaedd9fe4fd0874f6917b965f233,1080,445,706,478,259,90
84dabe36f1314d0fa54d4c854c844664,177,446,643,413,259,89
cc4ff6cd33704c2a9fe36aa81f1d6be5,168,454,633,423,259,89
3ec8427774024a5bbf63db27b28622d9,1085,449,709,475,259,90
5d32da16a2d847399180e48cacfd1b98,705,392,645,464,1151,55
cfa4e7ca52834f4687f26c253363ec38,760,452,582,490,1151,86
a2930e8797d54229a161d5f66f633211,787,454,555,476,1151,86
1ca532c212074d459fc10863840e7571,704,391,645,467,1151,55
74d491c66df0454389db3346b97bdf95,520,636,404,443,1151,17
bc7e172052824d9fae297a6ca6f83059,787,454,556,483,1151,86
c45b7b9a34aa46b4b569fa59f3e1b1cd,704,391,645,467,1151,55
3113a932c7e04bd89f012bb1401dd90f,569,568,376,414,1151,17
af1baa6fc4264009a1401c5f5a7db2bf,384,267,623,468,1002,90
ed45a137e6d748b1b3b03c52a029fca8,55,262,774,395,1002,43
02adf925e49745fc8e8427b71ae6a615,382,260,624,467,1002,90
0b68e072890f494091415951c2cdbb69,55,259,791,398,1002,43
ed97d100eb29408da1785f0958c4360f,384,256,624,469,1002,90
6d89d35573d541c7b539e4f25234ec37,55,260,773,398,1002,43
72fa81fa96104323a15fb17c172bcf8d,259,320,705,409,610,15
5836865f9e27479cb02b99e694466e25,714,308,775,547,610,37
d2abf43c4b974510a41f20784dc14937,212,248,1008,561,610,24
f0251bc3e2da4f62a5896a5566ae7b8a,259,317,705,406,610,15
6d73395e831b47a885f6ccd0ed5ea877,689,308,801,547,610,37
0cd8dc7fd1e0463d8aa6bcfc2a421cd0,213,248,1007,563,610,24
00bf3f1bdc07472aa3f3205c095aa4b9,219,246,1000,567,610,24
aca83dd037494931b31937137529a91c,686,305,803,547,610,37
4a67a8259ed0436f8bf9271ff8224121,655,430,688,570,561,48
9205efdfe1c840089bd56cbe77540409,586,161,667,600,561,67
9c29c75aa4b04816976f2e1c37bfe11a,650,247,651,537,561,71
b72eda6e64654f9e84e41af449c9b672,670,250,631,539,561,71
545756fc4d424084a944996ed24fc065,589,162,666,602,561,67
9b4c05b554b344d3a9de940d1f1c619f,652,287,690,568,561,48
feca0b0126b94479b6c8fa33f1948718,655,420,688,573,561,48
094784068f364f91b25ef759cc1ab43c,179,254,821,542,1171,19
77f177d0eeed478abca2cd119becc465,414,223,847,695,1171,6
13e22e084cac4b8b81344e7e2bc6d3fb,456,191,932,655,1171,6
c3e69a01eb21464bbba9f33605a0a9f8,456,188,928,656,1171,6
f4df92626c5f4233a288c077869f5311,180,253,820,543,1171,19
453895e1373442ee98e1649ed33dc36b,181,252,820,542,1171,19
a647f4c5e474400cbc23819cef2219dd,638,470,608,406,1533,90
d73d15255d164b569e22d0f3e769a995,694,383,616,455,1533,89
a56cb02d4cd44695af4140c6295cf019,698,378,612,458,1533,89
dc79a91c8e234d62b44ffefca966ee74,638,470,608,406,1533,90
1624cb91f1934980873eab694467068e,694,383,615,456,1533,89
3dc94cec256c4ddf82a82d566bfb5149,637,469,610,401,1533,90
507e20b0429b49c286ded195d00a3124,194,530,564,368,1131,90
40950f42e787472285d9657ada7757b9,1198,431,664,403,1131,89
adfd3db8c3dc4f4bbfac9f8c885a28f6,1201,442,664,394,1131,89
060fc03f279740b0aad9fe69ec4d4b7e,194,594,564,348,1131,90
22bcd63c5f91430dba4144562702407e,193,595,566,349,1131,90
f8da858e750b47aeb667749150eb6420,1198,434,661,395,1131,89
30691cdbebbc45f889447dea9a2fc611,813,322,413,473,986,11
fe1f3e70d82b4fee8b1164281b27939d,215,202,599,439,986,20
f017157541f04dd28c1b677372a97c00,729,207,499,531,986,18
917ecfb3805e4417948f972452bba09e,630,305,940,551,986,49
152332ff9bf14bdc82a573097f331abb,656,304,942,555,986,49
4cfd5941fbdc4d15810523c55efc1e78,964,104,459,425,986,36
2772b3eefacb4003b878aad04ef991f8,1244,285,675,522,986,35
aeea3a385c8a4186a0bba296d4b42db9,160,644,782,436,986,36
3f62a18b3e5a412d9118dea15f052374,275,409,796,456,197,7
8966bd4ecd1649fd87833648d1890182,438,387,590,480,197,61
ef6c76a8a7564d4daa03b059c02cb6ad,436,384,595,481,197,61
78b5dab3012d4182981638885bca8ff0,345,410,724,454,197,7
1cf21ec68a524ed5aaefbc1372c64e97,174,410,896,401,197,7
70579c0bbb7e4574bb378e423ec3ebc3,712,608,960,472,1052,19
4daad4390f274c77b5d36255ea128a4a,581,552,904,524,1052,19
816cb3016f5c4855b45af4cdb9ec2647,1174,154,712,437,1052,6
ae7d38f8de6f4d36a3115f61f2f50302,711,611,959,469,1052,19
426c70cd2c6c4d568bbffd688c351f61,1351,107,568,408,1052,6
8a74b9a06afa4fa8aff56ef14593c3df,417,462,748,617,987,85
a6fff00b1e0e4b1281751a3e97659d78,482,294,1018,652,987,20
f714ffe129e247e8a55e1ddd5af46ba7,431,222,1200,704,987,20
1c5926ac7bf74e67b35be6e9fe45b6c6,321,440,931,533,987,82
042c06daa05b4a5cbaaaefe1e482d1fa,51,493,1054,586,987,82
8fea07e2a4cc49d68337317d165462ac,422,472,748,607,987,85
90998171794b4a21a7a7f3aa65678b15,421,461,746,619,987,85
da97871fb0ab432181385a6c6dfd4adb,322,439,929,530,987,82
ff38d26dad90464880054814965e5f6f,908,363,730,363,1443,87
65e52c2e25d54e61a069389b477d2f9e,356,438,764,413,1443,7
8f97a4114fe44df7bfa49bd756a7d69b,358,435,771,410,1443,7
d609d3c7307e4c99a02ee6236faace91,869,347,645,363,1443,87
b565c956a1e5467098fd355dc934bb83,78,405,796,396,1443,7
41dcda7070d74802988309324e61ad9b,860,362,777,355,1443,87
86b05d24d96743838828c678f7d036ae,610,434,509,437,14,89
63b6bac7908d4672ace5c9100067ce0a,797,492,441,366,14,90
0e347938b23f44359356cb5ec6411eb0,797,496,437,389,14,90
d1116dad33cd491bbf95bd219e543229,809,458,429,383,14,90
1a09aacf1c654f40bc2affeb2373ddab,610,474,508,401,14,89
1bd1de15f5c9452f8e7b2feb415f8d55,624,402,514,493,14,89
703b20fdfe3f49f6bca98d3021fa55db,758,84,850,611,1264,48
36d070e3e71247ab8c839330ecef0721,430,423,1230,574,1264,25
c137679802714b44a0352cfe50a804d9,631,172,613,697,1264,80
3b8203b927a74294b21f0a3320c521e7,758,87,851,612,1264,48
66c87925fcb44e3cb69ee120cc7e36fb,625,173,611,696,1264,80
88f805ef466c4b18a11a12586ae27cbb,428,426,1227,573,1264,25
f62bfb9acc234772909366f58cb6807d,757,95,851,603,1264,48
ce9527075ff84c5ebf285a8a1f11d7f6,426,423,1229,573,1264,25
e8386b2a279e44d7bb62454bf80041f9,660,448,512,490,1512,70
669a1934bdb04d6ebbb53c5bf74a4805,934,177,486,331,1512,77
e8b4f4558c3e4b83bbc2f919253a499e,668,447,505,487,1512,70
4f00e820815945debf76b5e34a5c4c03,933,176,484,331,1512,77
a910ffec52a740c5ae4b818c999ba6cf,945,175,472,331,1512,77
9ac3b635ac324a03ac775d91fcacee51,667,447,505,490,1512,70
0b1c39a708a746cb9b8bd7be09ce18b8,428,193,846,673,876,37
07837f9dc8b34694b7d1995a942f539b,428,191,851,673,876,37
e5b8b3f65491414c8ec8285d76f83acb,1361,47,453,407,876,50
fda65f4b467547d59a946902db05e2ff,1360,46,455,408,876,50
04248b088f9646d99072b995263763d8,420,188,848,675,876,37
3b05b7b951f949b9b931a2ea34aa4cf7,1361,47,452,407,876,50
bd7ceb3f7e1241d18d395d83bdeb5357,1008,396,566,453,1366,90
8c4b9843929b454ea717482a0adea062,1013,285,566,458,1366,90
90181710939b463596f7034f9fa3a034,1063,77,856,876,1366,89
76c0501fff4b4025ac345013cc293e43,1062,79,857,880,1366,89
f384129633da46b6b1c0b26d2aa19fac,1006,292,568,454,1366,90
fe12eda01fca4a04be07f65f4078697b,492,61,523,621,1426,79
794fd63569e042799336b8cb3870faf2,496,58,517,621,1426,79
e41d2c9d21594adf95bf12ee920d4a97,766,251,655,553,1426,50
61d260752f724f50b8ac73645d821c3a,494,58,519,622,1426,79
0045292e8bc64765a3bc08fea8d1f484,763,250,656,563,1426,50
17154984a5c24a23a0f570a8a452624c,766,249,654,555,1426,50
2941a07c1b7342dab73b86daf7ad871e,93,109,427,277,1183,61
920227d8d0b74048ab550134dfa00e69,801,331,550,444,1183,91
ff2d0b08cf754b779174526d005c9b26,791,336,558,444,1183,91
34585d9d2264499d87f55d14714c50a5,0,280,1167,588,1183,54
114af2a0ee4342e28216f009fc78e9f4,1,283,1180,591,1183,54
bdd3a7a85083497c896986c24551584b,94,108,425,278,1183,61
248667deaa1a4a4f84b26f2165ea193d,803,337,545,442,1183,91
6841f7f5241940cfaf8f8f801d4e2b5c,94,110,425,277,1183,61
3df7570e8f03446a9586fd3f970a1deb,1247,316,573,460,1254,89
8d848013011c4247af30a6ba6212ffd9,1244,314,576,462,1254,89
398a9c7b0b7f4ca5801e72e313b0e558,153,470,504,438,1254,90
2dbad9680beb4541aef4e42e4a4f0ac0,1246,315,570,462,1254,89
b612c5d6c3294d20809dcf73cf1e7a4d,151,471,504,438,1254,90
244b33516694422a878d2e7c5a988abc,152,470,504,437,1254,90
23c5eaa4779a465695bbc99e8bcad454,1062,82,752,504,1495,24
6eb2317535214f15b8b6a6b76db681d7,306,211,403,466,1495,5
278d619cae2842e09a862df8d9327ffc,1062,83,751,504,1495,24
322bb48c1a3a491798b11b96f1534300,313,213,402,455,1495,5
15a74b07869e440b89fdd7197381333e,313,214,398,461,1495,5
f25b596722ac4f72942d5db8d004ef1d,1062,83,751,504,1495,24
9c0094f068dc48e29965fb91b188cfc2,598,324,550,481,873,53
6ef381caecc64539b58a5aefe7ed8203,1,262,611,363,873,94
d8a8167dc4334fd087cadf0e47d14de1,1,259,611,365,873,94
52ad4d8f9f9e4d05a33dfc42be9b59c9,581,319,570,488,873,53
dba00a30fc3a4143bca9e3c4f3189785,1,260,612,365,873,94
57d14849b180416c9e38213049b17530,600,319,549,483,873,53
7cf5f92b12e748559d58b877c675d5b4,467,166,713,731,1143,48
1c315996f08640f29f7a42976bed130c,467,169,710,730,1143,48
0286f85475e34407b7d025cd16a68100,718,245,664,660,1143,67
5e53e4d8f4af43e58a5efca3aa25977f,469,171,690,729,1143,48
cc722089ba4a40edb13eeeebfdbf2001,719,229,662,678,1143,67
4e5e3b5ed5be4ec49817546fcac1e91a,198,684,739,394,1511,91
80b810db89234ff0994c9fa0b7d5808c,199,687,739,392,1511,91
92df5497dc51440e956ae9ec94447a44,1145,239,644,408,1511,54
539d6b39c6f04384a3f093151a2ce000,197,681,741,398,1511,91
bed6fa25773e4ce7954e9458e63a9c0e,774,318,782,608,525,33
03ea417e96f244b48b0338ac664e9327,777,308,776,627,525,33
f47ae2b9eeb84f8794f375cd993352fd,747,116,582,683,525,26
fd533b4d2a824d99915e2405b7659939,777,311,774,623,525,33
593640b0287a45849b7cd9396da0ef86,455,462,490,428,525,19
686a4c081d414dee9905400ae4cf3a95,1020,380,466,366,671,89
5a4fe9d789f04260ab666c72ff0297af,197,332,867,569,671,90
b8437837769b4fbf93b4fb6114e85df0,1018,367,468,375,671,89
f33e7efaa4204226bf083c0f47cc36fb,198,331,865,568,671,90
654de7ff283c4c1e85b43b64367df1e3,1019,366,466,372,671,89
8e65ebea2b854191a610abb67eb4a181,197,328,866,570,671,90
7c18b55bc39a47a2b2eb6e21652bf64a,707,479,1003,581,871,7
58df9dd188274d52909b77d0a4e4e680,707,480,1002,581,871,7
1edbe48e76014868b688e036a59dc705,706,480,1004,581,871,7
e549f51dd47d4449bd956b9dd6efb970,1318,110,601,423,871,92
48b4735ec06a4fc4b81dc1da28057e1c,1315,108,604,424,871,92
2fffad955b064976bf83500bbd399e03,442,505,765,575,871,1
961b3d3d27734a3fb31f25964b951b79,1318,114,601,416,871,92
a322b5621b5546518192ab48185b172e,442,505,810,575,871,1
ee14002685f445a7801cdbfd847bb0c5,493,476,840,430,1356,94
7f14a57f07b546c4a4a6cd5dc687eb2e,609,206,675,516,1356,71
7cd6cc3770df4edc827457f29b9072f5,614,3,829,704,1356,94
88b9875d15dd4152a2531e18b507ffd7,609,206,675,515,1356,71
d057f0bda4a347a199c24138ff80b54c,610,208,678,523,1356,71
cfb020f205704e25b6e6b1b81d67ab31,491,475,850,428,1356,94
a5ce3c64b9e04fcd87ec3138113c8f9d,399,369,769,429,1450,91
d6374774483c4643ab91c511e071af8e,791,396,826,464,1450,81
f394bb5015f24ba49491af2bbe3fb8c7,397,373,769,428,1450,91
c5e7298a4bad42e1815a388125292807,838,404,816,456,1450,81
cff394640aa6484d8d800676d93c883f,794,408,817,465,1450,81
ca2aa6bd65f64831b9b4f8a3301e5364,400,367,768,432,1450,91
58793f985a2940289be4a1896e99fc4d,519,609,413,470,1202,17
3140d080c36c44ac89cc5e49ba8d3391,516,606,415,474,1202,17
91fd481a8258460eb5ca3b1eb2b9c9ca,593,389,615,440,1202,77
15a296ad3bdb4c4e936eeee0f5ea0f6e,592,391,618,440,1202,77
ea353f1a795040b1915ee6ed9b574630,592,389,616,441,1202,77
ea2d5078de914b6eb7bcf4ef667e633a,576,263,886,556,1398,32
610eda80939e46aa88f1e872b1ee6272,418,167,454,361,1398,69
1671a1c9a4b1406fbbecc3a2028d9c13,576,264,886,555,1398,32
ade79d6d019548adb0d9b1795ea81ecf,650,236,586,445,1398,90
95c6a0d5a79a4bf8ba48fcc9e89c5588,1058,488,439,363,1398,95
18c956e7cf474417bb0b1fb2be076bc9,763,387,604,520,360,63
1e07aa6a472e4db383caba260ed02294,698,244,454,423,360,63
b9441b2464d049769b746d9d6f0b6112,1477,292,442,416,360,87
6829411e89c649729fb8ec3a353e73e0,1421,295,497,412,360,87
022e29642cbf4494bf5ae5bef74ffbdf,1478,297,441,412,360,87
686f0c80dcc248b0adfb495c5265e593,738,427,654,530,360,63
c784f23aa7dc4eada81e1173c9aec281,615,354,559,557,128,79
c63887065631424c83a41c704b1f2037,818,0,460,403,128,70
e207286a97ae4d5aa8fd2b3f239c1b52,488,386,951,669,128,68
b455e18376a74a1cbdda2063d3473d29,269,333,655,549,128,79
ddc45b93627142a68d287e207d0c4954,501,399,951,658,128,68
d7103a140a8c43d0a24af987f5290ea1,817,0,465,404,128,70
149b3f296d8b452eaa8554087ca18e78,614,334,559,573,128,79
dbd9cd0d56814b379ee4dfa211e22217,509,370,950,683,128,68
d5d3fa9fbb0248ec9d4dea0029b16d5c,183,462,1030,544,438,67
f5bb764d8522417592b174d1abe89833,282,203,961,834,438,56
a029f9788b9a410b8ee48d8e738ab3c0,183,463,1029,545,438,67
87dd84cebd594c47977cd511fd04af69,435,143,879,739,438,56
72039cdc9e224e95a644ff3b9d703a64,744,0,362,303,438,38
7d0a1bfcfaee46a4b47422056b94e526,745,0,356,305,438,38
860c2ace0f6b429f963a3bd022d2bd04,527,343,1127,643,438,67
cb9b732e023e47fe98fdb6b994db7c4c,749,0,356,305,438,38
c1df8730c7ad4a7f8e31182339aa73b9,707,305,593,515,958,83
35c062b9817d45458aeb43461966a2a0,647,310,588,499,958,83
a809c60dfe6b4d8b82522a2a938b350a,649,322,405,386,958,29
4cf2890f219348d1acffee54ef2386ff,791,296,561,493,958,83
e7f1118f839e4a9a8af3b4e02c89eabf,661,323,405,385,958,29
414c2feb46f249dcbaecf53cb605ea04,1190,283,386,323,1214,80
a5c156e835944f8aa3ec98c2c2fba089,528,533,532,505,1214,59
1061f35ae6b940028f5e239a4891e211,1191,294,387,319,1214,80
d9e5789c468c4ef3a082615ae8bfd98e,1187,292,387,328,1214,80
8ec6955371734cf3bf2c11b42c89d75d,532,363,536,497,1214,59
4fe9c86cae9249ca9a7f962e5800999c,279,175,872,625,394,68
6c884d418d0c47d88e4f1e65a17b6482,291,178,868,624,394,68
1c3865a6b00a4507b6fac0131a1a818f,743,293,555,572,394,84
068db09156d240c891ef296a7ec01a26,662,243,500,534,394,84
ec8cf2bdf8d6473aa7b9f33c0f7ef751,661,248,502,533,394,84
b5573b58b63a473f91b24e6a0f7e10eb,294,179,869,624,394,68
cd5199a7ce114c97b2aabab4c9ee9b65,985,543,861,468,298,51
a79eb9711fb94621825b9a89f95eb267,674,307,487,415,298,12
ccdab7d30c74459b840c0a54536673ca,682,304,487,420,298,12
eb9c46f869394f8e9401b34ce960454d,1029,544,871,490,298,51
782e20f6805d4e66a3ce4662e0221ee7,673,303,486,420,298,12
f1059cb491e64c82a554848047953b6b,654,396,657,478,356,89
60a0de1ee6d54401bc60cba4147cf897,593,475,599,437,356,90
a846ad8e944545dcab062edc7897036e,593,475,601,438,356,90
6362a50d1987496ab65626c6b14e8ca9,653,398,658,476,356,89
d867e3489f3b4d76b94f70e09477c0cb,558,397,753,476,356,89
b8096425e77c41438e4141c0d492d4d5,596,474,595,439,356,90
77391c97700a4cf2b7d38b5269d22c23,717,395,603,442,635,67
f91fa76d02e04f0d83de4a982b01eee0,782,454,868,453,635,15
555e89a029c74d3b8567f86354d62b3f,701,277,757,511,635,48
691621a51c924c52ad4f151cc19ad5ae,701,276,756,516,635,48
89447d831d134539af8bdd96752b25ef,917,471,853,460,635,15
2502fb1cbbbe4c7e84dced75cb6d807a,917,469,783,463,635,15
46ac50caa5d641df854e1a40202109ee,701,271,756,520,635,48
6d7fe0e889124da289749ced8d9ad980,712,395,608,440,635,67
d768344de1d64c518056c67075e0615a,770,111,669,569,907,31
80c92eba7afc4739b55d31c525613826,764,108,670,566,907,31
fd0c19f812bb405aa07e4e0e1edb6d1b,776,127,550,541,907,21
d79d4acc4ebd488f923524a0592469ac,675,245,613,643,907,21
31c0ae12d5eb4fa5b18fb2c25f8b7467,767,111,672,564,907,31
434f3d8d9aeb42d888d83ad261a6ed55,674,257,615,631,907,21
33f8365ca71847d28805603323ab3f23,563,363,912,500,1103,94
dac99cd2ba8244cf989030fe55eb72b6,645,381,805,481,1103,45
ee7269b3b2e340098308bc9d0cafe2a6,637,350,697,492,1103,54
a5b1d89f99604f969896d3ab7e28c0f7,637,350,688,488,1103,54
f835114afd3d4aa6b47e2bb8b84948a6,564,358,915,502,1103,94
879d33c370ef4ee784f6c0bb78f1c5e0,631,349,706,490,1103,54
ab0599fcd33647ddbdbca6d8788a95b4,645,292,806,485,1103,45
dc110c9086b946c1b5952adb5868f04c,230,314,846,456,1103,94
e6ac68c375a745dc8fe6e92837cde6ac,1290,318,629,490,1499,89
14da114b3a0a499bb2ece0ac010ec73e,152,488,548,423,1499,90
210551ab3d604fd6a1c0f9cf2aaf49df,1285,318,634,488,1499,89
2ea4cf3a8f694d1f813c3067e9cd193a,1291,320,628,492,1499,89
5186173b48364d628c2cd650e2b34ea8,155,487,548,426,1499,90
23971ab5fb574c0e965659448c74c5dc,152,490,548,420,1499,90
7e5cb0a6f94f4833afdf53642d43bc88,594,470,665,442,701,62
f157256a59b2441dbdd511b00a5b4c15,1231,393,558,451,701,89
e4baa9a9ae8a4a86b4641e0662c8b07e,1230,403,501,451,701,89
b1642b0674f14ac1a406cfdb44bef96e,665,302,632,563,701,71
fb39d9de39b34483835c0cc0e48d2af6,661,302,629,562,701,71
67414f01cf87451b98a4b0ca5064c4d6,663,303,632,563,701,71
b0288859dbf646ba8093b9d62d60322c,595,475,665,441,701,62
b0a3fd12ce454ce490af2e14e81f546a,619,303,494,556,664,89
7440652e3dd4496983607f5032403853,619,303,494,557,664,89
457d38ae2ebc4087817bd9968463d1ce,808,280,956,663,664,69
2181b70016594b72879adb409e82ce81,620,308,494,552,664,89
473f4ea09d174378b62309ba18fef083,811,273,955,661,664,69
cb9ecf32535441baaf4e00ca62f83cea,287,219,610,421,664,69
0bb7fa5153324d7e9bae92f258d939cd,0,36,523,431,469,86
fc8a8744c93b4dc2a727e1bddd4ebf7b,777,569,598,510,469,86
2c48bca85bf94434996d9b5642658f37,783,571,593,508,469,86
4fc1a66fd2764eba997b6cbf375bfb5b,1059,0,436,246,469,56
126936099cc04194917690c1c228233e,1059,0,437,243,469,56
cc4a1e72cc714d599d142005493a6831,1059,0,439,244,469,56
08af06ca4d244c2b8692ee1d60edbf46,513,243,804,710,843,24
e85372df6bf64e6581307078b1b575ba,515,240,802,711,843,24
0b654d1eba14459885ad2ef24a95097d,523,394,733,509,843,12
d0923547679649c1ba495a3bd2507697,503,400,753,512,843,12
869d770f13e542c797c3c1795268dac9,354,146,247,370,843,51
b608e839eea14e46b53b589e9d5348c4,375,79,244,369,843,51
220ae676ead04db29ec5402b885f31bb,501,394,754,509,843,12
0d4977c0ee5a4646bd8e12816e56905e,393,82,243,367,843,51
0696535ad8404c7a986d871b64b639ee,538,150,704,594,1153,56
005636c133814ca4bad235e331ff7f05,475,457,667,473,1153,12
d617a60b37a548b59057e1d8fbe33d57,601,97,659,554,1153,56
76f9933cbae4484e8383350337e53b2c,421,451,767,471,1153,12
330e0c33e0dd403cb4272d516ac65323,472,456,671,477,1153,12
6031b46d3aae444cb13d7039b64233d1,542,330,560,476,1153,71
04f91a2c4b9c4c31a4e71f61c9e3d7ad,758,123,436,435,1387,86
c94b88fc06ce4f6a9f9f99727b80eb7d,757,126,436,433,1387,86
2136a1cf250949ccb442fe5f3d494321,321,373,862,466,1387,81
207b3f59bd1a453eb47de9aca8af8083,317,378,851,372,1387,81
fefec3f133134cd18687e68b8312bcec,320,373,860,464,1387,81
c99481d5c73e4319b75f01a9e3176e31,757,126,437,432,1387,86
38a87ced888646a7b925bc27d82c739a,1167,3,626,448,18,73
1ccdcd47cfb246179a1d1a9038b965fe,123,170,883,668,18,5
455884e0908541378086ca37a521e869,865,204,482,368,18,73
c4666ba503314f41b032b77e5cd2e53c,859,213,484,367,18,73
2a85479737b1400bb08b093be55d8523,123,164,882,672,18,5
b495251997df4d349e949fd617ab66b7,122,163,884,677,18,5
e08cb193621e400281706d2cbcdb13cf,449,232,653,539,619,77
7f3e8b2b1f404134a3d2eeae5e6411e9,804,111,396,407,619,68
e252cafcd7b04ab1a54c22e7e3c50f29,801,111,397,404,619,68
01f67f846f3c4c0bb572f1a9f547b8b9,449,247,653,524,619,77
ca8ae59a464b4c7c9880e9c61e68d07a,449,251,654,520,619,77
9f1cb06617ed4d39b94717bdeebc1f21,806,111,399,407,619,68
e936a8b6b51c461aa08415c6d4e55156,14,444,840,359,898,25
b33deaf47bd14f87b117d9b46ce80dac,15,446,838,357,898,25
2f04d10dc8904ebcb333f05ea1e6e8b1,908,340,743,424,898,12
c6c811ae7df54e3e834ab43f4ff70989,130,472,881,364,898,25
536ffdd4f462434281f747b5cb724a02,800,73,604,504,898,12
74ef3e980b2f420daeeba840d92d2603,801,74,603,504,898,12
84a0aa549452410484f0a079400c70a7,1203,376,617,427,752,89
d856fd77e6ee49f6b4d78748aeed2515,147,526,492,402,752,90
5283e4ec2d5544b187ce77cfbdb0fe33,1283,378,539,425,752,89
fcc0d534cb4b46baa8ca6d731b511a32,151,474,487,399,752,90
d8c6d4777d7c4c6e91b945ce2ffab9cb,152,470,486,404,752,90
5356890c5a2947cf8466b70b6381c2fe,1281,384,540,418,752,89
e675c9476ee64c819e79a1b9ced4086a,890,368,406,416,577,87
b0e0405759af404c872c6e914e03d227,816,369,406,417,577,87
b5f90c712d924d1880a353da2a944e4c,842,572,929,464,577,7
3c5ad02d5125455c8904ce34128ebe1f,844,366,408,418,577,87
edc0b24a3276451da4cda4d3aac033e0,783,344,549,461,195,86
ebbaa825994f4cd789f4a03977afe321,785,345,548,458,195,86
78c1942839da41378caa7308f014aae5,712,207,360,270,195,63
18ffcda7895247f688ad16791072c368,784,344,548,461,195,86
df1154b01ae54b18a61d1dd1a745adc0,767,155,711,578,1245,92
1c129ac43872493ebea9df957c378745,577,345,738,582,1245,92
e7a0e4151edc436b8a0821349a650d6b,576,343,739,582,1245,92
d13cd97c2c2a4c4497bcc2e6c75536ef,765,225,473,437,1245,63
9a14aea7b9b448ad9a7390fa441eaabb,831,427,513,406,1245,63
55be70ae9f3f480c86710678e2a5b014,834,428,510,424,1245,63
83b323966d394809bd48890f6f2291e0,253,460,741,448,754,59
5fa558fc11624ab4a1db5c02136072c2,936,132,641,410,754,82
85cf32982bbe4c0fa9ea9272ba26e1fd,611,337,818,538,754,20
9ccfc5c4cf874775b4feb7816f93f4b4,935,135,641,409,754,82
322aa8641c9e4cedb098ede6f4ae1589,612,333,818,542,754,20
fc202621649c44619e22dc6f2f969e68,935,132,641,410,754,82
cb6d294848704b9c94a45bef8f7fc77c,766,0,349,371,532,36
b8c315a704f24d1d85e4fdab7c293984,990,158,640,505,532,88
b3efaf52993b48fe8d7c42bdbcad8924,772,0,363,374,532,36
193f30917ef8411290b752fcef0e058c,315,260,1010,747,532,57
bd13ee1298104e5595dafaa6936f55bf,643,161,964,633,532,88
b63e9ce4bfab46e3932d234ecc894e29,88,275,1187,750,532,57
80123243e2334e36af495207a2caef36,97,275,1173,749,532,57
60bf78bb42814826b439714ad1db2636,772,0,361,375,532,36
ed95a63ec73743ae9fa46cdb473d7024,742,444,411,386,740,90
fef2f8612f684ee9be8ee79b71600af8,691,479,567,400,740,89
150a2e6040a74e588c421b1442647a3e,693,478,566,402,740,89
895132756f2c4c6b8ce8d4932091b737,744,445,411,382,740,90
b38c75c03f9c4228a10bbf598473aea3,728,384,433,383,740,90
dc494a31a059435a9caa7a289531419b,691,478,567,400,740,89
344f68d8398f4b3480498a9b2e605d7b,630,268,600,534,1164,91
48332884b1a64bb3a5237ae525320ce0,633,289,597,526,1164,91
f8a63bf46d17461eb376497e4b994a07,703,369,896,504,1164,81
f005dc7a36b84f158e02b2c753320c21,631,280,599,528,1164,91
e03a5bbfb74a47d99c0c3b7160effb4a,701,375,899,499,1164,81
2e7bbabc527641ac975082bd7196041c,702,379,898,493,1164,81
c15871d1310247beb381b28f1f8b614f,643,484,665,585,148,21
84179c9f4b5d478fb0ffe4f5efd55ae3,643,462,666,598,148,21
d95c43304bbf44809e55907c2de67687,459,295,916,645,148,24
cb7822cc7a714e2d93ec38efd519fcec,460,286,912,650,148,24
db0928cae14646e093c03b596bd12110,833,142,472,386,148,21
c8788f6368584685bbfd4a801e3aa586,460,293,915,649,148,24
4ed3c7e8ce9849c98b6f9568b9104ceb,1163,416,596,306,1287,10
d0766639630e4a30b68043b8427dac01,400,232,385,290,1287,69
e4bc4e02c31948ec94b1f48206277acb,401,248,385,275,1287,69
b92f268bbdd244ea98a4fe99b3edca3a,401,244,384,279,1287,69
66c9948328414e5ebacda237c0358399,1212,399,597,299,1287,10
464bbc8f264f42a1a236daa942d74afc,270,536,818,340,69,90
a8a984b4a356492e8a2bccbb992269cd,1037,347,809,411,69,43
e75d93d10da74da290dd3644c7344d39,0,578,693,359,69,90
c2be9163285b456ea354b769d6cc234f,1037,348,809,409,69,43
e82c5f5f9b6a4785b88e1b4b613c9e5c,273,535,818,342,69,90
969b0f68dda048aca50e5c0952fa45d3,1455,402,464,416,69,43
eb9598e6d5894b95b221b24685544769,1041,520,752,400,1379,51
7ff4bd5efc584ec199f3e7200681bed3,1042,520,755,397,1379,51
d7a1ae2301e7494697f8ee743634088b,538,318,661,576,1379,12
ac1b0917499b44768b871fe1e0c42dc7,538,318,661,577,1379,12
35506ff6fc434f6c9af0cb295409f39f,1037,520,752,401,1379,51
72a5995aaea74be59eb2fcad253901ae,538,318,661,577,1379,12
fa7ab7f62ca84dd38d417ba413a175fc,408,287,747,515,1422,82
fa1e68a72abf44849cd9ec5327888853,407,272,748,529,1422,82
91dbbc0a3f4344499fab2abd287d4617,969,334,655,382,1422,85
514a3668dc684f63b7d6817d2f1306b4,408,278,747,524,1422,82
41eaba4999d34e4f82936440ce29c1e3,968,333,657,384,1422,85
22f560e70e46451bbe9b2457271168ef,0,529,1203,551,1422,85
d48b08b9c01445e1a58c7a8bde4c75d2,583,514,964,565,709,19
ac13fc7b0309434caf97a991e50b3eab,1381,6,538,454,709,6
b321e717c51646fbb2d41288be1dc21c,1384,6,535,502,709,6
ab6c9ce6c1704aff935964882431070a,571,508,975,572,709,19
8f81ff50dcf844ad9adf095791e7d5ab,1384,5,535,503,709,6
6deeed3427f54d84a9eb2aeb8af19e9f,1191,721,727,359,709,19
207361a2c1f84da6bb707498d3cc93f7,1108,146,719,507,1173,6
7c2ed264812846dca0747b82f99ad537,603,440,862,464,1173,19
310bac30bd20405da085ef7426f058fc,1109,140,716,510,1173,6
d1a11296276d4214a97816993e23d866,1108,144,719,508,1173,6
39cc7d0e8e8e43c7bc13ed14f665fe2d,544,439,921,435,1173,19
882e22540c6c4251a6bb5be24727191a,728,114,523,422,1314,63
373f310d63714b02b9fd6e31631aab31,497,398,594,449,1314,40
2e7d03b601984ed89a3775edcd4cc947,329,419,664,480,1314,19
b3df316cbdc240e5bf6d7f6b260ea7ad,328,414,665,484,1314,19
64814e639164477383ef8305dd42bdfc,630,257,636,540,1314,37
e1cfa626066c41aea0e146d81e6732d4,529,386,558,442,1314,40
e21281547fea45478d7f7d17421e34e0,1311,146,607,400,497,37
be779019f7e74fca9ba8b7ce56fda804,240,202,1124,622,497,74
684c3bdf95924e07b39843716582c033,697,272,656,504,497,83
f3cf59fe5eb941698bb8ca9d41286c2d,747,0,423,422,497,86
41448cd6b7be46bda6ee8f7dbf2c77a7,16,124,854,498,497,27
7af50845b62942b7816aa6c3ad6fd5cf,706,278,614,500,497,83
8ae1d3af577a4dd3a382097481128fe5,608,373,967,519,497,81
79ad4053706f4092b0791564d7858927,240,203,1125,626,497,74
46beed64d2cb42c5ab8d8280dc2588d3,441,295,787,680,1286,56
f8baa774a4d04538a3368071943e7022,437,297,788,692,1286,56
ca3edb4950404ecc99b7dd47f80d838a,607,343,586,528,1286,71
e438b5b0c23a4d19b8a19186a5069aa5,609,383,587,527,1286,71
a75ae45b5a6b482990266f646c996ed2,610,341,584,533,1286,71
b868e5a743eb4f168fc18dc6dafdeed7,440,310,785,691,1286,56
b4d53e4f5492400e9f07c95ec5650e2b,673,414,836,416,323,46
f1c1c7044a9b4e119160b299cda947f0,386,330,844,613,323,80
3372d41e018442d49d3275690a2fc32e,307,359,923,634,323,80
62440ea278c44701a2648b1e5dce18e9,307,359,926,634,323,80
4765aa01438240308dbf40add42ae5d5,672,417,836,413,323,46
8e85a9e4917d454abe998101d318a06e,673,415,835,415,323,46
412b7215e4884719b2331cdff153157e,689,347,611,552,131,86
6ad2ca15cd104910b3d4f087c0ef4c0f,275,297,420,346,131,69
58a8bdeb687a470fb02413e864c83de4,696,343,610,555,131,86
caf9c73677b64065bceb57851aa89092,693,342,606,559,131,86
3cd623a5ca4243d38352c2fc3c13cd9f,276,302,416,346,131,69
aa632dc42d5d4287b01a87d3003b713a,227,346,664,432,769,6
0bc310e1a5dc436880cd7d1f66f6c767,854,73,774,779,769,33
898fdc1792a54c92be201adfbd5cfd18,859,76,706,773,769,33
863e67f629064f95aae75062cb63cdc6,226,346,664,433,769,6
d13b1ac39a3f423185520af5dfff6683,857,72,772,779,769,33
71fcf69352414f28b1319d97e4adbcde,230,347,662,432,769,6
66ddc1b5ce1549f59831279e04218924,222,295,610,359,1155,19
b4a2f796e5544551bef06ad196e87172,1362,153,556,483,1155,6
93431c3f494f45e4ae107401cd3182a1,224,295,608,359,1155,19
b437ba41530a4b78b99c2a982bf6b8a2,220,298,610,361,1155,19
2696eddc2c5640e89c14aca0fddca7b2,865,236,801,528,1155,6
a00d7200d50f45d7a12e6e78943aa35b,669,65,327,286,636,63
1473ac5723014f0bbdbc7388c8b34efd,598,475,560,416,636,33
58e15a99e24c45789358cab30308e03c,1,139,1139,651,636,74
dd0a90fd39914e769569bca5f8153acc,415,171,574,444,636,83
bbb5673aaf8942f0aa704b303e6f2ccc,893,0,437,411,636,36
f84fbd7d2a48471aa59dc1c7c6403696,151,384,852,435,636,25
7d7a5255bd194231827ad23ab50813e5,1471,132,448,359,636,37
6deade69c5044029bda22a19e6ebac7f,214,289,880,673,636,20
0da9d9f3ccf244159faaf2ab74e9ee8e,727,425,449,427,91,90
c912c797000a414f9dee4d4d1b1a7670,680,422,493,452,91,89
7ac7d8294e01478c9df97058efb3156c,702,410,494,451,91,89
e34c544a0f494902bec33f69e1621bad,679,423,493,451,91,89
754915af6eef4418a310473d90d9ae6f,726,427,451,424,91,90
517f68f65f7642dcb9cc48ffdbc501fb,762,325,731,654,1092,90
445f92bfebbc4f448c3dc25ce8fb067b,0,105,568,524,1092,43
972ec3e7c64b43ea9dedaf6e4d4a1e9a,1,117,561,513,1092,43
6fc4448428ff4f9fb4a057ef93e0042b,0,110,569,520,1092,43
eed198779a8043fabff0489eb2f1c6f7,80,176,995,595,396,20
f4bd187ccd304629a1fb7bb77e6cba66,81,179,997,593,396,20
f109ab68d1c34670b14ea7f159918d16,81,176,994,596,396,20
2c6181c68d844d699472fae702944d38,106,150,1117,617,396,43
3e2649d7a3d74713bc5cbd789847e8ec,108,134,1110,641,396,43
994fb9f61bbb48eeb199e361d1a1edfe,107,135,1114,639,396,43
eaaad23580844e018a05e8d753622430,556,318,835,623,1241,50
f776752569374a82b5b74f9dbf3e6709,557,319,835,623,1241,50
c6fdbb04ecd94be89802bd8880d71143,662,306,598,368,1241,29
67a83a79478d4880854f98e64b6279d9,557,319,834,621,1241,50
2925ad406b6341eeb04a41d17365ca35,755,492,949,500,1034,19
1c7dc43548a34525adf4f1dfdce49832,1132,95,781,506,1034,6
c259f3379c2046afb0e957b87cc07cf3,754,476,951,517,1034,19
ddcb99a6db3242d79ca9b8a563da137e,1133,81,781,521,1034,6
b3efce3d6f634e2fba3fdf7851b9836e,755,492,950,500,1034,19
d3a420a4f78f41469e7bd546973185a6,1132,50,783,552,1034,6
d6c2e9497be74456a78b0bd5f3c4d992,207,1,678,652,351,22
380b0687e9f047639201be5f553d2b77,207,10,676,657,351,22
b1f99b71b4584baa99d67355e106dfe1,458,282,719,633,351,38
d8e6e4d38ebd4cf7963445fa9495ee5e,205,8,680,650,351,22
a801d84e1fce405b94a65f69c035b985,531,220,759,678,351,92
27fc5164ffd24e009621fe5b9e2f9b6c,450,283,726,632,351,38
fb14ee8c936d4efabc38b7cb3d764321,516,219,776,670,351,92
bd9385e9f887416abe25b80b5a71f94b,536,221,753,672,351,92
113b3a688e3c46f7b6913914c155ee05,29,344,534,465,1230,89
295bbc49e5d34ee7b9a402e809b80fe5,205,341,815,446,1230,43
df6c84aacb7a4ed8a183c6d0decc354d,1,406,1176,496,1230,43
577af17411244daab773d62dafbbe902,28,345,537,465,1230,89
6224bf7de30c48adb485849589fa4d57,312,407,852,529,1230,90
31868bc538f84554bc57a304cf8a72a6,1,402,1211,497,1230,43
023151cc58894c64a9030a2d4ade6b36,820,297,857,489,1230,90
0229c22568454a6da9631c2e550cf912,30,346,538,463,1230,89
29f613bcacc84ab59f42e2f906a8ef56,1211,260,493,358,101,85
0ac6ed881ff7408ea27f789032273c16,521,392,786,589,101,82
e2f2d3d0380741bba24bc1d4c69a9f3c,523,390,784,590,101,82
96728251d8cc47c58327a04d44a272f0,1223,264,482,354,101,85
ffa4b07ecb444d6c84de24e73b6be211,524,390,782,588,101,82
9a24fd234a1e426a8279e46af9b3a099,1210,258,493,359,101,85
ca7acb9f99ee4e579231200524a68533,1239,400,616,489,761,89
9276047f6c2e4820a3786fcb0bcf2249,1237,405,620,483,761,89
b4fdd08103ce4a4194130a5d39a23e17,670,228,940,542,761,43
5521cfda8bba4b15946327e09e389309,1240,398,617,492,761,89
5407f314ff1d4f79b06b99059401b56b,448,260,625,561,1207,93
937a20574dee4886863b609e380170c6,788,296,755,656,1207,85
09ec36d194454153a46b4099325d7bb5,247,192,527,459,1207,20
4833e13768b440399ff46d3a1bf642b7,581,150,597,550,1207,71
ab0e80af046a4508a439a6de8d570472,1095,251,574,382,1207,82
d7a7cc9e9470452493d52fb6ab802e15,1176,234,624,351,1207,82
b63eb7b0f1504b4d91700edad0da26f5,591,330,494,495,1207,84
bed0f6397df7404380b86335631ba33e,699,128,825,671,1207,85
8dc8a74d08ca4a04b0f6c1933b73c385,625,266,513,624,1423,84
e496c6d3a27d49cfa02ad7a97711b9db,534,587,685,492,1423,71
020da7f277544ae190486bf3c672573b,533,587,685,492,1423,71
66317b5c5be9486c8e153e7d9dbfc593,630,414,558,581,1423,84
36c01c100ab84ae58220abe10595c344,654,473,555,520,1423,84
32ab52157a4f4a2cb6138b7b5df42e60,533,587,686,492,1423,71
52225d8a824d4687b595248927644521,570,365,746,715,1444,21
efaf3a669d7543baaa6ff40f3bc86710,1059,311,583,589,1444,86
cb2cdb77d2444ce88d1be2d872f6841b,1059,311,584,595,1444,86
7c1acdde921545d5837fa430f05e0c51,565,365,745,715,1444,21
dc4cebb4bbe147e18f85dc02e1799d8d,542,368,813,712,1444,21
5657582c76a74449aca0a3b493cc1e5b,1021,351,663,625,1444,86
307a2d9e6eeb4ada8eacff663c8bfd22,46,427,533,455,452,89
8f531ff8c8ea4805a085b21bca63d41f,1153,405,693,412,452,89
8325a2f262ea4491ba2e0e4f487ded34,51,418,529,434,452,89
064fd322440e467abedd753861004ecb,173,352,771,398,452,90
d84cf539447e4dff9bfd773936e46d82,1293,355,478,435,452,90
1d393e143ffa46edbad8da86d6842af7,632,338,1286,612,251,59
d60172172b174d01bf98796fac6fbafb,632,337,1287,614,251,59
bc5093c6c5544552ab9f19d483e7d4aa,368,270,726,629,251,90
c735c2341ef046ea8f6a6f2cc25b4e4d,369,265,724,634,251,90
0a99a8763e2d4deb9b819dc2f991be26,368,260,726,638,251,90
6a510e408be54fbb8e3eddb41acee418,649,342,1269,599,251,59
39925d0366ad4279b6d347802317e09a,180,509,1176,570,2,85
b776aa0b88d447619d0a43869a7803b0,180,510,1174,569,2,85
4cca5fee572d46c297d57a412930d44e,211,446,1027,543,2,82
0f55979dbe4f49b882786e4fdf2103f1,183,501,1173,579,2,85
008594dbabb74c5dad71d0bf918aa61c,252,441,1024,533,2,82
efb940e5558c48a9acf02f97e5c1ced1,212,445,1025,494,2,82
b203419da40b491ea8a96d43e4e206b1,1517,46,402,424,291,57
b3c3ce4ca5df498fb0c806a784b46d8f,994,373,799,556,291,57
bfb14882e5e9437c96f78b63b14f2efd,996,374,797,554,291,57
8cfc9642a32a44c1a7bf47625b5a7123,0,687,730,393,291,15
ebc61517306d4015871fb06b657428b7,0,690,623,390,291,15
0302c6a8f9be4800ae3c6fcdb85c02bb,1,686,731,394,291,15
bc09bcd1e9994b49afa6edd36f2c0fee,653,110,1159,837,367,6
9c8e0e94ed594808823c26728af1cd53,151,0,940,667,367,6
80f4289a890f4901afe2e4a213fdc233,386,223,957,687,367,33
161b6ae7eb75475f977338b6e967fd72,653,100,1158,847,367,6
d95acc89d9dc42baa81dfe7da7668597,363,232,962,696,367,33
0d5f3d41fcac417c8da7afeccb0ce345,363,234,960,697,367,33
d35fb13d26f64073a9f687490fa707de,113,215,792,479,1496,1
501d491d76e84f42b5ef8e2f1b915b34,111,220,793,476,1496,1
024d0065341848ba8ee0b7a17851284d,609,439,749,492,1496,62
8921db6c4e104fc5b5180413255294ac,608,440,749,493,1496,62
89f8a33921fe4582939824f9d54eb511,107,213,797,481,1496,1
7ca6de2d2c7b4fdd9ca9462dc157bedb,610,440,747,486,1496,62
62fd639860f646b2999613088501594a,406,316,613,392,1283,89
8a27c113897f4adeba50a630b14eb30e,1012,277,591,597,1283,89
66ad79d5920b46739f55a86005790ef0,487,316,531,383,1283,89
f8100578c7344b06acd040ae4ea6543a,566,308,701,586,1283,90
3283742a3ae54cd1b89747257d04d3b9,730,187,934,619,1283,90
9bead006277e4aaaa62fbfe96cd86dca,260,224,687,594,1283,90
798c5e832b864935a836a3fb7fdc46db,327,382,572,354,533,89
1ad79d25f835438f9cdd5ab5de82f64d,329,380,569,353,533,89
575aa25befca41bbbeeb4c62d7b4f15b,331,382,568,355,533,89
940e944c6efd446faefe117a099598ef,511,282,786,503,533,90
4615c3426f694ade8c1321e66d01b306,514,282,787,502,533,90
0232cb20fa524600b2e117567784b842,514,282,787,501,533,90
afd7987348a34ad4a3a7f97d45152fb9,643,223,559,332,1186,36
0316f35ddc264a54a3602f9d0584bd05,811,294,337,304,1186,42
9d3119adb21641028999061d6319d94f,811,293,338,303,1186,42
1aeedb0230cc41d99085967677aea77d,744,310,423,319,1186,36
75daffd492b1442eaefa36dffd88c092,744,307,431,326,1186,36
0abc195159704d58a0ab41c3b0b4ddab,811,290,335,298,1186,42
3d64b88041c24290a95050c737999e4d,1016,33,708,520,330,73
33c775ad393847f180aa715ac2d4c970,631,201,822,626,330,48
56b0fd4da91545038e7228e5fe3706f0,630,201,823,624,330,48
24ab438a002044ceaf3ab0cfafb811e9,1014,35,713,516,330,73
f15c0a764e054d5ebf103925ce5f13ec,1016,33,707,518,330,73
7a413b96c3f8422599285726559802f8,631,202,822,622,330,48
